episode_id,dominant_trigger,start_signal_date,production_end_signal_date,release_date,duration_rows,rows_released_early,release_hy_oas,release_vix,release_spy,release_baseline_exposure,release_full_exposure,hy_max_rewiden_5,hy_max_rewiden_10,hy_max_rewiden_20,vix_max_respike_5,vix_max_respike_10,vix_max_respike_20,spy_return_5,spy_return_10,spy_return_20,spy_min_return_5,spy_min_return_10,spy_min_return_20,timing_warning,severe_timing_warning,full_incremental_return,full_incremental_mdd,half_incremental_return,half_incremental_mdd,quarter_incremental_return,quarter_incremental_mdd,diagnosis,RISK_BUDGET,VIX_TODAY,VIX_PCT_CHANGE,VIX_Z,HY_OAS,HY_OAS_PCT_CHANGE,HY_OAS_STATUS,SP500_POS_Z,POS_SLOPE,DEALER_GAMMA_BIAS,CTA_MOMENTUM_SCORE,NET_LIQ,NET_LIQ_DIR,NET_LIQ_LEVEL_BUCKET,MACRO_NARRATIVE,MARKET_REGIME,STRUCT_V2_STATE,GAMMA_STATE,POLICY_BIAS_LINE,INSTITUTIONAL_FLOW_STATE,INSTITUTIONAL_FLOW_SCORE,PREV_FLOW_STATE,PREV_FLOW_SCORE,LEADERSHIP_BREADTH_SCORE,CROSS_ASSET_US10Y_Z,CROSS_ASSET_DXY_Z,CROSS_ASSET_WTI_Z,POS_SLOPE_SOURCE,CROSS_ASSET_HISTORY_SOURCE,NET_LIQ_LEVEL_SOURCE,signal_date,execution_date,snapshot_found
1,HY_OAS_GE_6,2008-01-02,2010-01-08,2008-01-10,510,504,6.63,23.45,100.63702392578124,0.0,20.0,0.3600000000000003,0.8500000000000005,0.8500000000000005,5.010000000000002,7.560000000000002,7.560000000000002,-0.0556305747626963,-0.0583910811074713,-0.0581783554105104,-0.0556305747626963,-0.0748107605542571,-0.0748107605542571,True,False,-0.0192885258111558,-0.127123016083916,-0.0085307083514822,-0.0649124352739337,-0.0039827796322623,-0.0327915352384351,TIMING_RISK,20.0,23.45,-2.77777777777779,,6.63,-1.4858841010401247,MISSING,,0.0,1.0,0.0,,N/A,N/A,CREDIT_STRESS,HARD RISK-OFF,NEUTRAL,🔴 NEGATIVE GAMMA,"Policy Bias: MIXED (혼조) (WEAK, score=+0.5) | REAL_RATEΔ +0.120 / FCI value=0.475 (low-frequency) / DXYΔ -0.490 / US10YΔ +0.090",⚡ BUILDING,6.0,TRACE_BUILDING,6.0,2.0,,,,HISTORICAL_PIT_POSITIONING_SP500_POS_Z,HISTORICAL_PIT_MASTER_PANEL,HISTORICAL_PIT_HISTORY,2008-01-10,2008-01-11,True
2,HY_OAS_GE_6,2010-01-12,2010-03-18,2010-01-13,46,45,6.03,17.85,85.54121398925781,0.0,20.0,0.2099999999999999,0.4100000000000001,0.9500000000000002,4.419999999999998,9.459999999999996,9.459999999999996,-0.0254752517334462,-0.052783084068955,-0.056621808413763,-0.0254752517334462,-0.052783084068955,-0.07616478616147,True,False,0.0045338214442358,-0.0162572905564709,0.0022858408740269,-0.0081484755687615,0.00114763107941,-0.0040791938249061,SUCCESSFUL_RELEASE,20.0,17.85,-2.191780821917799,-0.35,6.03,-0.658978583196046,MISSING,1.573105611114947,-0.019239027640100548,1.0,1.0,2200458.0,FLAT,HIGH,CREDIT_STRESS,HARD RISK-OFF,NEUTRAL,🟡 POSITIVE-TRANSITION,"Policy Bias: MIXED (혼조) (WEAK, score=+0.5) | REAL_RATEΔ +0.080 / FCI value=-0.190 (low-frequency) / DXYΔ -0.100 / US10YΔ +0.060",⚡ BUILDING,5.0,NO CLEAR FLOW,-1.0,2.0,0.73,-0.53,-1.3,HISTORICAL_PIT_POSITIONING_SP500_POS_Z,HISTORICAL_PIT_MASTER_PANEL,HISTORICAL_PIT_HISTORY,2010-01-13,2010-01-14,True
3,HY_OAS_GE_6,2010-03-22,2010-03-23,2010-03-23,2,1,6.0,16.35,87.98424530029297,0.0,20.0,0.0,0.0,0.0,0.0,0.0,0.0,0.0,0.0,0.0,0.0,0.0,0.0,False,False,0.0,0.0,0.0,0.0,0.0,0.0,AMBIGUOUS_FAILURE,20.0,16.35,-3.082394783639597,-0.69,6.0,-0.33222591362125353,MISSING,1.6250294174276736,0.06225970223197719,1.0,1.0,2200458.0,FLAT,HIGH,CREDIT_STRESS,HARD RISK-OFF,GLOBAL FINANCIAL TIGHTENING (글로벌 긴축 구조),🟡 POSITIVE-TRANSITION,"Policy Bias: TIGHTENING (긴축) (STRONG, score=+2.5) | REAL_RATEΔ +0.010 / FCI value=-0.371 (low-frequency) / DXYΔ +0.250 / US10YΔ +0.020",⚡ BUILDING,5.0,EARLY_TRACE,5.0,5.0,0.69,0.72,0.45,HISTORICAL_PIT_POSITIONING_SP500_POS_Z,HISTORICAL_PIT_MASTER_PANEL,HISTORICAL_PIT_HISTORY,2010-03-23,2010-03-24,True
6,HY_OAS_GE_6,2010-05-04,2010-10-13,2010-05-10,114,110,6.25,28.84,87.04750061035156,0.0,20.0,0.1100000000000003,0.7699999999999996,1.0199999999999996,2.3999999999999986,16.95,16.95,-0.0190253026208884,-0.0727442681487078,-0.0821278602286342,-0.0195418024819689,-0.0742080496148381,-0.0918559024110631,True,False,0.0066389410326501,-0.0257716014403733,0.0034063960052954,-0.0129233886870212,0.0017248162450869,-0.0064710084868085,SUCCESSFUL_RELEASE,20.0,28.84,-29.572649572649578,-2.25,6.25,-3.4003091190108137,MISSING,1.124489090245944,0.16878232999090248,1.0,0.0,2200458.0,FLAT,HIGH,CREDIT_STRESS,HARD RISK-OFF,NEUTRAL,🔴 NEGATIVE GAMMA,"Policy Bias: MIXED (혼조) (WEAK, score=+0.5) | REAL_RATEΔ +0.030 / FCI value=-0.270 (low-frequency) / DXYΔ -0.290 / US10YΔ +0.120",⚡ BUILDING,6.0,EARLY_TRACE,2.0,6.0,2.08,-1.14,1.3,HISTORICAL_PIT_POSITIONING_SP500_POS_Z,HISTORICAL_PIT_MASTER_PANEL,HISTORICAL_PIT_HISTORY,2010-05-10,2010-05-11,True
7,HY_OAS_GE_6,2010-10-18,2010-10-21,2010-10-21,4,1,6.0,19.27,89.42115783691406,0.0,20.0,0.0,0.0,0.0,0.0,0.0,0.0,0.0,0.0,0.0,0.0,0.0,0.0,False,False,0.0,0.0,0.0,0.0,0.0,0.0,AMBIGUOUS_FAILURE,20.0,19.27,-2.62758969176351,-0.37,6.0,-0.9900990099009799,MISSING,1.7066876043017856,0.15426868485357104,1.0,1.0,2200458.0,FLAT,HIGH,CREDIT_STRESS,HARD RISK-OFF,GLOBAL FINANCIAL TIGHTENING (글로벌 긴축 구조),🟡 TRANSITION,"Policy Bias: TIGHTENING (긴축) (STRONG, score=+2.5) | REAL_RATEΔ +0.030 / FCI value=-0.397 (low-frequency) / DXYΔ +0.250 / US10YΔ +0.060",⚡ BUILDING,5.0,TRACE_BUILDING,5.0,-3.0,1.3,0.8,-1.02,HISTORICAL_PIT_POSITIONING_SP500_POS_Z,HISTORICAL_PIT_MASTER_PANEL,HISTORICAL_PIT_HISTORY,2010-10-21,2010-10-22,True
10,HY_OAS_GE_6,2010-11-26,2010-12-01,2010-12-01,4,1,6.02,21.36,91.6011962890625,0.0,20.0,0.0,0.0,0.0,0.0,0.0,0.0,0.0,0.0,0.0,0.0,0.0,0.0,False,False,0.0,0.0,0.0,0.0,0.0,0.0,AMBIGUOUS_FAILURE,20.0,21.36,-9.260832625318605,-1.25,6.02,-3.2154340836012874,MISSING,1.7793848712924756,0.17447320486486007,1.0,1.0,2200458.0,FLAT,HIGH,CREDIT_STRESS,HARD RISK-OFF,NEUTRAL,🔴 NEGATIVE GAMMA,"Policy Bias: MIXED (혼조) (WEAK, score=+0.5) | REAL_RATEΔ +0.090 / FCI value=-0.446 (low-frequency) / DXYΔ -0.490 / US10YΔ +0.160",⚡ BUILDING,5.0,FLOW_FADE,2.0,4.0,1.7,-1.35,1.6,HISTORICAL_PIT_POSITIONING_SP500_POS_Z,HISTORICAL_PIT_MASTER_PANEL,HISTORICAL_PIT_HISTORY,2010-12-01,2010-12-02,True
16,HY_OAS_GE_6,2011-08-04,2012-02-28,2011-10-14,143,93,7.89,28.24,94.62664794921876,0.0,20.0,0.0,0.0,0.0,6.540000000000003,6.540000000000003,7.919999999999998,0.011422163712627,0.0491967042557128,0.0333688787722614,-0.019090771000082,-0.019090771000082,-0.019090771000082,False,False,0.0258851320013826,-0.0194476855874738,0.0129370332615357,-0.0097443124055135,0.0064669051707832,-0.0048772432855026,SUCCESSFUL_RELEASE,20.0,28.24,-8.013029315960917,-1.12,7.89,-1.9875776397515699,MISSING,-0.4489416956555592,0.1380170278842875,1.0,0.0,2786212.251,FLAT,HIGH,CREDIT_STRESS,HARD RISK-OFF,NEUTRAL,🔴 NEGATIVE GAMMA,"Policy Bias: MIXED (혼조) (WEAK, score=+0.5) | REAL_RATEΔ +0.010 / FCI value=-0.070 (low-frequency) / DXYΔ -0.370 / US10YΔ +0.070",⚡ BUILDING,6.0,FLOW_FADE,1.0,-4.0,0.61,-0.67,1.03,HISTORICAL_PIT_POSITIONING_SP500_POS_Z,HISTORICAL_PIT_MASTER_PANEL,HISTORICAL_PIT_HISTORY,2011-10-14,2011-10-17,True
17,HY_OAS_GE_6,2012-03-05,2012-03-12,2012-03-07,6,4,6.18,19.07,105.41997528076172,0.0,20.0,0.0,0.0,0.0,0.0,0.0,0.0,0.0139284609845975,0.0139284609845975,0.0139284609845975,0.0,0.0,0.0,False,False,0.0027793751153128,0.0,0.001389292765074,0.0,0.0006945476854336,0.0,SUCCESSFUL_RELEASE,20.0,19.07,-8.62482031624342,-1.35,6.18,-1.1200000000000099,MISSING,1.4159924828284054,-0.0906375852329856,1.0,1.0,2847783.01,UP,HIGH,CREDIT_STRESS,HARD RISK-OFF,NEUTRAL,🟡 TRANSITION,"Policy Bias: EASING (완화) (MODERATE, score=-1.5) | REAL_RATEΔ -0.010 / FCI value=-0.417 (low-frequency) / DXYΔ -0.150 / US10YΔ +0.020",⚡ BUILDING,6.0,NO_FLOW_BASE,1.0,6.0,0.38,-0.54,0.82,HISTORICAL_PIT_POSITIONING_SP500_POS_Z,HISTORICAL_PIT_MASTER_PANEL,HISTORICAL_PIT_HISTORY,2012-03-07,2012-03-08,True
19,HY_OAS_GE_6,2012-04-05,2012-04-30,2012-04-11,17,14,6.3,20.02,106.9041976928711,0.0,20.0,0.0,0.0,0.0,0.0,0.0,0.0,0.0117515895315685,0.0159851306156009,0.0209488952692258,0.0,-0.0015331697562123,-0.0015331697562123,False,False,0.0042290418309551,-0.0033048925009536,0.0021169185765228,-0.0016531832110916,0.0010590563528649,-0.0008267758489609,SUCCESSFUL_RELEASE,20.0,20.02,-1.814615007356557,-0.62,6.3,-0.31645569620254443,MISSING,1.321728183434098,-0.0851192871185158,1.0,0.0,2847783.01,FLAT,HIGH,CREDIT_STRESS,HARD RISK-OFF,NEUTRAL,🔴 NEGATIVE GAMMA,"Policy Bias: EASING (완화) (MODERATE, score=-1.5) | REAL_RATEΔ -0.010 / FCI value=-0.427 (low-frequency) / DXYΔ -0.110 / US10YΔ +0.040",⚡ BUILDING,6.0,NO_FLOW_BASE,1.0,7.0,0.58,-0.41,1.15,HISTORICAL_PIT_POSITIONING_SP500_POS_Z,HISTORICAL_PIT_MASTER_PANEL,HISTORICAL_PIT_HISTORY,2012-04-11,2012-04-12,True
20,HY_OAS_GE_6,2012-05-08,2012-08-06,2012-05-10,63,61,6.0,18.83,106.13946533203124,0.0,20.0,0.4400000000000004,0.6600000000000001,1.2300000000000004,5.66,6.270000000000003,7.830000000000002,-0.0379354757275633,-0.0256579397569505,-0.0214672145712249,-0.0379354757275633,-0.0461696422461554,-0.0582264321395937,False,False,0.0068114576726061,-0.0117844035644595,0.0034332491828279,-0.0059007908135817,0.0017234668364671,-0.0029525380951982,SUCCESSFUL_RELEASE,20.0,18.83,-6.225099601593631,-1.24,6.0,-0.6622516556291425,MISSING,1.048779009255654,-0.03726831513657236,1.0,0.0,2847783.01,FLAT,HIGH,CREDIT_STRESS,HARD RISK-OFF,NEUTRAL,🟡 TRANSITION,"Policy Bias: TIGHTENING (긴축) (STRONG, score=+2.5) | REAL_RATEΔ +0.020 / FCI value=-0.351 (low-frequency) / DXYΔ +0.030 / US10YΔ +0.020",⚡ BUILDING,6.0,🌱 LIGHT TRACE,1.0,1.0,0.95,-0.05,0.49,HISTORICAL_PIT_POSITIONING_SP500_POS_Z,HISTORICAL_PIT_MASTER_PANEL,HISTORICAL_PIT_HISTORY,2012-05-10,2012-05-11,True
33,HY_OAS_GE_6,2015-09-24,2015-10-22,2015-10-05,21,14,6.62,19.54,166.33180236816406,0.0,20.0,0.0,0.0,0.0,0.0,0.0,0.0,0.015368066020587,0.0246892843143127,0.0342117736982718,-0.0034261036494741,-0.0034261036494741,-0.0034261036494741,False,False,0.0068149648366895,-0.0022180487819503,0.0034057333710293,-0.0011093265229266,0.0017024278852806,-0.0005547387944513,SUCCESSFUL_RELEASE,20.0,19.54,-6.685768863419305,-0.83,6.62,-3.0746705710102518,MISSING,-0.8160131272310296,0.48417626162973393,1.0,-1.0,4338746.386,FLAT,MID,CREDIT_STRESS,HARD RISK-OFF,GLOBAL FINANCIAL TIGHTENING (글로벌 긴축 구조),🟡 TRANSITION,"Policy Bias: TIGHTENING (긴축) (STRONG, score=+2.5) | REAL_RATEΔ +0.050 / FCI value=-0.413 (low-frequency) / DXYΔ +0.280 / US10YΔ +0.080",⚡ BUILDING,6.0,CONFIRMED_FLOW,6.0,5.0,1.71,0.68,0.57,HISTORICAL_PIT_POSITIONING_SP500_POS_Z,HISTORICAL_PIT_MASTER_PANEL,HISTORICAL_PIT_HISTORY,2015-10-05,2015-10-06,True
35,HY_OAS_GE_6,2015-11-10,2016-05-27,2015-11-17,138,133,6.19,18.84,172.1983184814453,0.0,20.0,0.2199999999999997,0.2199999999999997,1.1399999999999997,0.0,0.0,5.550000000000001,0.018883600443023,0.0148928830522909,0.0124591621815106,0.0,0.0,-0.017472104366174,False,False,0.0078115170170867,-0.026211940529228,0.0039636014413673,-0.0131534726793218,0.0019961693362953,-0.0065885649485796,SUCCESSFUL_RELEASE,20.0,18.84,3.7444933920704804,0.34,6.19,-1.4331210191082744,MISSING,0.2165552340527209,0.27055608998931385,1.0,1.0,4459799.594,FLAT,HIGH,CREDIT_STRESS,HARD RISK-OFF,WEAK DEMAND + RISK-OFF (수요 둔화),🟡 TRANSITION,"Policy Bias: MIXED (혼조) (WEAK, score=-0.5) | REAL_RATEΔ -0.040 / FCI value=-0.465 (low-frequency) / DXYΔ +0.190 / US10YΔ -0.020",👀 EARLY TRACE,3.0,EARLY_TRACE,6.0,1.0,-0.75,-0.11,-0.84,HISTORICAL_PIT_POSITIONING_SP500_POS_Z,HISTORICAL_PIT_MASTER_PANEL,HISTORICAL_PIT_HISTORY,2015-11-17,2015-11-18,True
36,HY_OAS_GE_6,2016-06-01,2016-06-06,2016-06-02,4,3,6.0,13.63,178.72647094726562,0.0,20.0,0.0899999999999998,0.0899999999999998,0.0899999999999998,0.0199999999999995,0.0199999999999995,0.0199999999999995,0.0020862257703351,0.0020862257703351,0.0020862257703351,-0.0029871037507156,-0.0029871037507156,-0.0029871037507156,False,False,0.0004196771485494,-0.0005974207501431,0.0002099905739298,-0.0002987103750715,0.0001050332868786,-0.0001493551875357,SUCCESSFUL_RELEASE,20.0,13.63,-4.014084507042249,-0.67,6.0,-0.16638935108153063,MISSING,1.3893150041807838,0.06753999692056434,1.0,1.0,4193383.814,FLAT,LOW,CREDIT_STRESS,HARD RISK-OFF,NEUTRAL,🟡 POSITIVE-TRANSITION,"Policy Bias: MIXED (혼조) (WEAK, score=-0.5) | REAL_RATEΔ -0.040 / FCI value=-0.373 (low-frequency) / DXYΔ +0.100 / US10YΔ -0.040",⚡ BUILDING,6.0,EARLY_TRACE,6.0,2.0,-1.04,-0.05,-0.21,HISTORICAL_PIT_POSITIONING_SP500_POS_Z,HISTORICAL_PIT_MASTER_PANEL,HISTORICAL_PIT_HISTORY,2016-06-02,2016-06-03,True
37,HY_OAS_GE_6,2016-06-13,2016-06-21,2016-06-15,7,5,6.18,20.14,176.0486297607422,0.0,20.0,0.1400000000000005,0.1400000000000005,0.1400000000000005,0.0,0.0,0.0,0.0085390078962355,0.0085390078962355,0.0085390078962355,-0.0007508544078308,-0.0007508544078308,-0.0007508544078308,False,False,0.0017077758434929,-0.0007448351860307,0.0008538852610422,-0.0003724175930154,0.0004269419215747,-0.0001862087965076,SUCCESSFUL_RELEASE,20.0,20.14,-1.7560975609756113,-0.44,6.18,-0.1615508885298933,MISSING,0.9161195271656412,-0.05103346286771132,1.0,0.0,4241531.687,UP,MID,CREDIT_STRESS,HARD RISK-OFF,NEUTRAL,🔴 NEGATIVE GAMMA,"Policy Bias: EASING (완화) (STRONG, score=-2.5) | REAL_RATEΔ -0.040 / FCI value=-0.359 (low-frequency) / DXYΔ -0.320 / US10YΔ -0.020",⚡ BUILDING,6.0,EARLY_TRACE,2.0,1.0,-0.36,-0.66,-0.84,HISTORICAL_PIT_POSITIONING_SP500_POS_Z,HISTORICAL_PIT_MASTER_PANEL,HISTORICAL_PIT_HISTORY,2016-06-15,2016-06-16,True
38,HY_OAS_GE_6,2016-06-24,2016-07-07,2016-06-28,9,7,6.48,18.75,173.08848571777344,0.0,20.0,0.0,0.0,0.0,0.0,0.0,0.0,0.0317907296381452,0.0311514223045441,0.0311514223045441,0.0,0.0,0.0,False,False,0.0059582806232556,-0.0014386960564712,0.0029774953623347,-0.0007193480282355,0.0014883358920096,-0.0003596740141179,SUCCESSFUL_RELEASE,20.0,18.75,-21.383647798742146,-1.62,6.48,-1.3698630136986245,MISSING,0.4132448521649736,-0.0024793565499952597,1.0,0.0,4165080.614,FLAT,LOW,CREDIT_STRESS,HARD RISK-OFF,COST-PUSH STRUCTURE (비용 주도 구조),🟡 TRANSITION,"Policy Bias: EASING (완화) (MODERATE, score=-2.0) | REAL_RATEΔ -0.030 / FCI value=-0.346 (low-frequency) / DXYΔ -0.290 / US10YΔ +0.000",⚡ BUILDING,6.0,FLOW_FADE,1.0,5.0,0.33,-0.44,1.45,HISTORICAL_PIT_POSITIONING_SP500_POS_Z,HISTORICAL_PIT_MASTER_PANEL,HISTORICAL_PIT_HISTORY,2016-06-28,2016-06-29,True
50,HY_OAS_GE_6,2020-02-27,2020-06-02,2020-05-08,67,17,7.52,27.98,268.1321716308594,0.0,20.0,0.2600000000000007,0.2600000000000007,0.2600000000000007,7.300000000000001,7.300000000000001,7.300000000000001,-0.021064049063555,0.0102584122406217,0.0534809595323551,-0.0370671812641593,-0.0370671812641593,-0.0370671812641593,False,False,0.0106934607062121,-0.0075093491612211,0.0053462040591667,-0.0037581996105162,0.0026729558299303,-0.0018799810627343,SUCCESSFUL_RELEASE,20.0,27.98,-11.005089058524176,-1.24,7.52,-1.0526315789473717,MISSING,-0.1370321166627411,0.19108514530736215,1.0,0.0,5593928.825,FLAT,HIGH,CREDIT_STRESS,HARD RISK-OFF,NEUTRAL,🔴 NEGATIVE GAMMA,"Policy Bias: MIXED (혼조) (WEAK, score=+0.5) | REAL_RATEΔ +0.020 / FCI value=-0.039 (low-frequency) / DXYΔ -0.160 / US10YΔ +0.060",⚡ BUILDING,6.0,TRACE_BUILDING,6.0,7.0,1.46,-0.4,0.31,HISTORICAL_PIT_POSITIONING_SP500_POS_Z,HISTORICAL_PIT_MASTER_PANEL,HISTORICAL_PIT_HISTORY,2020-05-08,2020-05-11,True
53,HY_OAS_GE_6,2020-06-11,2020-07-14,2020-07-01,23,9,6.33,28.62,285.9622802734375,0.0,20.0,0.0,0.0,0.0,0.8099999999999987,3.5699999999999967,3.5699999999999967,0.0124307234303038,0.0270512118357229,0.0270512118357229,0.0,0.0,0.0,False,False,0.0054176751068022,-0.0020627414041467,0.0027092493436757,-0.0010313707020734,0.001354725429282,-0.0005156853510366,SUCCESSFUL_RELEASE,20.0,28.62,-5.948077555044362,-0.59,6.33,-1.7080745341614967,MISSING,0.6486882864504505,0.1417956756967826,1.0,1.0,5351419.998,DOWN,HIGH,CREDIT_STRESS,HARD RISK-OFF,NEUTRAL,🔴 NEGATIVE GAMMA,"Policy Bias: MIXED (혼조) (WEAK, score=-0.5) | REAL_RATEΔ +0.000 / FCI value=-0.386 (low-frequency) / DXYΔ -0.190 / US10YΔ +0.030",⚡ BUILDING,5.0,TRACE_BUILDING,6.0,-5.0,0.84,-0.47,0.32,HISTORICAL_PIT_POSITIONING_SP500_POS_Z,HISTORICAL_PIT_MASTER_PANEL,HISTORICAL_PIT_HISTORY,2020-07-01,2020-07-02,True
61,MACRO_CREDIT_STRESS,2020-08-26,2020-08-27,2020-08-27,2,1,4.98,24.47,320.7821044921875,0.0,23.0,0.0,0.0,0.0,0.0,0.0,0.0,0.0,0.0,0.0,0.0,0.0,0.0,False,False,0.0,0.0,0.0,0.0,0.0,0.0,AMBIGUOUS_FAILURE,23.0,24.47,5.156854318865478,1.47,4.98,-0.7968127490039723,MISSING,1.89812165868533,0.06746071722810765,1.0,1.0,5367727.991,FLAT,HIGH,CREDIT_STRESS,HARD RISK-OFF,NEUTRAL,🔴 NEGATIVE GAMMA,"Policy Bias: TIGHTENING (긴축) (MODERATE, score=+1.5) | REAL_RATEΔ +0.040 / FCI value=-0.505 (low-frequency) / DXYΔ +0.000 / US10YΔ +0.050",⚡ BUILDING,5.0,FLOW_FADE,4.0,-4.0,1.09,-0.0,-0.98,HISTORICAL_PIT_POSITIONING_SP500_POS_Z,HISTORICAL_PIT_MASTER_PANEL,HISTORICAL_PIT_HISTORY,2020-08-27,2020-08-28,True
68,MACRO_CREDIT_STRESS,2020-09-29,2020-10-06,2020-09-30,6,5,5.41,26.37,309.6394958496094,0.0,32.0,0.0,0.0,0.0,3.1099999999999994,3.1099999999999994,3.1099999999999994,0.0001191571244871,0.0001191571244871,0.0001191571244871,-0.0031355374346052,-0.0031355374346052,-0.0031355374346052,False,False,-7.69814675892766e-05,-0.0049756052494833,-2.8684883111140813e-05,-0.0024878026247416,-1.188951897657109e-05,-0.0012439013123708,AMBIGUOUS_FAILURE,32.0,26.37,0.3806623524933439,0.03,5.41,-1.6363636363636358,MISSING,1.1142488875696694,0.005173740112114911,1.0,1.0,5376976.15,DOWN,HIGH,CREDIT_STRESS,HARD RISK-OFF,NEUTRAL,🔴 NEGATIVE GAMMA,"Policy Bias: TIGHTENING (긴축) (MODERATE, score=+1.5) | REAL_RATEΔ +0.040 / FCI value=-0.492 (low-frequency) / DXYΔ +0.000 / US10YΔ +0.030",⚡ BUILDING,6.0,FLOW_FADE,3.0,-5.0,1.01,-0.18,0.94,HISTORICAL_PIT_POSITIONING_SP500_POS_Z,HISTORICAL_PIT_MASTER_PANEL,HISTORICAL_PIT_HISTORY,2020-09-30,2020-10-01,True
69,MACRO_CREDIT_STRESS,2020-10-12,2020-10-20,2020-10-13,7,6,4.88,26.07,323.7304382324219,0.0,35.0,0.1299999999999999,0.1299999999999999,0.1299999999999999,3.280000000000001,3.280000000000001,3.280000000000001,-0.0192788479712338,-0.0192788479712338,-0.0192788479712338,-0.023191649999213,-0.023191649999213,-0.023191649999213,False,False,-0.006757345817431,-0.0081479177690139,-0.003379976405712,-0.0040781153034556,-0.0016903133700932,-0.0020400971419329,AMBIGUOUS_FAILURE,35.0,26.07,3.9888312724371655,0.95,4.88,-0.8130081300813052,MISSING,1.6010798095722971,0.04662794749862731,1.0,1.0,5377574.989,FLAT,HIGH,CREDIT_STRESS,HARD RISK-OFF,NEUTRAL,🟡 VOL STRESS TRANSITION,"Policy Bias: MIXED (혼조) (WEAK, score=-0.5) | REAL_RATEΔ -0.020 / FCI value=-0.490 (low-frequency) / DXYΔ +0.460 / US10YΔ -0.050",NO CLEAR FLOW,0.0,CONFIRMED_FLOW,5.0,0.0,-1.95,1.41,0.57,HISTORICAL_PIT_POSITIONING_SP500_POS_Z,HISTORICAL_PIT_MASTER_PANEL,HISTORICAL_PIT_HISTORY,2020-10-13,2020-10-14,True
72,MACRO_CREDIT_STRESS,2020-11-17,2020-11-18,2020-11-18,2,1,4.42,23.84,329.416748046875,0.0,31.0,0.0,0.0,0.0,0.0,0.0,0.0,0.0,0.0,0.0,0.0,0.0,0.0,False,False,0.0,0.0,0.0,0.0,0.0,0.0,AMBIGUOUS_FAILURE,31.0,23.84,4.975781594011441,0.64,4.42,-1.3392857142857206,MISSING,1.5236466812603158,-0.12786059935827188,1.0,1.0,5686187.897,UP,HIGH,CREDIT_STRESS,HARD RISK-OFF,NEUTRAL,🟡 VOL STRESS TRANSITION,"Policy Bias: MIXED (혼조) (WEAK, score=+0.5) | REAL_RATEΔ +0.010 / FCI value=-0.537 (low-frequency) / DXYΔ -0.100 / US10YΔ +0.010",NO CLEAR FLOW,0.0,FLOW_BREAK,0.0,3.0,0.1,-0.25,0.21,HISTORICAL_PIT_POSITIONING_SP500_POS_Z,HISTORICAL_PIT_MASTER_PANEL,HISTORICAL_PIT_HISTORY,2020-11-18,2020-11-19,True
74,MACRO_CREDIT_STRESS,2020-12-09,2020-12-14,2020-12-14,4,1,4.07,24.72,337.16485595703125,0.0,35.0,0.0,0.0,0.0,0.0,0.0,0.0,0.0,0.0,0.0,0.0,0.0,0.0,False,False,0.0,0.0,0.0,0.0,0.0,0.0,AMBIGUOUS_FAILURE,35.0,24.72,6.048906048906044,1.53,4.07,-1.4527845036319542,MISSING,1.5341872666773564,-0.046107126102084894,1.0,1.0,5708414.997,FLAT,HIGH,CREDIT_STRESS,HARD RISK-OFF,NEUTRAL,🔴 NEGATIVE GAMMA,"Policy Bias: EASING (완화) (MODERATE, score=-2.0) | REAL_RATEΔ -0.010 / FCI value=-0.590 (low-frequency) / DXYΔ -0.270 / US10YΔ +0.000",👀 EARLY TRACE,4.0,FLOW_BREAK,0.0,3.0,-0.09,-0.83,0.12,HISTORICAL_PIT_POSITIONING_SP500_POS_Z,HISTORICAL_PIT_MASTER_PANEL,HISTORICAL_PIT_HISTORY,2020-12-14,2020-12-15,True
95,MACRO_CREDIT_STRESS,2022-07-11,2022-07-12,2022-07-12,2,1,5.43,27.29,360.99609375,0.0,35.0,0.0,0.0,0.0,0.0,0.0,0.0,0.0,0.0,0.0,0.0,0.0,0.0,False,False,0.0,0.0,0.0,0.0,0.0,0.0,AMBIGUOUS_FAILURE,35.0,27.29,4.279709591134884,0.45,5.43,-0.18382352941177516,MISSING,-2.130660534482955,-0.13202384496955055,1.0,-1.0,8189225.974,FLAT,MID,CREDIT_STRESS,HARD RISK-OFF,WEAK DEMAND + RISK-OFF (수요 둔화),🔴 NEGATIVE GAMMA,"Policy Bias: MIXED (혼조) (WEAK, score=-0.5) | REAL_RATEΔ -0.030 / FCI value=-0.170 (low-frequency) / DXYΔ +0.050 / US10YΔ -0.030",⚡ BUILDING,5.0,FLOW_FADE,1.0,6.0,-0.3,-0.28,-2.27,HISTORICAL_PIT_POSITIONING_SP500_POS_Z,HISTORICAL_PIT_MASTER_PANEL,HISTORICAL_PIT_HISTORY,2022-07-12,2022-07-13,True
102,MACRO_CREDIT_STRESS,2022-09-20,2022-09-21,2022-09-21,2,1,4.87,27.99,359.20477294921875,0.0,26.0,0.0,0.0,0.0,0.0,0.0,0.0,0.0,0.0,0.0,0.0,0.0,0.0,False,False,0.0,0.0,0.0,0.0,0.0,0.0,AMBIGUOUS_FAILURE,26.0,27.99,3.0559646539027874,0.39,4.87,-0.2049180327868827,MISSING,-1.7010377920708557,-0.18412871464414693,1.0,-1.0,8121990.1,DOWN,LOW,CREDIT_STRESS,HARD RISK-OFF,NEUTRAL,🟡 VOL STRESS TRANSITION,"Policy Bias: MIXED (혼조) (WEAK, score=-0.5) | REAL_RATEΔ -0.040 / FCI value=-0.152 (low-frequency) / DXYΔ +0.420 / US10YΔ -0.060",🌱 LIGHT TRACE,1.0,FLOW_FADE,1.0,2.0,-1.3,0.73,-0.5,HISTORICAL_PIT_POSITIONING_SP500_POS_Z,HISTORICAL_PIT_MASTER_PANEL,HISTORICAL_PIT_HISTORY,2022-09-21,2022-09-22,True
110,MACRO_CREDIT_STRESS,2022-11-14,2022-11-15,2022-11-15,2,1,4.64,24.54,379.2879638671875,0.0,35.0,0.0,0.0,0.0,0.0,0.0,0.0,0.0,0.0,0.0,0.0,0.0,0.0,False,False,0.0,0.0,0.0,0.0,0.0,0.0,AMBIGUOUS_FAILURE,35.0,24.54,3.4134007585334913,1.23,4.64,-0.6423982869379063,MISSING,-0.4791750285560469,0.003446138375995861,1.0,0.0,8149169.188,FLAT,LOW,CREDIT_STRESS,HARD RISK-OFF,NEUTRAL,🔴 NEGATIVE GAMMA,"Policy Bias: EASING (완화) (STRONG, score=-2.5) | REAL_RATEΔ -0.060 / FCI value=-0.160 (low-frequency) / DXYΔ -0.260 / US10YΔ -0.080",⚡ BUILDING,6.0,FLOW_FADE,1.0,6.0,-0.77,0.01,0.41,HISTORICAL_PIT_POSITIONING_SP500_POS_Z,HISTORICAL_PIT_MASTER_PANEL,HISTORICAL_PIT_HISTORY,2022-11-15,2022-11-16,True
