episode_id,dominant_trigger,start_signal_date,production_end_signal_date,release_date,duration_rows,rows_released_early,release_hy_oas,release_vix,release_spy,release_baseline_exposure,release_full_exposure,hy_max_rewiden_5,hy_max_rewiden_10,hy_max_rewiden_20,vix_max_respike_5,vix_max_respike_10,vix_max_respike_20,spy_return_5,spy_return_10,spy_return_20,spy_min_return_5,spy_min_return_10,spy_min_return_20,timing_warning,severe_timing_warning,full_incremental_return,full_incremental_mdd,half_incremental_return,half_incremental_mdd,quarter_incremental_return,quarter_incremental_mdd,diagnosis
1,HY_OAS_GE_6,2008-01-02,2010-01-08,2008-01-10,510,504,6.63,23.45,100.63702392578124,0.0,20.0,0.3600000000000003,0.8500000000000005,0.8500000000000005,5.010000000000002,7.560000000000002,7.560000000000002,-0.055630574762696394,-0.058391081107471376,-0.05817835541051042,-0.055630574762696394,-0.07481076055425717,-0.07481076055425717,True,False,-0.01928852581115581,-0.12712301608391607,-0.008530708351482286,-0.06491243527393376,-0.0039827796322623454,-0.03279153523843514,TIMING_RISK
2,HY_OAS_GE_6,2010-01-12,2010-03-18,2010-01-13,46,45,6.03,17.85,85.54121398925781,0.0,20.0,0.20999999999999996,0.41000000000000014,0.9500000000000002,4.419999999999998,9.459999999999997,9.459999999999997,-0.025475251733446225,-0.052783084068955044,-0.056621808413763075,-0.025475251733446225,-0.052783084068955044,-0.07616478616147004,True,False,0.004533821444235864,-0.01625729055647096,0.0022858408740269454,-0.008148475568761526,0.001147631079410072,-0.00407919382490618,SUCCESSFUL_RELEASE
3,HY_OAS_GE_6,2010-03-22,2010-03-23,2010-03-23,2,1,6.0,16.35,87.98424530029297,0.0,20.0,0.0,0.0,0.0,0.0,0.0,0.0,0.0,0.0,0.0,0.0,0.0,0.0,False,False,0.0,0.0,0.0,0.0,0.0,0.0,AMBIGUOUS_FAILURE
6,HY_OAS_GE_6,2010-05-04,2010-10-13,2010-05-10,114,110,6.25,28.84,87.04750061035156,0.0,20.0,0.11000000000000032,0.7699999999999996,1.0199999999999996,2.3999999999999986,16.95,16.95,-0.019025302620888418,-0.07274426814870782,-0.08212786022863428,-0.019541802481968906,-0.07420804961483818,-0.09185590241106312,True,False,0.00663894103265017,-0.025771601440373382,0.0034063960052954645,-0.012923388687021253,0.0017248162450869131,-0.006471008486808594,SUCCESSFUL_RELEASE
7,HY_OAS_GE_6,2010-10-18,2010-10-21,2010-10-21,4,1,6.0,19.27,89.42115783691406,0.0,20.0,0.0,0.0,0.0,0.0,0.0,0.0,0.0,0.0,0.0,0.0,0.0,0.0,False,False,0.0,0.0,0.0,0.0,0.0,0.0,AMBIGUOUS_FAILURE
10,HY_OAS_GE_6,2010-11-26,2010-12-01,2010-12-01,4,1,6.02,21.36,91.6011962890625,0.0,20.0,0.0,0.0,0.0,0.0,0.0,0.0,0.0,0.0,0.0,0.0,0.0,0.0,False,False,0.0,0.0,0.0,0.0,0.0,0.0,AMBIGUOUS_FAILURE
16,HY_OAS_GE_6,2011-08-04,2012-02-28,2011-10-14,143,93,7.89,28.24,94.62664794921876,0.0,20.0,0.0,0.0,0.0,6.540000000000003,6.540000000000003,7.919999999999998,0.011422163712627054,0.049196704255712875,0.03336887877226147,-0.019090771000082052,-0.019090771000082052,-0.019090771000082052,False,False,0.02588513200138265,-0.019447685587473895,0.012937033261535724,-0.009744312405513544,0.006466905170783299,-0.004877243285502653,SUCCESSFUL_RELEASE
17,HY_OAS_GE_6,2012-03-05,2012-03-12,2012-03-07,6,4,6.18,19.07,105.41997528076172,0.0,20.0,0.0,0.0,0.0,0.0,0.0,0.0,0.013928460984597546,0.013928460984597546,0.013928460984597546,0.0,0.0,0.0,False,False,0.0027793751153128987,0.0,0.001389292765074046,0.0,0.0006945476854336441,0.0,SUCCESSFUL_RELEASE
19,HY_OAS_GE_6,2012-04-05,2012-04-30,2012-04-11,17,14,6.3,20.02,106.9041976928711,0.0,20.0,0.0,0.0,0.0,0.0,0.0,0.0,0.011751589531568518,0.015985130615600918,0.02094889526922583,0.0,-0.0015331697562123159,-0.0015331697562123159,False,False,0.0042290418309551825,-0.003304892500953671,0.0021169185765228526,-0.0016531832110916467,0.0010590563528649621,-0.0008267758489609589,SUCCESSFUL_RELEASE
20,HY_OAS_GE_6,2012-05-08,2012-08-06,2012-05-10,63,61,6.0,18.83,106.13946533203124,0.0,20.0,0.4400000000000004,0.6600000000000001,1.2300000000000004,5.66,6.270000000000003,7.830000000000002,-0.037935475727563395,-0.02565793975695052,-0.021467214571224913,-0.037935475727563395,-0.046169642246155496,-0.058226432139593776,False,False,0.006811457672606158,-0.011784403564459534,0.0034332491828279466,-0.005900790813581747,0.0017234668364671801,-0.0029525380951982427,SUCCESSFUL_RELEASE
33,HY_OAS_GE_6,2015-09-24,2015-10-22,2015-10-05,21,14,6.62,19.54,166.33180236816406,0.0,20.0,0.0,0.0,0.0,0.0,0.0,0.0,0.015368066020587046,0.02468928431431272,0.034211773698271886,-0.003426103649474155,-0.003426103649474155,-0.003426103649474155,False,False,0.00681496483668953,-0.0022180487819503103,0.0034057333710293403,-0.0011093265229266125,0.001702427885280633,-0.0005547387944513371,SUCCESSFUL_RELEASE
35,HY_OAS_GE_6,2015-11-10,2016-05-27,2015-11-17,138,133,6.19,18.84,172.1983184814453,0.0,20.0,0.21999999999999975,0.21999999999999975,1.1399999999999997,0.0,0.0,5.550000000000001,0.018883600443023063,0.014892883052290973,0.012459162181510663,0.0,0.0,-0.01747210436617408,False,False,0.007811517017086711,-0.02621194052922804,0.003963601441367315,-0.013153472679321876,0.001996169336295317,-0.006588564948579623,SUCCESSFUL_RELEASE
36,HY_OAS_GE_6,2016-06-01,2016-06-06,2016-06-02,4,3,6.0,13.63,178.72647094726562,0.0,20.0,0.08999999999999986,0.08999999999999986,0.08999999999999986,0.019999999999999574,0.019999999999999574,0.019999999999999574,0.002086225770335126,0.002086225770335126,0.002086225770335126,-0.0029871037507156473,-0.0029871037507156473,-0.0029871037507156473,False,False,0.0004196771485494022,-0.0005974207501431295,0.00020999057392989684,-0.0002987103750715647,0.00010503328687860858,-0.00014935518753578236,SUCCESSFUL_RELEASE
37,HY_OAS_GE_6,2016-06-13,2016-06-21,2016-06-15,7,5,6.18,20.14,176.0486297607422,0.0,20.0,0.14000000000000057,0.14000000000000057,0.14000000000000057,0.0,0.0,0.0,0.008539007896235518,0.008539007896235518,0.008539007896235518,-0.0007508544078308477,-0.0007508544078308477,-0.0007508544078308477,False,False,0.0017077758434929091,-0.0007448351860307456,0.000853885261042242,-0.0003724175930154283,0.00042694192157477495,-0.00018620879650765865,SUCCESSFUL_RELEASE
38,HY_OAS_GE_6,2016-06-24,2016-07-07,2016-06-28,9,7,6.48,18.75,173.08848571777344,0.0,20.0,0.0,0.0,0.0,0.0,0.0,0.0,0.03179072963814522,0.031151422304544152,0.031151422304544152,0.0,0.0,0.0,False,False,0.005958280623255652,-0.0014386960564712892,0.0029774953623347145,-0.0007193480282355891,0.0014883358920096956,-0.00035967401411796107,SUCCESSFUL_RELEASE
50,HY_OAS_GE_6,2020-02-27,2020-06-02,2020-05-08,67,17,7.52,27.98,268.1321716308594,0.0,20.0,0.2600000000000007,0.2600000000000007,0.2600000000000007,7.300000000000001,7.300000000000001,7.300000000000001,-0.02106404906355508,0.01025841224062174,0.0534809595323551,-0.03706718126415931,-0.03706718126415931,-0.03706718126415931,False,False,0.010693460706212132,-0.007509349161221146,0.005346204059166748,-0.0037581996105162663,0.0026729558299303235,-0.0018799810627343483,SUCCESSFUL_RELEASE
53,HY_OAS_GE_6,2020-06-11,2020-07-14,2020-07-01,23,9,6.33,28.62,285.9622802734375,0.0,20.0,0.0,0.0,0.0,0.8099999999999987,3.5699999999999967,3.5699999999999967,0.012430723430303825,0.0270512118357229,0.0270512118357229,0.0,0.0,0.0,False,False,0.005417675106802244,-0.0020627414041467507,0.002709249343675779,-0.0010313707020734864,0.0013547254292820554,-0.0005156853510366322,SUCCESSFUL_RELEASE
61,MACRO_CREDIT_STRESS,2020-08-26,2020-08-27,2020-08-27,2,1,4.98,24.47,320.7821044921875,0.0,23.0,0.0,0.0,0.0,0.0,0.0,0.0,0.0,0.0,0.0,0.0,0.0,0.0,False,False,0.0,0.0,0.0,0.0,0.0,0.0,AMBIGUOUS_FAILURE
68,MACRO_CREDIT_STRESS,2020-09-29,2020-10-06,2020-09-30,6,5,5.41,26.37,309.6394958496094,0.0,32.0,0.0,0.0,0.0,3.1099999999999994,3.1099999999999994,3.1099999999999994,0.00011915712448717919,0.00011915712448717919,0.00011915712448717919,-0.0031355374346052622,-0.0031355374346052622,-0.0031355374346052622,False,False,-7.69814675892766e-05,-0.0049756052494833725,-2.8684883111140813e-05,-0.0024878026247416862,-1.188951897657109e-05,-0.0012439013123708431,AMBIGUOUS_FAILURE
69,MACRO_CREDIT_STRESS,2020-10-12,2020-10-20,2020-10-13,7,6,4.88,26.07,323.7304382324219,0.0,35.0,0.1299999999999999,0.1299999999999999,0.1299999999999999,3.280000000000001,3.280000000000001,3.280000000000001,-0.019278847971233803,-0.019278847971233803,-0.019278847971233803,-0.023191649999213082,-0.023191649999213082,-0.023191649999213082,False,False,-0.0067573458174310375,-0.008147917769013913,-0.003379976405712082,-0.004078115303455698,-0.0016903133700932882,-0.002040097141932984,AMBIGUOUS_FAILURE
72,MACRO_CREDIT_STRESS,2020-11-17,2020-11-18,2020-11-18,2,1,4.42,23.84,329.416748046875,0.0,31.0,0.0,0.0,0.0,0.0,0.0,0.0,0.0,0.0,0.0,0.0,0.0,0.0,False,False,0.0,0.0,0.0,0.0,0.0,0.0,AMBIGUOUS_FAILURE
74,MACRO_CREDIT_STRESS,2020-12-09,2020-12-14,2020-12-14,4,1,4.07,24.72,337.16485595703125,0.0,35.0,0.0,0.0,0.0,0.0,0.0,0.0,0.0,0.0,0.0,0.0,0.0,0.0,False,False,0.0,0.0,0.0,0.0,0.0,0.0,AMBIGUOUS_FAILURE
95,MACRO_CREDIT_STRESS,2022-07-11,2022-07-12,2022-07-12,2,1,5.43,27.29,360.99609375,0.0,35.0,0.0,0.0,0.0,0.0,0.0,0.0,0.0,0.0,0.0,0.0,0.0,0.0,False,False,0.0,0.0,0.0,0.0,0.0,0.0,AMBIGUOUS_FAILURE
102,MACRO_CREDIT_STRESS,2022-09-20,2022-09-21,2022-09-21,2,1,4.87,27.99,359.20477294921875,0.0,26.0,0.0,0.0,0.0,0.0,0.0,0.0,0.0,0.0,0.0,0.0,0.0,0.0,False,False,0.0,0.0,0.0,0.0,0.0,0.0,AMBIGUOUS_FAILURE
110,MACRO_CREDIT_STRESS,2022-11-14,2022-11-15,2022-11-15,2,1,4.64,24.54,379.2879638671875,0.0,35.0,0.0,0.0,0.0,0.0,0.0,0.0,0.0,0.0,0.0,0.0,0.0,0.0,False,False,0.0,0.0,0.0,0.0,0.0,0.0,AMBIGUOUS_FAILURE
