date,pit_status,_liq_asof,_hy_asof,_fred_asof,_sov_asof,_sentiment_asof,_pos_asof,sentiment_fear_greed,sentiment_state,policy_bias_line,hy_oas_today,net_liq_pct_change,net_liq_level_bucket,struct_v2_state,drift_score,gamma_state,flow_score,prev_flow_score,prev_flow_state,macro_narrative,market_regime,sp500_pos_z,base_budget,structure_delta,credit_delta,liquidity_delta,structural_v2_delta,drift_delta,flow_gamma_delta,flow_continuity_delta,flow_regime_delta,macro_delta,positioning_delta,event_floor_delta,pre_cap_budget,phase_cap,phase_cap_effect,v2_cap,final_cap,final_cap_effect,final_budget,SPY,is_hard,prev_is_hard,hard_first_day,budget_current,pre_cap_budget_num,budget_cf30,budget_cf35,spy_ret_next,ret_current,ret_cf30,ret_cf35,equity_current,equity_cf30,equity_cf35
2022-01-03,FIRST_ROW,2021-12-29,2022-01-03,,2022-01-03,2022-01-03,2022-01-03,60.0,NEUTRAL,"Policy Bias: TIGHTENING (긴축) (MODERATE, score=+1.5) | REAL_RATEΔ N/A / FCI value=N/A (low-frequency) / DXYΔ +0.570 / US10YΔ +0.116",3.05,-1.836812227151737,HIGH,GLOBAL FINANCIAL TIGHTENING (글로벌 긴축 구조),2,🟡 POSITIVE-TRANSITION,1,0.0,,STAGFLATION_RISK,SOFT RISK-OFF / STAGFLATION,1.813398849005421,55,-10,5,-5,0,0,0,0,1,-12,-4,0,30,45,0,100,45,0,30,449.4865112304688,False,False,False,30,30,30,30,-0.00033505843731473917,-0.00010051753119442174,-0.00010051753119442174,-0.00010051753119442174,0.9998994824688056,0.9998994824688056,0.9998994824688056
2022-01-04,PASS,2021-12-29,2022-01-04,,2022-01-04,2022-01-04,2022-01-04,60.0,NEUTRAL,"Policy Bias: TIGHTENING (긴축) (STRONG, score=+2.5) | REAL_RATEΔ +0.060 / FCI value=N/A (low-frequency) / DXYΔ +0.050 / US10YΔ +0.040",3.09,-1.836812227151737,HIGH,NEUTRAL,2,🟡 POSITIVE-TRANSITION,1,1.0,🌱 LIGHT TRACE,STAGFLATION_RISK,SOFT RISK-OFF / STAGFLATION,1.7939670169147188,55,-10,5,-5,0,0,0,0,1,-12,-4,0,30,45,0,100,45,0,30,449.3359069824219,False,False,False,30,30,30,30,-0.019202193123681988,-0.005760657937104596,-0.005760657937104596,-0.005760657937104596,0.9941394035788149,0.9941394035788149,0.9941394035788149
2022-01-05,PASS,2022-01-05,2022-01-05,,2022-01-05,2022-01-05,2022-01-05,60.0,NEUTRAL,"Policy Bias: MIXED (혼조) (WEAK, score=+0.5) | REAL_RATEΔ +0.090 / FCI value=N/A (low-frequency) / DXYΔ -0.100 / US10YΔ +0.037",3.07,-1.983753581477104,HIGH,NEUTRAL,2,🟡 TRANSITION,2,1.0,🌱 LIGHT TRACE,REFLATION,RISK-ON / REFLATION,1.4673117400963955,55,0,5,-5,0,0,0,0,1,6,0,0,62,85,0,100,85,0,62,440.7076721191406,False,False,False,62,62,62,62,-0.0009394015376520404,-0.000582428953344265,-0.000582428953344265,-0.000582428953344265,0.9935603880065103,0.9935603880065103,0.9935603880065103
2022-01-06,PASS,2022-01-05,2022-01-06,,2022-01-06,2022-01-06,2022-01-06,60.0,NEUTRAL,"Policy Bias: TIGHTENING (긴축) (STRONG, score=+2.5) | REAL_RATEΔ +0.090 / FCI value=N/A (low-frequency) / DXYΔ +0.060 / US10YΔ +0.028",3.15,-1.983753581477104,HIGH,NEUTRAL,2,🟡 TRANSITION,2,2.0,🌱 LIGHT TRACE,STAGFLATION_RISK,SOFT RISK-OFF / STAGFLATION,1.4423343794300008,55,-10,5,-5,0,0,0,0,1,-12,0,0,34,45,0,100,45,0,34,440.2936706542969,False,False,False,34,34,34,34,-0.003953479812882854,-0.0013441831363801705,-0.0013441831363801705,-0.0013441831363801705,0.9922248608879766,0.9922248608879766,0.9922248608879766
2022-01-07,PASS,2022-01-05,2022-01-07,,2022-01-07,2022-01-07,2022-01-07,60.0,NEUTRAL,"Policy Bias: MIXED (혼조) (WEAK, score=+0.5) | REAL_RATEΔ +0.010 / FCI value=-0.562 (low-frequency) / DXYΔ -0.510 / US10YΔ +0.038",3.2,-1.983753581477104,HIGH,NEUTRAL,2,🟡 TRANSITION,2,2.0,🌱 LIGHT TRACE,UNKNOWN_TRANSITION,TRANSITION / MIXED,1.36835391081829,55,0,5,-5,0,0,0,0,1,0,0,0,56,65,0,100,65,0,56,438.552978515625,False,False,False,56,56,56,56,-0.00124435440816828,-0.0006968384685742369,-0.0006968384685742369,-0.0006968384685742369,0.9915334404354341,0.9915334404354341,0.9915334404354341
2022-01-10,PASS,2022-01-05,2022-01-10,,2022-01-10,2022-01-10,2022-01-10,60.0,NEUTRAL,"Policy Bias: TIGHTENING (긴축) (STRONG, score=+2.5) | REAL_RATEΔ +0.020 / FCI value=-0.562 (low-frequency) / DXYΔ +0.250 / US10YΔ +0.009",3.24,-1.983753581477104,HIGH,GLOBAL FINANCIAL TIGHTENING (글로벌 긴축 구조),2,🟡 TRANSITION,2,2.0,🌱 LIGHT TRACE,TIGHTENING_GROWTH_SCARE,SOFT RISK-OFF,1.338570063244836,55,-10,5,-5,0,0,0,0,1,-8,0,0,38,45,0,100,45,0,38,438.00726318359375,False,False,False,38,38,38,38,0.009108370582044278,0.0034611808211768257,0.0034611808211768257,0.0034611808211768257,0.9949653169630247,0.9949653169630247,0.9949653169630247
2022-01-11,PASS,2022-01-05,2022-01-11,,2022-01-11,2022-01-11,2022-01-11,60.0,NEUTRAL,"Policy Bias: EASING (완화) (STRONG, score=-2.5) | REAL_RATEΔ -0.090 / FCI value=-0.562 (low-frequency) / DXYΔ -0.370 / US10YΔ -0.034",3.18,-1.983753581477104,HIGH,COST-PUSH STRUCTURE (비용 주도 구조),2,🟡 TRANSITION,2,2.0,🌱 LIGHT TRACE,POLICY_EASING,EVENT-WATCHING / POLICY SHIFT,1.4749324818627296,55,10,5,-5,0,0,0,0,1,0,0,0,66,100,0,100,100,0,66,441.9967956542969,False,False,False,66,66,66,66,0.0027033799015159232,0.0017842307350005094,0.0017842307350005094,0.0017842307350005094,0.9967405646618096,0.9967405646618096,0.9967405646618096
2022-01-12,PASS,2022-01-12,2022-01-12,,2022-01-12,2022-01-12,2022-01-12,60.0,NEUTRAL,"Policy Bias: MIXED (혼조) (WEAK, score=-0.5) | REAL_RATEΔ +0.050 / FCI value=-0.562 (low-frequency) / DXYΔ -0.620 / US10YΔ -0.021",3.06,-0.5270441709660919,HIGH,NEUTRAL,2,🟡 POSITIVE-TRANSITION,1,2.0,🌱 LIGHT TRACE,POLICY_EASING,RISK-ON / LIQUIDITY,1.5076567937553538,55,0,5,-5,0,0,0,0,1,5,-4,0,57,85,0,100,85,0,57,443.1916809082031,False,False,False,57,57,57,57,-0.013778545781185647,-0.007853771095275817,-0.007853771095275817,-0.007853771095275817,0.9889123924255797,0.9889123924255797,0.9889123924255797
2022-01-13,PASS,2022-01-12,2022-01-13,,2022-01-13,2022-01-13,2022-01-13,60.0,NEUTRAL,"Policy Bias: MIXED (혼조) (WEAK, score=-0.5) | REAL_RATEΔ +0.010 / FCI value=-0.562 (low-frequency) / DXYΔ -0.210 / US10YΔ -0.014",3.1,-0.5270441709660919,HIGH,NEUTRAL,2,🟡 VOL STRESS TRANSITION,2,1.0,🌱 LIGHT TRACE,DISINFLATION,EARLY RISK-ON,1.273038607842499,55,0,5,-5,0,0,0,0,1,0,0,0,56,100,0,100,100,0,56,437.0851440429688,False,False,False,56,56,56,56,0.00040880002982723873,0.0002289280167032537,0.0002289280167032537,0.0002289280167032537,0.9891387821782709,0.9891387821782709,0.9891387821782709
2022-01-14,PASS,2022-01-12,2022-01-14,,2022-01-14,2022-01-14,2022-01-14,60.0,NEUTRAL,"Policy Bias: TIGHTENING (긴축) (STRONG, score=+2.5) | REAL_RATEΔ +0.070 / FCI value=-0.562 (low-frequency) / DXYΔ +0.380 / US10YΔ +0.061",3.09,-0.5270441709660919,HIGH,GLOBAL FINANCIAL TIGHTENING (글로벌 긴축 구조),2,🟡 TRANSITION,2,2.0,🌱 LIGHT TRACE,STAGFLATION_RISK,SOFT RISK-OFF / STAGFLATION,1.27285133223269,55,-10,5,-5,0,0,0,0,1,-12,0,0,34,45,0,100,45,0,34,437.2638244628906,False,False,False,34,34,34,34,,,,,0.9891387821782709,0.9891387821782709,0.9891387821782709
2022-01-17,PASS,2022-01-12,2022-01-17,,2022-01-17,2022-01-17,2022-01-17,50.0,NEUTRAL,"Policy Bias: MIXED (혼조) (WEAK, score=+0.0) | REAL_RATEΔ +0.000 / FCI value=-0.562 (low-frequency) / DXYΔ N/A / US10YΔ N/A",3.09,-0.5270441709660919,HIGH,NEUTRAL,2,🟡 TRANSITION,2,2.0,🌱 LIGHT TRACE,UNKNOWN_TRANSITION,TRANSITION / MIXED,0.0,55,0,5,-5,0,0,0,0,1,0,0,0,56,65,0,100,65,0,56,,False,False,False,56,56,56,56,,,,,0.9891387821782709,0.9891387821782709,0.9891387821782709
2022-01-18,PASS,2022-01-12,2022-01-18,,2022-01-18,2022-01-18,2022-01-18,60.0,NEUTRAL,"Policy Bias: TIGHTENING (긴축) (STRONG, score=+2.5) | REAL_RATEΔ +0.070 / FCI value=-0.562 (low-frequency) / DXYΔ +0.560 / US10YΔ +0.093",3.12,-0.5270441709660919,HIGH,GLOBAL FINANCIAL TIGHTENING (글로벌 긴축 구조),2,🟡 VOL STRESS TRANSITION,2,2.0,🌱 LIGHT TRACE,STAGFLATION_RISK,SOFT RISK-OFF / STAGFLATION,0.9770030208961942,55,-10,5,-5,0,0,0,0,1,-12,0,0,34,45,0,100,45,0,34,429.5201416015625,False,False,False,34,34,34,34,-0.010383518694355054,-0.0035303963560807186,-0.0035303963560807186,-0.0035303963560807186,0.9856467302260106,0.9856467302260106,0.9856467302260106
2022-01-19,PASS,2022-01-19,2022-01-19,,2022-01-19,2022-01-19,2022-01-19,60.0,NEUTRAL,"Policy Bias: MIXED (혼조) (WEAK, score=-0.5) | REAL_RATEΔ +0.020 / FCI value=-0.562 (low-frequency) / DXYΔ -0.220 / US10YΔ -0.038",3.11,0.5658881257245273,HIGH,NEUTRAL,2,🟡 VOL STRESS TRANSITION,2,2.0,🌱 LIGHT TRACE,UNKNOWN_TRANSITION,TRANSITION / MIXED,0.8025893645090302,55,0,5,10,0,0,0,0,1,0,0,0,71,65,-6,100,65,0,65,425.0602111816406,False,False,False,65,71,65,65,-0.011067983317218588,-0.007194189156192083,-0.007194189156192083,-0.007194189156192083,0.9785558012075825,0.9785558012075825,0.9785558012075825
2022-01-20,PASS,2022-01-19,2022-01-20,,2022-01-20,2022-01-20,2022-01-20,70.0,NEUTRAL,"Policy Bias: TIGHTENING (긴축) (STRONG, score=+2.5) | REAL_RATEΔ +0.070 / FCI value=-0.562 (low-frequency) / DXYΔ +0.230 / US10YΔ +0.006",3.1,0.5658881257245273,HIGH,GLOBAL FINANCIAL TIGHTENING (글로벌 긴축 구조),2,🟡 VOL STRESS TRANSITION,2,2.0,🌱 LIGHT TRACE,TIGHTENING_GROWTH_SCARE,HARD RISK-OFF,0.6171460486983064,55,-10,5,10,0,0,0,0,1,-8,0,0,53,20,-33,100,20,0,20,420.3556518554688,True,False,True,20,53,30,35,-0.019630739002603148,-0.0039261478005206294,-0.005889221700780945,-0.006870758650911101,0.9747138465009847,0.9727928691476856,0.9718323804710362
2022-01-21,PASS,2022-01-19,2022-01-21,,2022-01-21,2022-01-21,2022-01-21,70.0,NEUTRAL,"Policy Bias: EASING (완화) (STRONG, score=-2.5) | REAL_RATEΔ -0.090 / FCI value=-0.555 (low-frequency) / DXYΔ -0.100 / US10YΔ -0.086",3.29,0.5658881257245273,HIGH,WEAK DEMAND + RISK-OFF (수요 둔화),2,🟡 VOL STRESS TRANSITION,2,2.0,🌱 LIGHT TRACE,DISINFLATION,EARLY RISK-ON,0.2937758028166572,55,10,5,10,0,0,0,0,1,0,0,0,81,100,0,100,100,0,81,412.103759765625,False,True,False,81,81,81,81,0.004246651465037887,0.003439787686680689,0.003439787686680689,0.003439787686680689,0.978066655188216,0.9761390700806706,0.975175277526898
2022-01-24,PASS,2022-01-19,2022-01-24,,2022-01-24,2022-01-24,2022-01-24,70.0,NEUTRAL,"Policy Bias: MIXED (혼조) (WEAK, score=-0.5) | REAL_RATEΔ -0.040 / FCI value=-0.555 (low-frequency) / DXYΔ +0.280 / US10YΔ -0.012",3.44,0.5658881257245273,HIGH,SYSTEMIC HEDGE (시스템적 위험 회피),2,🟡 VOL STRESS TRANSITION,2,2.0,🌱 LIGHT TRACE,UNKNOWN_TRANSITION,TRANSITION / MIXED,0.3548659999823525,55,0,5,10,-20,0,0,0,1,0,0,0,51,30,-21,30,30,0,30,413.8538208007813,False,False,False,30,51,30,30,-0.012208909531499001,-0.0036626728594497003,-0.0036626728594497003,-0.0036626728594497003,0.9744843169955254,0.9725637920016377,0.971603529504694
2022-01-25,PASS,2022-01-19,2022-01-25,,2022-01-25,2022-01-25,2022-01-25,80.0,GREED,"Policy Bias: TIGHTENING (긴축) (MODERATE, score=+1.5) | REAL_RATEΔ +0.000 / FCI value=-0.555 (low-frequency) / DXYΔ +0.030 / US10YΔ +0.048",3.39,0.5658881257245273,HIGH,NEUTRAL,2,🟡 VOL STRESS TRANSITION,2,2.0,🌱 LIGHT TRACE,STAGFLATION_RISK,SOFT RISK-OFF / STAGFLATION,0.1515781190917677,70,-10,5,10,0,0,0,0,1,-12,0,0,64,45,-19,100,45,0,45,408.8011169433594,False,False,False,45,64,45,45,-0.0025087351476361652,-0.0011289308164362745,-0.0011289308164362745,-0.0011289308164362745,0.9733841916199353,0.9714658347658969,0.9705066563388779
2022-01-26,PASS,2022-01-26,2022-01-26,,2022-01-26,2022-01-26,2022-01-26,80.0,GREED,"Policy Bias: TIGHTENING (긴축) (STRONG, score=+2.5) | REAL_RATEΔ +0.100 / FCI value=-0.555 (low-frequency) / DXYΔ +0.540 / US10YΔ +0.065",3.25,-1.5933844454901678,HIGH,GLOBAL FINANCIAL TIGHTENING (글로벌 긴축 구조),2,🟡 VOL STRESS TRANSITION,2,2.0,🌱 LIGHT TRACE,STAGFLATION_RISK,SOFT RISK-OFF / STAGFLATION,0.1048031206303493,70,-10,5,-5,0,0,0,0,1,-12,0,0,49,45,-4,100,45,0,45,407.7755432128906,False,False,False,45,49,45,45,-0.004938037293699349,-0.0022221167821647072,-0.0022221167821647072,-0.0022221167821647072,0.9712212182722428,0.9693071242311639,0.9683500772106247
2022-01-27,PASS,2022-01-26,2022-01-27,,2022-01-27,2022-01-27,2022-01-27,80.0,GREED,"Policy Bias: MIXED (혼조) (WEAK, score=-0.5) | REAL_RATEΔ -0.060 / FCI value=-0.555 (low-frequency) / DXYΔ +0.770 / US10YΔ -0.041",3.46,-1.5933844454901678,HIGH,NEUTRAL,2,🟡 VOL STRESS TRANSITION,2,2.0,🌱 LIGHT TRACE,UNKNOWN_TRANSITION,TRANSITION / MIXED,0.0186844508762793,70,0,5,-5,0,0,0,0,1,0,0,0,71,65,-6,100,65,0,65,405.7619323730469,False,False,False,65,71,65,65,0.0248353509440844,0.016142978113654862,0.016142978113654862,0.016142978113654862,0.9868996211423289,0.9849546279230373,0.9839821313133919
2022-01-28,PASS,2022-01-26,2022-01-28,,2022-01-28,2022-01-28,2022-01-28,70.0,NEUTRAL,"Policy Bias: MIXED (혼조) (WEAK, score=-0.5) | REAL_RATEΔ -0.070 / FCI value=-0.541 (low-frequency) / DXYΔ +0.010 / US10YΔ -0.025",3.61,-1.5933844454901678,HIGH,NEUTRAL,2,🟡 VOL STRESS TRANSITION,2,2.0,🌱 LIGHT TRACE,UNKNOWN_TRANSITION,TRANSITION / MIXED,0.4111678840794743,55,0,5,-5,0,0,0,0,1,0,0,0,56,65,0,100,65,0,56,415.8391723632813,False,False,False,56,56,56,56,0.018011087155658245,0.010086208807168618,0.010086208807168618,0.010086208807168618,0.996853696792886,0.9948890859658562,0.9939067805523416
2022-01-31,PASS,2022-01-26,2022-01-31,,2022-01-31,2022-01-31,2022-01-31,60.0,NEUTRAL,"Policy Bias: MIXED (혼조) (WEAK, score=+0.0) | REAL_RATEΔ +0.010 / FCI value=-0.541 (low-frequency) / DXYΔ -0.730 / US10YΔ +0.000",3.63,-1.5933844454901678,HIGH,NEUTRAL,2,🟡 VOL STRESS TRANSITION,2,2.0,🌱 LIGHT TRACE,UNKNOWN_TRANSITION,TRANSITION / MIXED,0.7029188847669884,55,0,5,-5,0,0,0,0,1,0,0,0,56,65,0,100,65,0,56,423.3288879394531,False,False,False,56,56,56,56,0.006757023195741674,0.003783932989615338,0.003783932989615338,0.003783932989615338,1.0006257243820007,0.9986536795992508,0.9976676572078761
2022-02-01,PASS,2022-01-26,2022-02-01,,2022-02-01,2022-02-01,2022-02-01,60.0,NEUTRAL,"Policy Bias: MIXED (혼조) (WEAK, score=+0.5) | REAL_RATEΔ +0.030 / FCI value=-0.541 (low-frequency) / DXYΔ -0.150 / US10YΔ +0.018",3.51,-1.5933844454901678,HIGH,NEUTRAL,2,🟡 VOL STRESS TRANSITION,2,2.0,🌱 LIGHT TRACE,REFLATION,RISK-ON / REFLATION,0.8107086252762955,55,0,5,-5,0,0,0,0,1,6,0,0,62,85,0,100,85,0,62,426.1893310546875,False,False,False,62,62,62,62,0.00971402695180612,0.006022696710119795,0.006022696710119795,0.006022696710119795,1.0066521896402973,1.0046682678299221,1.003676306924735
2022-02-02,PASS,2022-02-02,2022-02-02,,2022-02-02,2022-02-02,2022-02-02,60.0,NEUTRAL,"Policy Bias: EASING (완화) (STRONG, score=-2.5) | REAL_RATEΔ -0.010 / FCI value=-0.541 (low-frequency) / DXYΔ -0.450 / US10YΔ -0.034",3.45,-0.5844720826353803,HIGH,NEUTRAL,2,🟡 VOL STRESS TRANSITION,2,2.0,🌱 LIGHT TRACE,UNKNOWN_TRANSITION,TRANSITION / MIXED,0.973147062666174,55,10,5,-5,0,0,0,0,1,0,0,0,66,65,-1,100,65,0,65,430.329345703125,False,False,False,65,66,65,65,-0.02350501722143461,-0.015278261193932496,-0.015278261193932496,-0.015278261193932496,0.9912722945555288,0.9893186836207608,0.9883418781533773
2022-02-03,PASS,2022-02-02,2022-02-03,,2022-02-03,2022-02-03,2022-02-03,60.0,NEUTRAL,"Policy Bias: MIXED (혼조) (WEAK, score=+0.5) | REAL_RATEΔ +0.070 / FCI value=-0.541 (low-frequency) / DXYΔ -0.560 / US10YΔ +0.061",3.51,-0.5844720826353803,HIGH,NEUTRAL,2,🟡 VOL STRESS TRANSITION,2,2.0,🌱 LIGHT TRACE,REFLATION,RISK-ON / REFLATION,0.5604660165034683,55,0,5,-5,0,0,0,0,1,6,0,0,62,85,0,100,85,0,62,420.2144470214844,False,False,False,62,62,62,62,0.004702464932317962,0.0029155282580371365,0.0029155282580371365,0.0029155282580371365,0.9941623769417147,0.9922030701990612,0.9912234168277348
2022-02-04,PASS,2022-02-02,2022-02-04,,2022-02-04,2022-02-04,2022-02-04,60.0,NEUTRAL,"Policy Bias: TIGHTENING (긴축) (STRONG, score=+2.5) | REAL_RATEΔ +0.080 / FCI value=-0.522 (low-frequency) / DXYΔ +0.100 / US10YΔ +0.103",3.56,-0.5844720826353803,HIGH,NEUTRAL,2,🟡 VOL STRESS TRANSITION,2,2.0,🌱 LIGHT TRACE,STAGFLATION_RISK,SOFT RISK-OFF / STAGFLATION,0.6339828254804636,55,-10,5,-5,0,0,0,0,1,-12,0,0,34,45,0,100,45,0,34,422.19049072265625,False,False,False,34,34,34,34,-0.0032095500341252636,-0.0010912470116025898,-0.0010912470116025898,-0.0010912470116025898,0.9930775002188293,0.9911203315638035,0.9901417472362911
2022-02-07,PASS,2022-02-02,2022-02-07,,2022-02-07,2022-02-07,2022-02-07,60.0,NEUTRAL,"Policy Bias: EASING (완화) (MODERATE, score=-1.5) | REAL_RATEΔ +0.000 / FCI value=-0.522 (low-frequency) / DXYΔ -0.080 / US10YΔ -0.014",3.6,-0.5844720826353803,HIGH,NEUTRAL,2,🟡 VOL STRESS TRANSITION,2,2.0,🌱 LIGHT TRACE,DISINFLATION,EARLY RISK-ON,0.5727049583913352,55,10,5,-5,0,0,0,0,1,0,0,0,66,100,0,100,100,0,66,420.83544921875,False,False,False,66,66,66,66,0.00822795696803813,0.005430451598905166,0.005430451598905166,0.005430451598905166,0.9984703595177294,0.9965025625530516,0.9955186640707132
2022-02-08,PASS,2022-02-02,2022-02-08,,2022-02-08,2022-02-08,2022-02-08,60.0,NEUTRAL,"Policy Bias: TIGHTENING (긴축) (STRONG, score=+2.5) | REAL_RATEΔ +0.020 / FCI value=-0.522 (low-frequency) / DXYΔ +0.240 / US10YΔ +0.038",3.55,-0.5844720826353803,HIGH,GLOBAL FINANCIAL TIGHTENING (글로벌 긴축 구조),2,🟡 VOL STRESS TRANSITION,2,2.0,🌱 LIGHT TRACE,TIGHTENING_GROWTH_SCARE,SOFT RISK-OFF,0.7078794909202207,55,-10,5,-5,0,0,0,0,1,-8,0,0,38,45,0,100,45,0,38,424.2980651855469,False,False,False,38,38,38,38,0.014636133221811454,0.005561730624288353,0.005561730624288353,0.005561730624288353,1.0040235826937034,1.0020448413723846,1.0010554707117258
2022-02-09,PASS,2022-02-09,2022-02-09,,2022-02-09,2022-02-09,2022-02-09,60.0,NEUTRAL,"Policy Bias: EASING (완화) (STRONG, score=-2.5) | REAL_RATEΔ -0.020 / FCI value=-0.522 (low-frequency) / DXYΔ -0.150 / US10YΔ -0.025",3.46,-0.0712468592210237,HIGH,NEUTRAL,2,🟡 TRANSITION,2,2.0,🌱 LIGHT TRACE,POLICY_EASING,EVENT-WATCHING / POLICY SHIFT,0.9568277087742062,55,10,5,-5,0,0,0,0,1,0,0,0,66,100,0,100,100,0,66,430.5081481933594,False,False,False,66,66,66,66,-0.0179658296076719,-0.011857447541063456,-0.011857447541063456,-0.011857447541063456,0.9921184257319222,0.9901631472320183,0.989185507982067
2022-02-10,PASS,2022-02-09,2022-02-10,,2022-02-10,2022-02-10,2022-02-10,60.0,NEUTRAL,"Policy Bias: TIGHTENING (긴축) (STRONG, score=+2.5) | REAL_RATEΔ +0.060 / FCI value=-0.522 (low-frequency) / DXYΔ +0.060 / US10YΔ +0.102",3.44,-0.0712468592210237,HIGH,NEUTRAL,2,🟡 VOL STRESS TRANSITION,2,2.0,🌱 LIGHT TRACE,STAGFLATION_RISK,SOFT RISK-OFF / STAGFLATION,0.6310956717104442,55,-10,5,-5,0,0,0,0,1,-12,0,0,34,45,0,100,45,0,34,422.7737121582031,False,False,False,34,34,34,34,-0.01971862746959241,-0.0067043333396614195,-0.0067043333396614195,-0.0067043333396614195,0.9854669330933953,0.9835247634323265,0.9825536786017928
2022-02-11,PASS,2022-02-09,2022-02-11,,2022-02-11,2022-02-11,2022-02-11,70.0,NEUTRAL,"Policy Bias: MIXED (혼조) (WEAK, score=-0.5) | REAL_RATEΔ -0.090 / FCI value=-0.497 (low-frequency) / DXYΔ +0.530 / US10YΔ -0.076",3.66,-0.0712468592210237,HIGH,COST-PUSH STRUCTURE (비용 주도 구조),2,🟡 VOL STRESS TRANSITION,2,2.0,🌱 LIGHT TRACE,UNKNOWN_TRANSITION,TRANSITION / MIXED,0.2773541464684448,55,0,5,-5,0,0,0,0,1,0,0,0,56,65,0,100,65,0,56,414.4371948242188,False,False,False,56,56,56,56,-0.0032693734251980633,-0.0018308491181109156,-0.0018308491181109156,-0.0018308491181109156,0.9836626918280138,0.9817240779865561,0.980754771065828
2022-02-14,PASS,2022-02-09,2022-02-14,,2022-02-14,2022-02-14,2022-02-14,70.0,NEUTRAL,"Policy Bias: TIGHTENING (긴축) (STRONG, score=+2.5) | REAL_RATEΔ +0.010 / FCI value=-0.497 (low-frequency) / DXYΔ +0.290 / US10YΔ +0.041",3.74,-0.0712468592210237,HIGH,SYSTEMIC HEDGE (시스템적 위험 회피),2,🟡 VOL STRESS TRANSITION,2,2.0,🌱 LIGHT TRACE,STAGFLATION_RISK,SOFT RISK-OFF / STAGFLATION,0.2127771003001395,55,-10,5,-5,-20,0,0,0,1,-12,0,0,14,30,0,30,30,0,14,413.0822448730469,False,False,False,14,14,14,14,0.016126991087907827,0.002257778752307096,0.002257778752307096,0.002257778752307096,0.9858835845530602,0.9839405937504624,0.9829690983491641
2022-02-15,PASS,2022-02-09,2022-02-15,,2022-02-15,2022-02-15,2022-02-15,70.0,NEUTRAL,"Policy Bias: MIXED (혼조) (WEAK, score=+0.5) | REAL_RATEΔ +0.070 / FCI value=-0.497 (low-frequency) / DXYΔ -0.380 / US10YΔ +0.049",3.67,-0.0712468592210237,HIGH,NEUTRAL,2,🟡 VOL STRESS TRANSITION,2,2.0,🌱 LIGHT TRACE,UNKNOWN_TRANSITION,TRANSITION / MIXED,0.4884861185120694,55,0,5,-5,0,0,0,0,1,0,0,0,56,65,0,100,65,0,56,419.7440185546875,False,False,False,56,56,56,56,0.0011207508529047505,0.0006276204776266604,0.0006276204776266604,0.0006276204776266604,0.9865023452792818,0.9845581350158684,0.9835860298841623
2022-02-16,PASS,2022-02-16,2022-02-16,,2022-02-16,2022-02-16,2022-02-16,60.0,NEUTRAL,"Policy Bias: MIXED (혼조) (WEAK, score=-0.5) | REAL_RATEΔ +0.000 / FCI value=-0.497 (low-frequency) / DXYΔ -0.290 / US10YΔ +0.002",3.68,0.3281576481834312,HIGH,NEUTRAL,2,🟡 VOL STRESS TRANSITION,2,2.0,🌱 LIGHT TRACE,REFLATION,RISK-ON / REFLATION,0.5022667406194161,55,0,5,10,0,0,0,0,1,6,0,0,77,85,0,100,85,0,77,420.2144470214844,False,False,False,77,77,77,77,-0.02136135237752579,-0.01644824133069486,-0.01644824133069486,-0.01644824133069486,0.9702761166308317,0.9683638852070285,0.9674077694951275
2022-02-17,PASS,2022-02-16,2022-02-17,,2022-02-17,2022-02-17,2022-02-17,70.0,NEUTRAL,"Policy Bias: MIXED (혼조) (WEAK, score=-0.5) | REAL_RATEΔ -0.030 / FCI value=-0.497 (low-frequency) / DXYΔ +0.100 / US10YΔ -0.075",3.74,0.3281576481834312,HIGH,WEAK DEMAND + RISK-OFF (수요 둔화),2,🟡 VOL STRESS TRANSITION,2,2.0,🌱 LIGHT TRACE,UNKNOWN_TRANSITION,TRANSITION / MIXED,0.1070217479833629,55,0,5,10,0,0,0,0,1,0,0,0,71,65,-6,100,65,0,65,411.2380981445313,False,False,False,65,71,65,65,-0.006475108437937305,-0.004208820484659248,-0.004208820484659248,-0.004208820484659248,0.9661923986353803,0.964288215450365,0.9633361238578579
2022-02-18,PASS,2022-02-16,2022-02-18,,2022-02-18,2022-02-18,2022-02-18,70.0,NEUTRAL,"Policy Bias: MIXED (혼조) (WEAK, score=-0.5) | REAL_RATEΔ -0.030 / FCI value=-0.468 (low-frequency) / DXYΔ +0.240 / US10YΔ -0.040",3.78,0.3281576481834312,HIGH,NEUTRAL,2,🟡 VOL STRESS TRANSITION,2,2.0,🌱 LIGHT TRACE,UNKNOWN_TRANSITION,TRANSITION / MIXED,-0.0187777220037838,55,0,5,10,0,0,0,0,1,0,0,0,71,65,-6,100,65,0,65,408.5752868652344,False,False,False,65,71,65,65,,,,,0.9661923986353803,0.964288215450365,0.9633361238578579
2022-02-21,PASS,2022-02-16,2022-02-21,,2022-02-21,2022-02-21,2022-02-21,50.0,NEUTRAL,"Policy Bias: MIXED (혼조) (WEAK, score=+0.0) | REAL_RATEΔ +0.000 / FCI value=-0.468 (low-frequency) / DXYΔ N/A / US10YΔ N/A",3.78,0.3281576481834312,HIGH,NEUTRAL,2,🟡 TRANSITION,2,2.0,🌱 LIGHT TRACE,UNKNOWN_TRANSITION,TRANSITION / MIXED,0.0,55,0,5,10,0,0,0,0,1,0,0,0,71,65,-6,100,65,0,65,,False,False,False,65,71,65,65,,,,,0.9661923986353803,0.964288215450365,0.9633361238578579
2022-02-22,PASS,2022-02-16,2022-02-22,,2022-02-22,2022-02-22,2022-02-22,70.0,NEUTRAL,"Policy Bias: EASING (완화) (MODERATE, score=-1.5) | REAL_RATEΔ -0.020 / FCI value=-0.468 (low-frequency) / DXYΔ -0.010 / US10YΔ +0.016",3.75,0.3281576481834312,HIGH,NEUTRAL,2,🟡 VOL STRESS TRANSITION,2,2.0,🌱 LIGHT TRACE,REFLATION,RISK-ON / REFLATION,-0.2368038364494374,55,10,5,10,0,0,0,0,1,6,0,0,87,85,-2,100,85,0,85,404.1905517578125,False,False,False,85,87,85,85,-0.017738662552863382,-0.015077863169933875,-0.015077863169933875,-0.015077863169933875,0.9516242818529258,0.9497488096814247,0.9488110735956747
2022-02-23,PASS,2022-02-23,2022-02-23,,2022-02-23,2022-02-23,2022-02-23,80.0,GREED,"Policy Bias: MIXED (혼조) (WEAK, score=+0.5) | REAL_RATEΔ -0.030 / FCI value=-0.468 (low-frequency) / DXYΔ +0.160 / US10YΔ +0.029",3.72,0.1424489316448531,HIGH,NEUTRAL,2,🟡 VOL STRESS TRANSITION,2,2.0,🌱 LIGHT TRACE,TIGHTENING_GROWTH_SCARE,HARD RISK-OFF,-0.5750168208421514,70,0,5,10,0,0,0,0,1,-8,0,0,78,20,-58,100,20,0,20,397.020751953125,True,False,True,20,78,30,35,0.015049145337250103,0.0030098290674500207,0.004514743601175031,0.005267200868037536,0.954488508277738,0.9540366820426575,0.9538086521061214
2022-02-24,PASS,2022-02-23,2022-02-24,,2022-02-24,2022-02-24,2022-02-24,80.0,GREED,"Policy Bias: MIXED (혼조) (WEAK, score=-0.5) | REAL_RATEΔ -0.050 / FCI value=-0.468 (low-frequency) / DXYΔ +0.950 / US10YΔ -0.008",3.93,0.1424489316448531,HIGH,SYSTEMIC HEDGE (시스템적 위험 회피),2,🟡 VOL STRESS TRANSITION,2,2.0,🌱 LIGHT TRACE,UNKNOWN_TRANSITION,TRANSITION / MIXED,-0.3137192456015807,70,0,5,10,-20,0,0,0,1,0,0,0,66,30,-36,30,30,0,30,402.9955749511719,False,True,False,30,66,30,30,0.022064148350680934,0.00661924450520428,0.00661924450520428,0.00661924450520428,0.9608065010914361,0.9603516841080316,0.9601221447855911
2022-02-25,PASS,2022-02-23,2022-02-25,,2022-02-25,2022-02-25,2022-02-25,70.0,NEUTRAL,"Policy Bias: MIXED (혼조) (WEAK, score=+0.5) | REAL_RATEΔ +0.020 / FCI value=-0.439 (low-frequency) / DXYΔ -0.520 / US10YΔ +0.017",3.62,0.1424489316448531,HIGH,NEUTRAL,2,🟡 VOL STRESS TRANSITION,2,2.0,🌱 LIGHT TRACE,UNKNOWN_TRANSITION,TRANSITION / MIXED,0.0880312808077307,55,0,5,10,0,0,0,0,1,0,0,0,71,65,-6,100,65,0,65,411.8873291015625,False,False,False,65,71,65,65,-0.002558472707895665,-0.0016630072601321823,-0.0016630072601321823,-0.0016630072601321823,0.9592086729045388,0.9587546122850799,0.958525454688199
2022-02-28,PASS,2022-02-23,2022-02-28,,2022-02-28,2022-02-28,2022-02-28,80.0,GREED,"Policy Bias: MIXED (혼조) (WEAK, score=-0.5) | REAL_RATEΔ -0.220 / FCI value=-0.439 (low-frequency) / DXYΔ +0.090 / US10YΔ -0.147",3.77,0.1424489316448531,HIGH,COST-PUSH STRUCTURE (비용 주도 구조),2,🟡 VOL STRESS TRANSITION,2,2.0,🌱 LIGHT TRACE,UNKNOWN_TRANSITION,TRANSITION / MIXED,0.0304931683369696,70,0,5,10,0,0,0,0,1,0,0,0,86,65,-21,100,65,0,65,410.8335266113281,False,False,False,65,86,65,65,-0.015230208035199033,-0.009899635222879372,-0.009899635222879372,-0.009899635222879372,0.9497128569401616,0.9492632913552044,0.9490364023349412
2022-03-01,PASS,2022-02-23,2022-03-01,,2022-03-01,2022-03-01,2022-03-01,80.0,GREED,"Policy Bias: MIXED (혼조) (WEAK, score=-0.5) | REAL_RATEΔ -0.110 / FCI value=-0.439 (low-frequency) / DXYΔ +0.700 / US10YΔ -0.132",3.89,0.1424489316448531,HIGH,SYSTEMIC HEDGE (시스템적 위험 회피),2,🟡 VOL STRESS TRANSITION,2,2.0,🌱 LIGHT TRACE,UNKNOWN_TRANSITION,TRANSITION / MIXED,-0.2737541658942128,70,0,5,10,-20,0,0,0,1,0,0,0,66,30,-36,30,30,0,30,404.5764465332031,False,False,False,30,66,30,30,0.01839617094489543,0.005518851283468629,0.005518851283468629,0.005518851283468629,0.9549541809596124,0.9545021342890496,0.9542739931020258
2022-03-02,PASS,2022-03-02,2022-03-02,,2022-03-02,2022-03-02,2022-03-02,80.0,GREED,"Policy Bias: MIXED (혼조) (WEAK, score=+0.5) | REAL_RATEΔ +0.050 / FCI value=-0.439 (low-frequency) / DXYΔ -0.020 / US10YΔ +0.158",3.71,-0.1036256232860739,HIGH,NEUTRAL,2,🟡 VOL STRESS TRANSITION,2,2.0,🌱 LIGHT TRACE,REFLATION,RISK-ON / REFLATION,0.0715660028443939,70,0,5,-5,0,0,0,0,1,6,0,0,77,85,0,100,85,0,77,412.0191040039063,False,False,False,77,77,77,77,-0.004978652758802049,-0.003833562624277578,-0.003833562624277578,-0.003833562624277578,0.9512933043035879,0.950842990582246,0.9506157239887497
2022-03-03,PASS,2022-03-02,2022-03-03,,2022-03-03,2022-03-03,2022-03-03,80.0,GREED,"Policy Bias: TIGHTENING (긴축) (MODERATE, score=+1.5) | REAL_RATEΔ +0.020 / FCI value=-0.439 (low-frequency) / DXYΔ +0.400 / US10YΔ -0.021",3.71,-0.1036256232860739,HIGH,SYSTEMIC HEDGE (시스템적 위험 회피),2,🟡 VOL STRESS TRANSITION,2,2.0,🌱 LIGHT TRACE,UNKNOWN_TRANSITION,TRANSITION / MIXED,-0.0352345804856018,70,-10,5,-5,-20,0,0,0,1,0,0,0,41,30,-11,30,30,0,30,409.9678039550781,False,False,False,30,41,30,30,-0.008124715038345331,-0.002437414511503599,-0.002437414511503599,-0.002437414511503599,0.9489746081989822,0.9485253920788393,0.9482986794282361
2022-03-04,PASS,2022-03-02,2022-03-04,,2022-03-04,2022-03-04,2022-03-04,80.0,GREED,"Policy Bias: MIXED (혼조) (WEAK, score=-0.5) | REAL_RATEΔ -0.100 / FCI value=-0.412 (low-frequency) / DXYΔ +0.860 / US10YΔ -0.120",3.9,-0.1036256232860739,HIGH,SYSTEMIC HEDGE (시스템적 위험 회피),2,🟡 VOL STRESS TRANSITION,2,2.0,🌱 LIGHT TRACE,UNKNOWN_TRANSITION,TRANSITION / MIXED,-0.2052659582768424,70,0,5,-5,-20,0,0,0,1,0,0,0,51,30,-21,30,30,0,30,406.6369323730469,False,False,False,30,51,30,30,-0.029478984071586223,-0.008843695221475866,-0.008843695221475866,-0.008843695221475866,0.9405821659911509,0.9401369226014632,0.9399122149284447
2022-03-07,PASS,2022-03-02,2022-03-07,,2022-03-07,2022-03-07,2022-03-07,90.0,GREED,"Policy Bias: MIXED (혼조) (WEAK, score=+0.5) | REAL_RATEΔ -0.060 / FCI value=-0.412 (low-frequency) / DXYΔ +0.640 / US10YΔ +0.027",4.01,-0.1036256232860739,HIGH,SYSTEMIC HEDGE (시스템적 위험 회피),2,🟡 VOL STRESS TRANSITION,2,2.0,🌱 LIGHT TRACE,STAGFLATION_RISK,HARD RISK-OFF / INFLATION SHOCK,-0.8030090380428161,70,0,-10,-5,-20,0,0,0,1,-12,0,0,24,20,-4,30,20,0,20,394.6496887207031,True,False,True,20,24,24,24,-0.007581727669779825,-0.001516345533955965,-0.001819614640747158,-0.001819614640747158,0.9391559184244316,0.9384262356927906,0.9382019369011437
2022-03-08,PASS,2022-03-02,2022-03-08,,2022-03-08,2022-03-08,2022-03-08,90.0,GREED,"Policy Bias: EASING (완화) (MODERATE, score=-1.5) | REAL_RATEΔ -0.050 / FCI value=-0.412 (low-frequency) / DXYΔ -0.230 / US10YΔ +0.121",4.03,-0.1036256232860739,HIGH,NEUTRAL,2,🟡 VOL STRESS TRANSITION,2,2.0,🌱 LIGHT TRACE,REFLATION,RISK-ON / REFLATION,-0.9653532695345206,70,10,-10,-5,0,0,0,0,1,6,0,0,72,85,0,100,85,0,72,391.6575622558594,False,True,False,72,72,72,72,0.026810848043472557,0.01930381059130024,0.01930381059130024,0.01930381059130024,0.9572852063893953,0.9565414380005111,0.9563128093874743
2022-03-09,PASS,2022-03-09,2022-03-09,,2022-03-09,2022-03-09,2022-03-09,80.0,GREED,"Policy Bias: MIXED (혼조) (WEAK, score=+0.5) | REAL_RATEΔ +0.140 / FCI value=-0.412 (low-frequency) / DXYΔ -1.090 / US10YΔ +0.076",3.94,0.4518320009372954,HIGH,NEUTRAL,2,🟡 VOL STRESS TRANSITION,2,2.0,🌱 LIGHT TRACE,UNKNOWN_TRANSITION,TRANSITION / MIXED,-0.4559487259164682,70,0,5,10,0,0,0,0,1,0,0,0,86,65,-21,100,65,0,65,402.1582336425781,False,False,False,65,86,65,65,-0.0045156591847833605,-0.0029351784701091843,-0.0029351784701091843,-0.0029351784701091843,0.9544754034618471,0.9537338181659247,0.9535058606186706
2022-03-10,PASS,2022-03-09,2022-03-10,,2022-03-10,2022-03-10,2022-03-10,80.0,GREED,"Policy Bias: TIGHTENING (긴축) (STRONG, score=+2.5) | REAL_RATEΔ +0.020 / FCI value=-0.412 (low-frequency) / DXYΔ +0.540 / US10YΔ +0.063",4.0,0.4518320009372954,HIGH,GLOBAL FINANCIAL TIGHTENING (글로벌 긴축 구조),2,🟡 VOL STRESS TRANSITION,2,2.0,🌱 LIGHT TRACE,TIGHTENING_GROWTH_SCARE,HARD RISK-OFF,-0.5612711784703635,70,-10,-10,10,0,0,0,0,1,-8,0,0,53,20,-33,100,20,0,20,400.34222412109375,True,False,True,20,53,30,35,-0.012715104127678845,-0.002543020825535769,-0.003814531238303653,-0.004450286444687595,0.9520481526333819,0.9500957707235042,0.9492624864122291
2022-03-11,PASS,2022-03-09,2022-03-11,,2022-03-11,2022-03-11,2022-03-11,90.0,GREED,"Policy Bias: MIXED (혼조) (WEAK, score=-0.5) | REAL_RATEΔ -0.060 / FCI value=-0.391 (low-frequency) / DXYΔ +0.610 / US10YΔ -0.007",4.05,0.4518320009372954,HIGH,COST-PUSH STRUCTURE (비용 주도 구조),2,🟡 VOL STRESS TRANSITION,2,2.0,🌱 LIGHT TRACE,CREDIT_STRESS,HARD RISK-OFF,-0.8369416587945667,70,0,-10,10,0,0,0,0,1,-20,0,0,51,20,-31,100,20,0,20,395.2518310546875,True,True,False,20,51,20,20,-0.0073082794635911386,-0.0014616558927182278,-0.0014616558927182278,-0.0014616558927182278,0.9506565858409339,0.9487070576415795,0.9478749913052283
2022-03-14,PASS,2022-03-09,2022-03-14,,2022-03-14,2022-03-14,2022-03-14,90.0,GREED,"Policy Bias: MIXED (혼조) (WEAK, score=+0.5) | REAL_RATEΔ +0.150 / FCI value=-0.391 (low-frequency) / DXYΔ -0.060 / US10YΔ +0.136",4.16,0.4518320009372954,HIGH,WEAK DEMAND + RISK-OFF (수요 둔화),2,🟡 VOL STRESS TRANSITION,2,2.0,🌱 LIGHT TRACE,CREDIT_STRESS,HARD RISK-OFF,-1.002416433678815,70,0,-10,10,0,0,0,0,1,-20,0,0,51,20,-31,100,20,0,20,392.36322021484375,True,True,False,20,51,20,20,0.02199050506348388,0.004398101012696776,0.004398101012696776,0.004398101012696776,0.9548376695338479,0.9528795671125455,0.9520438412643978
2022-03-15,PASS,2022-03-09,2022-03-15,,2022-03-15,2022-03-15,2022-03-15,80.0,GREED,"Policy Bias: TIGHTENING (긴축) (STRONG, score=+2.5) | REAL_RATEΔ +0.100 / FCI value=-0.391 (low-frequency) / DXYΔ +0.010 / US10YΔ +0.020",4.21,0.4518320009372954,HIGH,NEUTRAL,2,🟡 VOL STRESS TRANSITION,2,2.0,🌱 LIGHT TRACE,TIGHTENING_GROWTH_SCARE,HARD RISK-OFF,-0.566505726209699,70,-10,-10,10,0,0,0,0,1,-8,0,0,53,20,-33,100,20,0,20,400.9914855957031,True,True,False,20,53,20,20,0.022174193011722076,0.004434838602344416,0.004434838602344416,0.004434838602344416,0.9590722204896692,0.9571054342001616,0.9562660020427615
2022-03-16,PASS,2022-03-16,2022-03-16,,2022-03-16,2022-03-16,2022-03-16,70.0,NEUTRAL,"Policy Bias: MIXED (혼조) (WEAK, score=+0.5) | REAL_RATEΔ +0.080 / FCI value=-0.391 (low-frequency) / DXYΔ -0.690 / US10YΔ +0.028",3.96,1.5128660305022823,HIGH,NEUTRAL,2,🟡 VOL STRESS TRANSITION,2,2.0,🌱 LIGHT TRACE,UNKNOWN_TRANSITION,TRANSITION / MIXED,-0.1101874407561519,55,0,5,10,0,0,0,0,1,0,0,0,71,65,-6,100,65,0,65,409.8831481933594,False,True,False,65,71,65,65,0.012510934550095998,0.008132107457562399,0.008132107457562399,0.008132107457562399,0.9668714988462542,0.9648887184392942,0.9640424599293869
2022-03-17,PASS,2022-03-16,2022-03-17,,2022-03-17,2022-03-17,2022-03-17,70.0,NEUTRAL,"Policy Bias: EASING (완화) (MODERATE, score=-1.5) | REAL_RATEΔ -0.100 / FCI value=-0.391 (low-frequency) / DXYΔ -0.370 / US10YΔ +0.004",3.81,1.5128660305022823,HIGH,NEUTRAL,2,🟡 VOL STRESS TRANSITION,2,2.0,🌱 LIGHT TRACE,REFLATION,RISK-ON / REFLATION,0.1531052690027243,55,10,5,10,0,0,0,0,1,6,0,0,87,85,-2,100,85,0,85,415.01116943359375,False,False,False,85,87,85,85,0.01095286845012966,0.00930993818261021,0.00930993818261021,0.00930993818261021,0.9758730127310405,0.9738717727610622,0.973017635636741
2022-03-18,PASS,2022-03-16,2022-03-18,,2022-03-18,2022-03-18,2022-03-18,60.0,NEUTRAL,"Policy Bias: MIXED (혼조) (WEAK, score=-0.5) | REAL_RATEΔ -0.010 / FCI value=-0.379 (low-frequency) / DXYΔ +0.220 / US10YΔ -0.044",3.81,1.5128660305022823,HIGH,NEUTRAL,2,🟡 VOL STRESS TRANSITION,2,2.0,🌱 LIGHT TRACE,UNKNOWN_TRANSITION,TRANSITION / MIXED,0.3899380486445576,55,0,5,10,0,0,0,0,1,0,0,0,71,65,-6,100,65,0,65,419.5567321777344,False,False,False,65,71,65,65,-0.0002926963744273037,-0.0001902526433777474,-0.0001902526433777474,-0.0001902526433777474,0.9756873503107674,0.9736864910819834,0.972832516459508
2022-03-21,PASS,2022-03-16,2022-03-21,,2022-03-21,2022-03-21,2022-03-21,60.0,NEUTRAL,"Policy Bias: TIGHTENING (긴축) (STRONG, score=+2.5) | REAL_RATEΔ +0.140 / FCI value=-0.379 (low-frequency) / DXYΔ +0.270 / US10YΔ +0.167",3.67,1.5128660305022823,HIGH,GLOBAL FINANCIAL TIGHTENING (글로벌 긴축 구조),2,🟡 VOL STRESS TRANSITION,2,2.0,🌱 LIGHT TRACE,STAGFLATION_RISK,SOFT RISK-OFF / STAGFLATION,0.3764237883800398,55,-10,5,10,0,0,0,0,1,-12,0,0,49,45,-4,100,45,0,45,419.4339294433594,False,False,False,45,49,45,45,0.011701605884919752,0.005265722648213888,0.005265722648213888,0.005265722648213888,0.9808250492888745,0.9788136540903336,0.9779551826743477
2022-03-22,PASS,2022-03-16,2022-03-22,,2022-03-22,2022-03-22,2022-03-22,60.0,NEUTRAL,"Policy Bias: MIXED (혼조) (WEAK, score=+0.5) | REAL_RATEΔ +0.050 / FCI value=-0.379 (low-frequency) / DXYΔ -0.010 / US10YΔ +0.058",3.7,1.5128660305022823,HIGH,NEUTRAL,2,🟡 VOL STRESS TRANSITION,2,2.0,🌱 LIGHT TRACE,UNKNOWN_TRANSITION,TRANSITION / MIXED,0.6430008552641517,55,0,5,10,0,0,0,0,1,0,0,0,71,65,-6,100,65,0,65,424.3419799804688,False,False,False,65,71,65,65,-0.012878395275083387,-0.008370956928804203,-0.008370956928804203,-0.008370956928804203,0.972614605046585,0.970620047150618,0.9697687619618799
2022-03-23,PASS,2022-03-23,2022-03-23,,2022-03-23,2022-03-23,2022-03-23,60.0,NEUTRAL,"Policy Bias: MIXED (혼조) (WEAK, score=-0.5) | REAL_RATEΔ -0.090 / FCI value=-0.379 (low-frequency) / DXYΔ +0.130 / US10YΔ -0.052",3.72,-0.4298637289046463,HIGH,COST-PUSH STRUCTURE (비용 주도 구조),2,🟡 VOL STRESS TRANSITION,2,2.0,🌱 LIGHT TRACE,UNKNOWN_TRANSITION,TRANSITION / MIXED,0.3370807209308185,55,0,5,-5,0,0,0,0,1,0,0,0,56,65,0,100,65,0,56,418.8771362304688,False,False,False,56,56,56,56,0.015074277093169108,0.008441595172174701,0.008441595172174701,0.008441595172174701,0.980825023800933,0.9788136286546607,0.9779551572609833
2022-03-24,PASS,2022-03-23,2022-03-24,,2022-03-24,2022-03-24,2022-03-24,60.0,NEUTRAL,"Policy Bias: TIGHTENING (긴축) (STRONG, score=+2.5) | REAL_RATEΔ +0.040 / FCI value=-0.379 (low-frequency) / DXYΔ +0.170 / US10YΔ +0.020",3.67,-0.4298637289046463,HIGH,NEUTRAL,2,🟡 VOL STRESS TRANSITION,2,2.0,🌱 LIGHT TRACE,TIGHTENING_GROWTH_SCARE,SOFT RISK-OFF,0.679129662668325,55,-10,5,-5,0,0,0,0,1,-8,0,0,38,45,0,100,45,0,38,425.19140625,False,False,False,38,38,38,38,0.0048837724737940125,0.0018558335400417248,0.0018558335400417248,0.0018558335400417248,0.982645271777015,0.9806301438161681,0.979770079242485
2022-03-25,PASS,2022-03-23,2022-03-25,,2022-03-25,2022-03-25,2022-03-25,60.0,NEUTRAL,"Policy Bias: TIGHTENING (긴축) (STRONG, score=+2.5) | REAL_RATEΔ +0.110 / FCI value=-0.374 (low-frequency) / DXYΔ +0.020 / US10YΔ +0.151",3.51,-0.4298637289046463,HIGH,NEUTRAL,2,🟡 VOL STRESS TRANSITION,2,2.0,🌱 LIGHT TRACE,STAGFLATION_RISK,SOFT RISK-OFF / STAGFLATION,0.7882543471211789,55,-10,5,-5,0,0,0,0,1,-12,0,0,34,45,0,100,45,0,34,427.2679443359375,False,False,False,34,34,34,34,0.007112850514216618,0.0024183691748336502,0.0024183691748336502,0.0024183691748336502,0.9850216708120766,0.9830016695278858,0.9821395250005494
2022-03-28,PASS,2022-03-23,2022-03-28,,2022-03-28,2022-03-28,2022-03-28,60.0,NEUTRAL,"Policy Bias: MIXED (혼조) (WEAK, score=-0.5) | REAL_RATEΔ -0.020 / FCI value=-0.374 (low-frequency) / DXYΔ +0.280 / US10YΔ -0.015",3.54,-0.4298637289046463,HIGH,NEUTRAL,2,🟡 TRANSITION,2,2.0,🌱 LIGHT TRACE,UNKNOWN_TRANSITION,TRANSITION / MIXED,0.9513798526823029,55,0,5,-5,0,0,0,0,1,0,0,0,56,65,0,100,65,0,56,430.3070373535156,False,False,False,56,56,56,56,0.01237094158486407,0.00692772728752388,0.00692772728752388,0.00692772728752388,0.9918456323197637,0.9898116370175557,0.9889435197880514
2022-03-29,PASS,2022-03-23,2022-03-29,,2022-03-29,2022-03-29,2022-03-29,60.0,NEUTRAL,"Policy Bias: MIXED (혼조) (WEAK, score=-0.5) | REAL_RATEΔ +0.040 / FCI value=-0.374 (low-frequency) / DXYΔ -0.690 / US10YΔ -0.077",3.38,-0.4298637289046463,HIGH,NEUTRAL,2,🟡 TRANSITION,2,2.0,🌱 LIGHT TRACE,DISINFLATION,EARLY RISK-ON,1.2415176864561794,55,0,5,-5,0,0,0,0,1,0,0,0,56,100,0,100,100,0,56,435.6303405761719,False,False,False,56,56,56,56,-0.006174755608422844,-0.003457863140716793,-0.003457863140716793,-0.003457863140716793,0.9884159658664843,0.9863890038416601,0.9855238884427255
2022-03-30,PASS,2022-03-30,2022-03-30,,2022-03-30,2022-03-30,2022-03-30,60.0,NEUTRAL,"Policy Bias: EASING (완화) (STRONG, score=-2.5) | REAL_RATEΔ -0.060 / FCI value=-0.374 (low-frequency) / DXYΔ -0.610 / US10YΔ -0.042",3.33,0.1705745686706858,HIGH,COST-PUSH STRUCTURE (비용 주도 구조),2,🟡 TRANSITION,2,2.0,🌱 LIGHT TRACE,UNKNOWN_TRANSITION,TRANSITION / MIXED,1.0825767586998214,55,10,5,10,0,0,0,0,1,0,0,0,81,65,-16,100,65,0,65,432.9404296875,False,False,False,65,81,65,65,-0.015391363901915311,-0.010004386536244953,-0.010004386536244953,-0.010004386536244953,0.9785274704853602,0.9765207869721265,0.9756643265220414
2022-03-31,PASS,2022-03-30,2022-03-31,,2022-03-31,2022-03-31,2022-03-31,60.0,NEUTRAL,"Policy Bias: MIXED (혼조) (WEAK, score=-0.5) | REAL_RATEΔ -0.010 / FCI value=-0.374 (low-frequency) / DXYΔ +0.520 / US10YΔ -0.031",3.43,0.1705745686706858,HIGH,SYSTEMIC HEDGE (시스템적 위험 회피),2,🟡 VOL STRESS TRANSITION,2,2.0,🌱 LIGHT TRACE,UNKNOWN_TRANSITION,TRANSITION / MIXED,0.6998548583909779,55,0,5,10,-4,0,0,0,1,0,0,0,67,30,-37,70,30,0,30,426.2768859863281,False,False,False,30,67,30,30,0.0028340719493600286,0.0008502215848080085,0.0008502215848080085,0.0008502215848080085,0.9793594356620945,0.977351046023224,0.9764938573919777
2022-04-01,PASS,2022-03-30,2022-04-01,,2022-04-01,2022-04-01,2022-04-01,60.0,NEUTRAL,"Policy Bias: TIGHTENING (긴축) (STRONG, score=+2.5) | REAL_RATEΔ +0.110 / FCI value=-0.371 (low-frequency) / DXYΔ +0.320 / US10YΔ +0.050",3.4,0.1705745686706858,HIGH,GLOBAL FINANCIAL TIGHTENING (글로벌 긴축 구조),2,🟡 TRANSITION,2,2.0,🌱 LIGHT TRACE,TIGHTENING_GROWTH_SCARE,SOFT RISK-OFF,0.762013446406456,55,-10,5,10,0,0,0,0,1,-8,0,0,53,45,-8,100,45,0,45,427.4849853515625,False,False,False,45,53,45,45,0.008566638596647635,0.003854987368491436,0.003854987368491436,0.003854987368491436,0.9831348539157848,0.9811187219602254,0.9802582288776333
2022-04-04,PASS,2022-03-30,2022-04-04,,2022-04-04,2022-04-04,2022-04-04,60.0,NEUTRAL,"Policy Bias: TIGHTENING (긴축) (STRONG, score=+2.5) | REAL_RATEΔ +0.030 / FCI value=-0.371 (low-frequency) / DXYΔ +0.360 / US10YΔ +0.035",3.33,0.1705745686706858,HIGH,GLOBAL FINANCIAL TIGHTENING (글로벌 긴축 구조),2,🟡 TRANSITION,2,2.0,🌱 LIGHT TRACE,STAGFLATION_RISK,SOFT RISK-OFF / STAGFLATION,0.9634370662613988,55,-10,5,10,0,0,0,0,1,-12,0,0,49,45,-4,100,45,0,45,431.1470947265625,False,False,False,45,49,45,45,-0.012631240980566893,-0.005684058441255102,-0.005684058441255102,-0.005684058441255102,0.9775466579504927,0.975541985806794,0.9746863838171715
2022-04-05,PASS,2022-03-30,2022-04-05,,2022-04-05,2022-04-05,2022-04-05,60.0,NEUTRAL,"Policy Bias: TIGHTENING (긴축) (STRONG, score=+2.5) | REAL_RATEΔ +0.080 / FCI value=-0.371 (low-frequency) / DXYΔ +0.480 / US10YΔ +0.144",3.27,0.1705745686706858,HIGH,GLOBAL FINANCIAL TIGHTENING (글로벌 긴축 구조),2,🟡 VOL STRESS TRANSITION,2,2.0,🌱 LIGHT TRACE,TIGHTENING_GROWTH_SCARE,SOFT RISK-OFF,0.6456545827569354,55,-10,5,10,0,0,0,0,1,-8,0,0,53,45,-8,100,45,0,45,425.701171875,False,False,False,45,53,45,45,-0.009999443702714772,-0.004499749666221647,-0.004499749666221647,-0.004499749666221647,0.9731479427026638,0.9711522910817746,0.9703005390869194
2022-04-06,PASS,2022-04-06,2022-04-06,,2022-04-06,2022-04-06,2022-04-06,60.0,NEUTRAL,"Policy Bias: TIGHTENING (긴축) (STRONG, score=+2.5) | REAL_RATEΔ +0.080 / FCI value=-0.371 (low-frequency) / DXYΔ +0.130 / US10YΔ +0.053",3.48,0.0133783260874459,HIGH,WEAK DEMAND + RISK-OFF (수요 둔화),2,🟡 VOL STRESS TRANSITION,2,2.0,🌱 LIGHT TRACE,TIGHTENING_GROWTH_SCARE,HARD RISK-OFF,0.3951546856541761,55,-10,5,10,0,0,0,0,1,-8,0,0,53,20,-33,100,20,0,20,421.44439697265625,True,False,True,20,53,30,35,0.0050389974141722416,0.0010077994828344484,0.0015116992242516724,0.0017636490949602844,0.9741286806960409,0.9726203812468331,0.9720118087545194
2022-04-07,PASS,2022-04-06,2022-04-07,,2022-04-07,2022-04-07,2022-04-07,60.0,NEUTRAL,"Policy Bias: TIGHTENING (긴축) (STRONG, score=+2.5) | REAL_RATEΔ +0.060 / FCI value=-0.371 (low-frequency) / DXYΔ +0.150 / US10YΔ +0.043",3.54,0.0133783260874459,HIGH,NEUTRAL,2,🟡 VOL STRESS TRANSITION,2,2.0,🌱 LIGHT TRACE,TIGHTENING_GROWTH_SCARE,SOFT RISK-OFF,0.5113331860753061,55,-10,5,10,0,0,0,0,1,-8,0,0,53,45,-8,100,45,0,45,423.5680541992188,False,True,False,45,53,45,45,-0.002674091921900934,-0.0012033413648554203,-0.0012033413648554203,-0.0012033413648554203,0.9729564713598673,0.9714499869097774,0.9708421467379171
2022-04-08,PASS,2022-04-06,2022-04-08,,2022-04-08,2022-04-08,2022-04-08,60.0,NEUTRAL,"Policy Bias: TIGHTENING (긴축) (STRONG, score=+2.5) | REAL_RATEΔ +0.010 / FCI value=-0.368 (low-frequency) / DXYΔ +0.050 / US10YΔ +0.061",3.57,0.0133783260874459,HIGH,NEUTRAL,2,🟡 VOL STRESS TRANSITION,2,2.0,🌱 LIGHT TRACE,STAGFLATION_RISK,SOFT RISK-OFF / STAGFLATION,0.439446671160436,55,-10,5,10,0,0,0,0,1,-12,0,0,49,45,-4,100,45,0,45,422.4353942871094,False,False,False,45,49,45,45,-0.017092096197737328,-0.007691443288981798,-0.007691443288981798,-0.007691443288981798,0.9654730318377551,0.9639781344273788,0.9633749694237291
2022-04-11,PASS,2022-04-06,2022-04-11,,2022-04-11,2022-04-11,2022-04-11,60.0,NEUTRAL,"Policy Bias: TIGHTENING (긴축) (STRONG, score=+2.5) | REAL_RATEΔ +0.030 / FCI value=-0.368 (low-frequency) / DXYΔ +0.130 / US10YΔ +0.067",3.73,0.0133783260874459,HIGH,WEAK DEMAND + RISK-OFF (수요 둔화),2,🟡 VOL STRESS TRANSITION,2,2.0,🌱 LIGHT TRACE,TIGHTENING_GROWTH_SCARE,HARD RISK-OFF,0.0112200566091271,55,-10,5,10,0,0,0,0,1,-8,0,0,53,20,-33,100,20,0,20,415.215087890625,True,False,True,20,53,30,35,-0.003705193268031648,-0.0007410386536063296,-0.0011115579804094943,-0.0012968176438110767,0.9647575790021489,0.9629066168391157,0.9621256477657745
2022-04-12,PASS,2022-04-06,2022-04-12,,2022-04-12,2022-04-12,2022-04-12,60.0,NEUTRAL,"Policy Bias: MIXED (혼조) (WEAK, score=-0.5) | REAL_RATEΔ -0.020 / FCI value=-0.368 (low-frequency) / DXYΔ +0.360 / US10YΔ -0.055",3.75,0.0133783260874459,HIGH,SYSTEMIC HEDGE (시스템적 위험 회피),2,🟡 VOL STRESS TRANSITION,2,2.0,🌱 LIGHT TRACE,UNKNOWN_TRANSITION,TRANSITION / MIXED,-0.085593159682897,55,0,5,10,-4,0,0,0,1,0,0,0,67,30,-37,70,30,0,30,413.6766357421875,False,True,False,30,67,30,30,0.011453406314079873,0.003436021894223962,0.003436021894223962,0.003436021894223962,0.9680725071662187,0.966215185056668,0.9654315325564921
2022-04-13,PASS,2022-04-13,2022-04-13,,2022-04-13,2022-04-13,2022-04-13,60.0,NEUTRAL,"Policy Bias: MIXED (혼조) (WEAK, score=-0.5) | REAL_RATEΔ +0.040 / FCI value=-0.368 (low-frequency) / DXYΔ -0.410 / US10YΔ -0.038",3.77,0.6572326928369578,HIGH,COST-PUSH STRUCTURE (비용 주도 구조),2,🟡 VOL STRESS TRANSITION,2,2.0,🌱 LIGHT TRACE,POLICY_EASING,EVENT-WATCHING / POLICY SHIFT,0.1877035187032509,55,0,5,10,0,0,0,0,1,0,0,0,71,100,0,100,100,0,71,418.4146423339844,False,False,False,71,71,71,71,-0.012451669732297166,-0.008840685509930987,-0.008840685509930987,-0.008840685509930987,0.9595140825795517,0.9576731804706623,0.9568964559957894
2022-04-14,PASS,2022-04-13,2022-04-14,,2022-04-14,2022-04-14,2022-04-14,60.0,NEUTRAL,"Policy Bias: TIGHTENING (긴축) (STRONG, score=+2.5) | REAL_RATEΔ +0.040 / FCI value=-0.368 (low-frequency) / DXYΔ +0.440 / US10YΔ +0.141",3.68,0.6572326928369578,HIGH,GLOBAL FINANCIAL TIGHTENING (글로벌 긴축 구조),2,🟡 VOL STRESS TRANSITION,2,2.0,🌱 LIGHT TRACE,STAGFLATION_RISK,SOFT RISK-OFF / STAGFLATION,-0.1275872061149194,55,-10,5,10,0,0,0,0,1,-12,0,0,49,45,-4,100,45,0,45,413.2046813964844,False,False,False,45,49,45,45,,,,,0.9595140825795517,0.9576731804706623,0.9568964559957894
2022-04-15,PASS,2022-04-13,2022-04-14,,2022-04-15,2022-04-15,2022-04-15,50.0,NEUTRAL,"Policy Bias: MIXED (혼조) (WEAK, score=+0.0) | REAL_RATEΔ +0.000 / FCI value=-0.362 (low-frequency) / DXYΔ N/A / US10YΔ N/A",3.68,0.6572326928369578,HIGH,NEUTRAL,2,🟡 TRANSITION,2,2.0,🌱 LIGHT TRACE,UNKNOWN_TRANSITION,TRANSITION / MIXED,0.0,55,0,5,10,0,0,0,0,1,0,0,0,71,65,-6,100,65,0,65,,False,False,False,65,71,65,65,,,,,0.9595140825795517,0.9576731804706623,0.9568964559957894
2022-04-18,PASS,2022-04-13,2022-04-18,,2022-04-18,2022-04-18,2022-04-18,60.0,NEUTRAL,"Policy Bias: MIXED (혼조) (WEAK, score=+0.5) | REAL_RATEΔ -0.010 / FCI value=-0.362 (low-frequency) / DXYΔ +0.460 / US10YΔ +0.034",3.64,0.6572326928369578,HIGH,GLOBAL FINANCIAL TIGHTENING (글로벌 긴축 구조),2,🟡 VOL STRESS TRANSITION,2,2.0,🌱 LIGHT TRACE,STAGFLATION_RISK,SOFT RISK-OFF / STAGFLATION,-0.130279571862099,55,0,5,10,0,0,0,0,1,-12,0,0,59,45,-14,100,45,0,45,413.3745727539063,False,False,False,45,59,45,45,0.016142606621348587,0.0072641729796068645,0.0072641729796068645,0.0072641729796068645,0.9664841588517783,0.9646298841115314,0.9638475173757155
2022-04-19,PASS,2022-04-13,2022-04-19,,2022-04-19,2022-04-19,2022-04-19,60.0,NEUTRAL,"Policy Bias: TIGHTENING (긴축) (STRONG, score=+2.5) | REAL_RATEΔ +0.070 / FCI value=-0.362 (low-frequency) / DXYΔ +0.180 / US10YΔ +0.051",3.58,0.6572326928369578,HIGH,NEUTRAL,2,🟡 VOL STRESS TRANSITION,2,2.0,🌱 LIGHT TRACE,TIGHTENING_GROWTH_SCARE,SOFT RISK-OFF,0.2638201882254904,55,-10,5,10,0,0,0,0,1,-8,0,0,53,45,-8,100,45,0,45,420.0475158691406,False,False,False,45,53,45,45,-0.0007415659137449682,-0.0003337046611852357,-0.0003337046611852357,-0.0003337046611852357,0.9661616385830077,0.9643079826228849,0.9635258769664954
2022-04-20,PASS,2022-04-20,2022-04-20,,2022-04-20,2022-04-20,2022-04-20,60.0,NEUTRAL,"Policy Bias: EASING (완화) (STRONG, score=-2.5) | REAL_RATEΔ -0.070 / FCI value=-0.362 (low-frequency) / DXYΔ -0.570 / US10YΔ -0.073",3.56,-2.064846725496892,HIGH,NEUTRAL,2,🟡 VOL STRESS TRANSITION,2,2.0,🌱 LIGHT TRACE,POLICY_EASING,EVENT-WATCHING / POLICY SHIFT,0.2387740654998677,55,10,5,-5,0,0,0,0,1,0,0,0,66,100,0,100,100,0,66,419.7360229492188,False,False,False,66,66,66,66,-0.01495363863803112,-0.00986940150110054,-0.00986940150110054,-0.00986940150110054,0.9566262014568709,0.9547908399716634,0.954016453230013
2022-04-21,PASS,2022-04-20,2022-04-21,,2022-04-21,2022-04-21,2022-04-21,60.0,NEUTRAL,"Policy Bias: MIXED (혼조) (WEAK, score=+0.5) | REAL_RATEΔ -0.050 / FCI value=-0.362 (low-frequency) / DXYΔ +0.190 / US10YΔ +0.077",3.5,-2.064846725496892,HIGH,NEUTRAL,2,🟡 VOL STRESS TRANSITION,2,2.0,🌱 LIGHT TRACE,STAGFLATION_RISK,SOFT RISK-OFF / STAGFLATION,-0.1491957536182873,55,0,5,-5,0,0,0,0,1,-12,0,0,44,45,0,100,45,0,44,413.4594421386719,False,False,False,44,44,44,44,-0.027439064220818654,-0.012073188257160208,-0.012073188257160208,-0.012073188257160208,0.94507667323495,0.9432634704144733,0.9424984329897388
2022-04-22,PASS,2022-04-20,2022-04-22,,2022-04-22,2022-04-22,2022-04-22,70.0,NEUTRAL,"Policy Bias: TIGHTENING (긴축) (MODERATE, score=+1.5) | REAL_RATEΔ +0.040 / FCI value=-0.351 (low-frequency) / DXYΔ +0.640 / US10YΔ -0.011",3.65,-2.064846725496892,HIGH,NEUTRAL,2,🟡 VOL STRESS TRANSITION,2,2.0,🌱 LIGHT TRACE,UNKNOWN_TRANSITION,TRANSITION / MIXED,-0.8490667055195747,55,-10,5,-5,0,0,0,0,1,0,0,0,46,65,0,100,65,0,46,402.114501953125,False,False,False,46,46,46,46,0.005797523588986664,0.0026668608509338655,0.0026668608509338655,0.0026668608509338655,0.9475970612159312,0.9457790228358378,0.9450119451627457
2022-04-25,PASS,2022-04-20,2022-04-25,,2022-04-25,2022-04-25,2022-04-25,70.0,NEUTRAL,"Policy Bias: MIXED (혼조) (WEAK, score=-0.5) | REAL_RATEΔ -0.020 / FCI value=-0.351 (low-frequency) / DXYΔ +0.530 / US10YΔ -0.080",3.8,-2.064846725496892,HIGH,NEUTRAL,2,🟡 VOL STRESS TRANSITION,2,2.0,🌱 LIGHT TRACE,UNKNOWN_TRANSITION,TRANSITION / MIXED,-0.7125730114304542,55,0,5,-5,0,0,0,0,1,0,0,0,56,65,0,100,65,0,56,404.4457702636719,False,False,False,56,56,56,56,-0.028960650738605542,-0.016217964413619106,-0.016217964413619106,-0.016217964413619106,0.9322289657986812,0.9304404123003387,0.9296857750656513
2022-04-26,PASS,2022-04-20,2022-04-26,,2022-04-26,2022-04-26,2022-04-26,80.0,GREED,"Policy Bias: TIGHTENING (긴축) (MODERATE, score=+1.5) | REAL_RATEΔ +0.020 / FCI value=-0.351 (low-frequency) / DXYΔ +0.550 / US10YΔ -0.054",3.83,-2.064846725496892,HIGH,COST-PUSH STRUCTURE (비용 주도 구조),2,🟡 VOL STRESS TRANSITION,2,2.0,🌱 LIGHT TRACE,UNKNOWN_TRANSITION,TRANSITION / MIXED,-1.433087830239147,70,-10,5,-5,0,0,0,0,1,0,0,0,61,65,0,100,65,0,61,392.7327575683594,False,False,False,61,61,61,61,0.002811858855035876,0.0017152339015718842,0.0017152339015718842,0.0017152339015718842,0.9338279565248463,0.9320363352389087,0.931280403624853
2022-04-27,PASS,2022-04-27,2022-04-27,,2022-04-27,2022-04-27,2022-04-27,80.0,GREED,"Policy Bias: TIGHTENING (긴축) (STRONG, score=+2.5) | REAL_RATEΔ +0.020 / FCI value=-0.351 (low-frequency) / DXYΔ +0.650 / US10YΔ +0.046",3.89,-3.0270940557770407,HIGH,GLOBAL FINANCIAL TIGHTENING (글로벌 긴축 구조),2,🟡 VOL STRESS TRANSITION,2,2.0,🌱 LIGHT TRACE,STAGFLATION_RISK,SOFT RISK-OFF / STAGFLATION,-1.3686086362989698,70,-10,5,-5,0,0,0,0,1,-12,0,0,49,45,-4,100,45,0,45,393.8370666503906,False,False,False,45,49,45,45,0.025259171594698593,0.011366627217614366,0.011366627217614366,0.011366627217614366,0.9444424307920507,0.9426304448148408,0.9418659208079261
2022-04-28,PASS,2022-04-27,2022-04-28,,2022-04-28,2022-04-28,2022-04-28,70.0,NEUTRAL,"Policy Bias: MIXED (혼조) (WEAK, score=+0.5) | REAL_RATEΔ -0.060 / FCI value=-0.351 (low-frequency) / DXYΔ +0.670 / US10YΔ +0.045",3.83,-3.0270940557770407,HIGH,GLOBAL FINANCIAL TIGHTENING (글로벌 긴축 구조),2,🟡 VOL STRESS TRANSITION,2,2.0,🌱 LIGHT TRACE,STAGFLATION_RISK,SOFT RISK-OFF / STAGFLATION,-0.7644879264991142,55,0,5,-5,0,0,0,0,1,-12,0,0,44,45,0,100,45,0,44,403.7850646972656,False,False,False,44,44,44,44,-0.03695559951384708,-0.016260463786092715,-0.016260463786092715,-0.016260463786092715,0.9290853588481072,0.9273028366032606,0.9265507441112739
2022-04-29,PASS,2022-04-27,2022-04-29,,2022-04-29,2022-04-29,2022-04-29,80.0,GREED,"Policy Bias: MIXED (혼조) (WEAK, score=+0.5) | REAL_RATEΔ +0.130 / FCI value=-0.336 (low-frequency) / DXYΔ -0.660 / US10YΔ +0.024",3.93,-3.0270940557770407,HIGH,NEUTRAL,2,🟡 VOL STRESS TRANSITION,2,2.0,🌱 LIGHT TRACE,UNKNOWN_TRANSITION,TRANSITION / MIXED,-1.7026173142202463,70,0,5,-5,0,0,0,0,1,0,0,0,71,65,-6,100,65,0,65,388.8629455566406,False,False,False,65,71,65,65,0.006019418374808128,0.003912621943625283,0.003912621943625283,0.003912621943625283,0.9327205186106371,0.9309310220301404,0.9301759868845659
2022-05-02,PASS,2022-04-27,2022-05-02,,2022-05-02,2022-05-02,2022-05-02,90.0,GREED,"Policy Bias: TIGHTENING (긴축) (STRONG, score=+2.5) | REAL_RATEΔ +0.170 / FCI value=-0.336 (low-frequency) / DXYΔ +0.780 / US10YΔ +0.109",4.05,-3.0270940557770407,HIGH,GLOBAL FINANCIAL TIGHTENING (글로벌 긴축 구조),2,🟡 VOL STRESS TRANSITION,2,2.0,🌱 LIGHT TRACE,STAGFLATION_RISK,HARD RISK-OFF / INFLATION SHOCK,-1.5655698109368892,70,-10,-10,-5,0,0,0,0,1,-12,0,0,34,20,-14,100,20,0,20,391.2036743164063,True,False,True,20,34,30,34,0.004584146516699139,0.0009168293033398278,0.0013752439550097416,0.0015586098156777073,0.9335756641139258,0.9322112792907183,0.9316257683080319
2022-05-03,PASS,2022-04-27,2022-05-03,,2022-05-03,2022-05-03,2022-05-03,70.0,NEUTRAL,"Policy Bias: EASING (완화) (STRONG, score=-2.5) | REAL_RATEΔ -0.040 / FCI value=-0.336 (low-frequency) / DXYΔ -0.270 / US10YΔ -0.036",3.97,-3.0270940557770407,HIGH,NEUTRAL,2,🟡 VOL STRESS TRANSITION,2,2.0,🌱 LIGHT TRACE,DISINFLATION,EARLY RISK-ON,-1.4574680587122335,55,10,5,-5,0,0,0,0,1,0,0,0,66,100,0,100,100,0,66,392.99700927734375,False,True,False,66,66,66,66,0.030453047378085296,0.020099011269536296,0.020099011269536296,0.020099011269536296,0.9523396119079164,0.9509478042987713,0.9503505251242454
2022-05-04,PASS,2022-05-04,2022-05-04,,2022-05-04,2022-05-04,2022-05-04,80.0,GREED,"Policy Bias: EASING (완화) (STRONG, score=-2.5) | REAL_RATEΔ -0.070 / FCI value=-0.336 (low-frequency) / DXYΔ -0.880 / US10YΔ -0.043",4.1,-0.00487289746434,HIGH,COST-PUSH STRUCTURE (비용 주도 구조),2,🟡 VOL STRESS TRANSITION,2,2.0,🌱 LIGHT TRACE,POLICY_EASING,EVENT-WATCHING / POLICY SHIFT,-0.7150364157464767,70,10,-10,-5,0,0,0,0,1,0,0,0,66,100,0,100,100,0,66,404.9649658203125,False,False,False,66,66,66,66,-0.035543017230283414,-0.023458391371987054,-0.023458391371987054,-0.023458391371987054,0.9299992565727343,0.928640098531199,0.9280568305653075
2022-05-05,PASS,2022-05-04,2022-05-05,,2022-05-05,2022-05-05,2022-05-05,90.0,GREED,"Policy Bias: TIGHTENING (긴축) (STRONG, score=+2.5) | REAL_RATEΔ +0.110 / FCI value=-0.336 (low-frequency) / DXYΔ +1.160 / US10YΔ +0.149",4.03,-0.00487289746434,HIGH,GLOBAL FINANCIAL TIGHTENING (글로벌 긴축 구조),2,🟡 VOL STRESS TRANSITION,2,2.0,🌱 LIGHT TRACE,STAGFLATION_RISK,HARD RISK-OFF / INFLATION SHOCK,-1.6309617513671033,70,-10,-10,-5,0,0,0,0,1,-12,0,0,34,20,-14,100,20,0,20,390.5712890625,True,False,True,20,34,30,34,-0.005968867594294269,-0.0011937735188588539,-0.0017906602782882808,-0.0020294149820600516,0.9288890480876794,0.9269772195939335,0.9261734181291551
2022-05-06,PASS,2022-05-04,2022-05-06,,2022-05-06,2022-05-06,2022-05-06,90.0,GREED,"Policy Bias: MIXED (혼조) (WEAK, score=+0.5) | REAL_RATEΔ +0.080 / FCI value=-0.319 (low-frequency) / DXYΔ -0.090 / US10YΔ +0.057",4.18,-0.00487289746434,HIGH,NEUTRAL,2,🟡 VOL STRESS TRANSITION,2,2.0,🌱 LIGHT TRACE,REFLATION,RISK-ON / REFLATION,-1.7850659182671922,70,0,-10,-5,0,0,0,0,1,6,0,0,62,85,0,100,85,0,62,388.2400207519531,False,True,False,62,62,62,62,-0.03201720127317975,-0.019850664789371447,-0.019850664789371447,-0.019850664789371447,0.9104499829675725,0.9085761055403908,0.9077882600690469
2022-05-09,PASS,2022-05-04,2022-05-09,,2022-05-09,2022-05-09,2022-05-09,90.0,GREED,"Policy Bias: MIXED (혼조) (WEAK, score=-0.5) | REAL_RATEΔ +0.040 / FCI value=-0.319 (low-frequency) / DXYΔ -0.010 / US10YΔ -0.044",4.47,-0.00487289746434,HIGH,WEAK DEMAND + RISK-OFF (수요 둔화),2,🟡 VOL STRESS TRANSITION,2,2.0,🌱 LIGHT TRACE,CREDIT_STRESS,HARD RISK-OFF,-2.555476430322849,70,0,-10,-5,0,0,0,0,1,-20,0,0,36,20,-16,100,20,0,20,375.8096618652344,True,False,True,20,36,30,35,0.0023105224226567245,0.0004621044845313449,0.0006931567267970173,0.0008086828479298535,0.9108707059876434,0.909205891179753,0.9085223728645169
2022-05-10,PASS,2022-05-04,2022-05-10,,2022-05-10,2022-05-10,2022-05-10,90.0,GREED,"Policy Bias: TIGHTENING (긴축) (MODERATE, score=+1.5) | REAL_RATEΔ +0.040 / FCI value=-0.319 (low-frequency) / DXYΔ +0.270 / US10YΔ -0.086",4.52,-0.00487289746434,HIGH,NEUTRAL,2,🟡 VOL STRESS TRANSITION,2,2.0,🌱 LIGHT TRACE,UNKNOWN_TRANSITION,TRANSITION / MIXED,-2.4842126717126907,70,-10,-10,-5,0,0,0,0,1,0,0,0,46,65,0,100,65,0,46,376.677978515625,False,True,False,46,46,46,46,-0.015886190891927,-0.00730764781028642,-0.00730764781028642,-0.00730764781028642,0.9042143836675788,0.9025617347399738,0.9018832113358574
2022-05-11,PASS,2022-05-11,2022-05-11,,2022-05-11,2022-05-11,2022-05-11,90.0,GREED,"Policy Bias: EASING (완화) (STRONG, score=-2.5) | REAL_RATEΔ -0.130 / FCI value=-0.319 (low-frequency) / DXYΔ -0.070 / US10YΔ -0.072",4.55,0.0224647724169753,HIGH,COST-PUSH STRUCTURE (비용 주도 구조),2,🟡 VOL STRESS TRANSITION,2,2.0,🌱 LIGHT TRACE,POLICY_EASING,EVENT-WATCHING / POLICY SHIFT,-2.822644850008426,70,10,-10,10,0,0,0,0,1,0,0,0,81,100,0,100,100,0,81,370.6940002441406,False,False,False,81,81,81,81,-0.0010438876549664355,-0.0008455490005228128,-0.0008455490005228128,-0.0008455490005228128,0.9034498260992103,0.9017985745672543,0.901120624887924
2022-05-12,PASS,2022-05-11,2022-05-12,,2022-05-12,2022-05-12,2022-05-12,90.0,GREED,"Policy Bias: TIGHTENING (긴축) (MODERATE, score=+1.5) | REAL_RATEΔ +0.040 / FCI value=-0.319 (low-frequency) / DXYΔ +1.000 / US10YΔ -0.104",4.77,0.0224647724169753,HIGH,NEUTRAL,2,🟡 VOL STRESS TRANSITION,2,2.0,🌱 LIGHT TRACE,UNKNOWN_TRANSITION,TRANSITION / MIXED,-2.8107870488235887,70,-10,-10,10,0,0,0,0,1,0,0,0,61,65,0,100,65,0,61,370.3070373535156,False,False,False,61,61,61,61,0.023908003653469123,0.014583882228616165,0.014583882228616165,0.014583882228616165,0.916625631962505,0.9149502987726771,0.9142624619550664
2022-05-13,PASS,2022-05-11,2022-05-13,,2022-05-13,2022-05-13,2022-05-13,80.0,GREED,"Policy Bias: EASING (완화) (MODERATE, score=-1.5) | REAL_RATEΔ -0.010 / FCI value=-0.300 (low-frequency) / DXYΔ -0.290 / US10YΔ +0.118",4.63,0.0224647724169753,HIGH,NEUTRAL,2,🟡 VOL STRESS TRANSITION,2,2.0,🌱 LIGHT TRACE,REFLATION,RISK-ON / REFLATION,-2.2522159154677337,70,10,-10,10,0,0,0,0,1,6,0,0,87,85,-2,100,85,0,85,379.1603393554688,False,False,False,85,87,85,85,-0.004057604412505134,-0.0034489637506293636,-0.0034489637506293636,-0.0034489637506293636,0.9134642233849686,0.9117946683585826,0.9111092038652222
2022-05-16,PASS,2022-05-11,2022-05-16,,2022-05-16,2022-05-16,2022-05-16,80.0,GREED,"Policy Bias: EASING (완화) (STRONG, score=-2.5) | REAL_RATEΔ -0.040 / FCI value=-0.300 (low-frequency) / DXYΔ -0.370 / US10YΔ -0.058",4.71,0.0224647724169753,HIGH,COST-PUSH STRUCTURE (비용 주도 구조),2,🟡 VOL STRESS TRANSITION,2,2.0,🌱 LIGHT TRACE,POLICY_EASING,EVENT-WATCHING / POLICY SHIFT,-2.3281543529543915,70,10,-10,10,0,0,0,0,1,0,0,0,81,100,0,100,100,0,81,377.6218566894531,False,False,False,81,81,81,81,0.020570291709663735,0.016661936284827625,0.016661936284827625,0.016661936284827625,0.9286843060734785,0.9269869330276189,0.9262900473685446
2022-05-17,PASS,2022-05-11,2022-05-17,,2022-05-17,2022-05-17,2022-05-17,80.0,GREED,"Policy Bias: MIXED (혼조) (WEAK, score=+0.5) | REAL_RATEΔ +0.070 / FCI value=-0.300 (low-frequency) / DXYΔ -0.830 / US10YΔ +0.091",4.6,0.0224647724169753,HIGH,NEUTRAL,2,🟡 VOL STRESS TRANSITION,2,2.0,🌱 LIGHT TRACE,UNKNOWN_TRANSITION,TRANSITION / MIXED,-1.8508176188185697,70,0,-10,10,0,0,0,0,1,0,0,0,71,65,-6,100,65,0,65,385.3896484375,False,False,False,65,71,65,65,-0.0403116835893057,-0.026202594333048706,-0.026202594333048706,-0.026202594333048706,0.9043503679379663,0.9026974704694593,0.9020188450226061
2022-05-18,PASS,2022-05-18,2022-05-18,,2022-05-18,2022-05-18,2022-05-18,90.0,GREED,"Policy Bias: MIXED (혼조) (WEAK, score=-0.5) | REAL_RATEΔ -0.100 / FCI value=-0.300 (low-frequency) / DXYΔ +0.450 / US10YΔ -0.082",4.84,0.781624243572912,HIGH,WEAK DEMAND + RISK-OFF (수요 둔화),2,🟡 VOL STRESS TRANSITION,2,2.0,🌱 LIGHT TRACE,CREDIT_STRESS,HARD RISK-OFF,-2.741975513801622,70,0,-10,10,0,0,0,0,1,-20,0,0,51,20,-31,100,20,0,20,369.85394287109375,True,False,True,20,51,30,35,-0.006124573760987961,-0.0012249147521975923,-0.0018373721282963884,-0.0021436008163457864,0.9032426158311239,0.901038879296935,0.9000852766900563
2022-05-19,PASS,2022-05-18,2022-05-19,,2022-05-19,2022-05-19,2022-05-19,80.0,GREED,"Policy Bias: MIXED (혼조) (WEAK, score=-0.5) | REAL_RATEΔ +0.080 / FCI value=-0.300 (low-frequency) / DXYΔ -1.090 / US10YΔ -0.031",4.92,0.781624243572912,HIGH,COST-PUSH STRUCTURE (비용 주도 구조),2,🟡 VOL STRESS TRANSITION,2,2.0,🌱 LIGHT TRACE,POLICY_EASING,EVENT-WATCHING / POLICY SHIFT,-2.836430435441472,70,0,-10,10,0,0,0,0,1,0,0,0,71,100,0,100,100,0,71,367.5887451171875,False,True,False,71,71,71,71,0.00043644129569853085,0.0003098733199459569,0.0003098733199459569,0.0003098733199459569,0.9035225066192082,0.9013180872058633,0.9003641891029788
2022-05-20,PASS,2022-05-18,2022-05-20,,2022-05-20,2022-05-20,2022-05-20,80.0,GREED,"Policy Bias: MIXED (혼조) (WEAK, score=-0.5) | REAL_RATEΔ -0.020 / FCI value=-0.281 (low-frequency) / DXYΔ +0.430 / US10YΔ -0.068",4.91,0.781624243572912,HIGH,NEUTRAL,2,🟡 VOL STRESS TRANSITION,2,2.0,🌱 LIGHT TRACE,CREDIT_STRESS,HARD RISK-OFF,-2.787389842470596,70,0,-10,10,0,0,0,0,1,-20,0,0,51,20,-31,100,20,0,20,367.7491760253906,True,False,True,20,51,30,35,0.01871015953405708,0.003742031906811416,0.005613047860217124,0.006548555836919978,0.9069035166674995,0.9063772287666292,0.9062602742688829
2022-05-23,PASS,2022-05-18,2022-05-23,,2022-05-23,2022-05-23,2022-05-23,80.0,GREED,"Policy Bias: MIXED (혼조) (WEAK, score=+0.5) | REAL_RATEΔ +0.030 / FCI value=-0.281 (low-frequency) / DXYΔ -1.070 / US10YΔ +0.072",4.82,0.781624243572912,HIGH,NEUTRAL,2,🟡 VOL STRESS TRANSITION,2,2.0,🌱 LIGHT TRACE,UNKNOWN_TRANSITION,TRANSITION / MIXED,-2.365948707167628,70,0,-10,10,0,0,0,0,1,0,0,0,71,65,-6,100,65,0,65,374.62982177734375,False,True,False,65,71,65,65,-0.007633593382790793,-0.004961835698814016,-0.004961835698814016,-0.004961835698814016,0.9024036104231187,0.9018799338763428,0.9017635596875986
2022-05-24,PASS,2022-05-18,2022-05-24,,2022-05-24,2022-05-24,2022-05-24,80.0,GREED,"Policy Bias: EASING (완화) (STRONG, score=-2.5) | REAL_RATEΔ -0.050 / FCI value=-0.281 (low-frequency) / DXYΔ -0.220 / US10YΔ -0.099",4.94,0.781624243572912,HIGH,NEUTRAL,2,🟡 VOL STRESS TRANSITION,2,2.0,🌱 LIGHT TRACE,CREDIT_STRESS,HARD RISK-OFF,-2.501705215542898,70,10,-10,10,0,0,0,0,1,-20,0,0,61,20,-41,100,20,0,20,371.7700500488281,True,False,True,20,61,30,35,0.008834721524366707,0.0017669443048733413,0.002650416457310012,0.0030921525335283473,0.9039981073432529,0.9042702912956063,0.9045519501633301
2022-05-25,PASS,2022-05-25,2022-05-25,,2022-05-25,2022-05-25,2022-05-25,80.0,GREED,"Policy Bias: MIXED (혼조) (WEAK, score=-0.5) | REAL_RATEΔ -0.020 / FCI value=-0.281 (low-frequency) / DXYΔ +0.200 / US10YΔ -0.011",4.74,0.4193842388501431,HIGH,NEUTRAL,2,🟡 VOL STRESS TRANSITION,2,2.0,🌱 LIGHT TRACE,UNKNOWN_TRANSITION,TRANSITION / MIXED,-2.2917672630910566,70,0,-10,10,0,0,0,0,1,0,0,0,71,65,-6,100,65,0,65,375.0545349121094,False,True,False,65,71,65,65,0.019981550534602377,0.012988007847491545,0.012988007847491545,0.012988007847491545,0.9157392418555446,0.9160149609352071,0.9163002779905153
2022-05-26,PASS,2022-05-25,2022-05-26,,2022-05-26,2022-05-26,2022-05-26,80.0,GREED,"Policy Bias: EASING (완화) (MODERATE, score=-1.5) | REAL_RATEΔ -0.060 / FCI value=-0.281 (low-frequency) / DXYΔ -0.230 / US10YΔ +0.007",4.38,0.4193842388501431,HIGH,NEUTRAL,2,🟡 VOL STRESS TRANSITION,2,2.0,🌱 LIGHT TRACE,REFLATION,RISK-ON / REFLATION,-1.855874607142914,70,10,-10,10,0,0,0,0,1,6,0,0,87,85,-2,100,85,0,85,382.5487060546875,False,False,False,85,87,85,85,0.02454896374702087,0.02086661918496774,0.02086661918496774,0.02086661918496774,0.9348476238880753,0.9351290962927752,0.9354203669504235
2022-05-27,PASS,2022-05-25,2022-05-27,,2022-05-27,2022-05-27,2022-05-27,80.0,GREED,"Policy Bias: EASING (완화) (STRONG, score=-2.5) | REAL_RATEΔ -0.020 / FCI value=-0.259 (low-frequency) / DXYΔ -0.160 / US10YΔ -0.013",4.19,0.4193842388501431,HIGH,NEUTRAL,2,🟡 VOL STRESS TRANSITION,2,2.0,🌱 LIGHT TRACE,POLICY_EASING,EVENT-WATCHING / POLICY SHIFT,-1.323464277782702,70,10,-10,10,0,0,0,0,1,0,0,0,81,100,0,100,100,0,81,391.93988037109375,False,False,False,81,81,81,81,,,,,0.9348476238880753,0.9351290962927752,0.9354203669504235
2022-05-30,PASS,2022-05-25,2022-05-30,,2022-05-30,2022-05-30,2022-05-30,60.0,NEUTRAL,"Policy Bias: MIXED (혼조) (WEAK, score=+0.0) | REAL_RATEΔ +0.000 / FCI value=-0.259 (low-frequency) / DXYΔ N/A / US10YΔ N/A",4.19,0.4193842388501431,HIGH,NEUTRAL,2,🟡 TRANSITION,2,2.0,🌱 LIGHT TRACE,UNKNOWN_TRANSITION,TRANSITION / MIXED,0.0,55,0,-10,10,0,0,0,0,1,0,0,0,56,65,0,100,65,0,56,,False,False,False,56,56,56,56,,,,,0.9348476238880753,0.9351290962927752,0.9354203669504235
2022-05-31,PASS,2022-05-25,2022-05-31,,2022-05-31,2022-05-31,2022-05-31,80.0,GREED,"Policy Bias: TIGHTENING (긴축) (STRONG, score=+2.5) | REAL_RATEΔ +0.100 / FCI value=-0.259 (low-frequency) / DXYΔ +0.080 / US10YΔ +0.101",4.22,0.4193842388501431,HIGH,NEUTRAL,2,🟡 VOL STRESS TRANSITION,2,2.0,🌱 LIGHT TRACE,CREDIT_STRESS,HARD RISK-OFF,-1.4501963891201604,70,-10,-10,10,0,0,0,0,1,-20,0,0,41,20,-21,100,20,0,20,389.7407531738281,True,False,True,20,41,30,35,-0.0080884658827306,-0.00161769317654612,-0.00242653976481918,-0.00283096305895571,0.9333353272658012,0.9328599683553813,0.9327722264469921
2022-06-01,PASS,2022-06-01,2022-06-01,,2022-06-01,2022-06-01,2022-06-01,80.0,GREED,"Policy Bias: TIGHTENING (긴축) (STRONG, score=+2.5) | REAL_RATEΔ +0.080 / FCI value=-0.259 (low-frequency) / DXYΔ +0.800 / US10YΔ +0.087",4.13,0.4054350213072061,HIGH,GLOBAL FINANCIAL TIGHTENING (글로벌 긴축 구조),2,🟡 VOL STRESS TRANSITION,2,2.0,🌱 LIGHT TRACE,STAGFLATION_RISK,HARD RISK-OFF / INFLATION SHOCK,-1.6214096615234792,70,-10,-10,10,0,0,0,0,1,-12,0,0,49,20,-29,100,20,0,20,386.5883483886719,True,True,False,20,49,20,20,0.01904335323929862,0.0038086706478597243,0.0038086706478597243,0.0038086706478597243,0.9368900941313689,0.9364129247354198,0.9363248486469995
2022-06-02,PASS,2022-06-01,2022-06-02,,2022-06-02,2022-06-02,2022-06-02,70.0,NEUTRAL,"Policy Bias: EASING (완화) (STRONG, score=-2.5) | REAL_RATEΔ -0.030 / FCI value=-0.259 (low-frequency) / DXYΔ -0.780 / US10YΔ -0.018",4.15,0.4054350213072061,HIGH,NEUTRAL,2,🟡 VOL STRESS TRANSITION,2,2.0,🌱 LIGHT TRACE,POLICY_EASING,EVENT-WATCHING / POLICY SHIFT,-1.2053743417290728,55,10,-10,10,0,0,0,0,1,0,0,0,66,100,0,100,100,0,66,393.9502868652344,False,True,False,66,66,66,66,-0.016411542894653852,-0.010831618310471544,-0.010831618310471544,-0.010831618310471544,0.9267420582328761,0.9262700573536935,0.9261829352718451
2022-06-03,PASS,2022-06-01,2022-06-03,,2022-06-03,2022-06-03,2022-06-03,70.0,NEUTRAL,"Policy Bias: MIXED (혼조) (WEAK, score=+0.5) | REAL_RATEΔ -0.040 / FCI value=-0.236 (low-frequency) / DXYΔ +0.370 / US10YΔ +0.044",4.21,0.4054350213072061,HIGH,GLOBAL FINANCIAL TIGHTENING (글로벌 긴축 구조),2,🟡 VOL STRESS TRANSITION,2,2.0,🌱 LIGHT TRACE,STAGFLATION_RISK,HARD RISK-OFF / INFLATION SHOCK,-1.5656052997656198,55,0,-10,10,0,0,0,0,1,-12,0,0,44,20,-24,100,20,0,20,387.4849548339844,True,False,True,20,44,30,35,0.003044788076528082,0.0006089576153056165,0.0009134364229584246,0.0010656758267848286,0.927306404866661,0.9271161461615761,0.927169946037145
2022-06-06,PASS,2022-06-01,2022-06-06,,2022-06-06,2022-06-06,2022-06-06,80.0,GREED,"Policy Bias: TIGHTENING (긴축) (STRONG, score=+2.5) | REAL_RATEΔ +0.060 / FCI value=-0.236 (low-frequency) / DXYΔ +0.300 / US10YΔ +0.081",4.19,0.4054350213072061,HIGH,GLOBAL FINANCIAL TIGHTENING (글로벌 긴축 구조),2,🟡 VOL STRESS TRANSITION,2,2.0,🌱 LIGHT TRACE,CREDIT_STRESS,HARD RISK-OFF,-1.4960837119899275,70,-10,-10,10,0,0,0,0,1,-20,0,0,41,20,-21,100,20,0,20,388.6647644042969,True,True,False,20,41,20,20,0.009592119579449054,0.0019184239158898109,0.0019184239158898109,0.0019184239158898109,0.929085371651115,0.92889474794918,0.9289486510357169
2022-06-07,PASS,2022-06-01,2022-06-07,,2022-06-07,2022-06-07,2022-06-07,70.0,NEUTRAL,"Policy Bias: EASING (완화) (STRONG, score=-2.5) | REAL_RATEΔ -0.030 / FCI value=-0.236 (low-frequency) / DXYΔ -0.120 / US10YΔ -0.066",4.34,0.4054350213072061,HIGH,NEUTRAL,2,🟡 VOL STRESS TRANSITION,2,2.0,🌱 LIGHT TRACE,POLICY_EASING,EVENT-WATCHING / POLICY SHIFT,-1.289595008064598,55,10,-10,10,0,0,0,0,1,0,0,0,66,100,0,100,100,0,66,392.3928833007813,False,True,False,66,66,66,66,-0.01087188995429289,-0.007175447369833308,-0.007175447369833308,-0.007175447369833308,0.9224187684647505,0.9222295125731561,0.9222830288809324
2022-06-08,PASS,2022-06-08,2022-06-08,,2022-06-08,2022-06-08,2022-06-08,70.0,NEUTRAL,"Policy Bias: TIGHTENING (긴축) (STRONG, score=+2.5) | REAL_RATEΔ +0.030 / FCI value=-0.236 (low-frequency) / DXYΔ +0.220 / US10YΔ +0.057",4.34,0.8515576635953941,HIGH,GLOBAL FINANCIAL TIGHTENING (글로벌 긴축 구조),2,🟡 VOL STRESS TRANSITION,2,2.0,🌱 LIGHT TRACE,STAGFLATION_RISK,HARD RISK-OFF / INFLATION SHOCK,-1.5259209065591912,55,-10,-10,10,0,0,0,0,1,-12,0,0,34,20,-14,100,20,0,20,388.1268310546875,True,False,True,20,34,30,34,-0.02378311608458472,-0.004756623216916944,-0.007134934825375416,-0.008086259468758806,0.918031169934951,0.9156494651069089,0.9148252090057684
2022-06-09,PASS,2022-06-08,2022-06-09,,2022-06-09,2022-06-09,2022-06-09,80.0,GREED,"Policy Bias: TIGHTENING (긴축) (STRONG, score=+2.5) | REAL_RATEΔ +0.010 / FCI value=-0.236 (low-frequency) / DXYΔ +0.680 / US10YΔ +0.015",4.42,0.8515576635953941,HIGH,GLOBAL FINANCIAL TIGHTENING (글로벌 긴축 구조),2,🟡 VOL STRESS TRANSITION,2,2.0,🌱 LIGHT TRACE,CREDIT_STRESS,HARD RISK-OFF,-2.028511435261241,70,-10,-10,10,0,0,0,0,1,-20,0,0,41,20,-21,100,20,0,20,378.8959655761719,True,True,False,20,41,20,20,-0.02899563237178715,-0.00579912647435743,-0.00579912647435743,-0.00579912647435743,0.912707391073096,0.9103394980525762,0.9095200219168135
2022-06-10,PASS,2022-06-08,2022-06-10,,2022-06-10,2022-06-10,2022-06-10,80.0,GREED,"Policy Bias: TIGHTENING (긴축) (STRONG, score=+2.5) | REAL_RATEΔ +0.100 / FCI value=-0.212 (low-frequency) / DXYΔ +0.930 / US10YΔ +0.112",4.51,0.8515576635953941,HIGH,SYSTEMIC HEDGE (시스템적 위험 회피),2,🟡 VOL STRESS TRANSITION,2,2.0,🌱 LIGHT TRACE,CREDIT_STRESS,HARD RISK-OFF,-2.605520439842285,70,-10,-10,10,-20,0,0,0,1,-20,0,0,21,20,-1,30,20,0,20,367.9096374511719,True,True,False,20,21,20,20,-0.037968048708727165,-0.007593609741745434,-0.007593609741745434,-0.007593609741745434,0.9057766473368802,0.9034267351718686,0.9026134818180734
2022-06-13,PASS,2022-06-08,2022-06-13,,2022-06-13,2022-06-13,2022-06-13,90.0,GREED,"Policy Bias: TIGHTENING (긴축) (STRONG, score=+2.5) | REAL_RATEΔ +0.300 / FCI value=-0.212 (low-frequency) / DXYΔ +0.930 / US10YΔ +0.210",4.87,0.8515576635953941,HIGH,GLOBAL FINANCIAL TIGHTENING (글로벌 긴축 구조),2,🟡 VOL STRESS TRANSITION,2,2.0,🌱 LIGHT TRACE,STAGFLATION_RISK,HARD RISK-OFF / INFLATION SHOCK,-3.296936875309981,70,-10,-10,10,0,0,0,0,1,-12,0,0,49,20,-29,100,20,0,20,353.9408264160156,True,True,False,20,49,20,20,-0.003013209336525713,-0.0006026418673051426,-0.0006026418673051426,-0.0006026418673051426,0.9052307884067677,0.9028822923972112,0.9020695291439358
2022-06-14,PASS,2022-06-08,2022-06-14,,2022-06-14,2022-06-14,2022-06-14,90.0,GREED,"Policy Bias: TIGHTENING (긴축) (STRONG, score=+2.5) | REAL_RATEΔ +0.200 / FCI value=-0.212 (low-frequency) / DXYΔ +0.440 / US10YΔ +0.117",4.9,0.8515576635953941,HIGH,GLOBAL FINANCIAL TIGHTENING (글로벌 긴축 구조),2,🟡 VOL STRESS TRANSITION,2,2.0,🌱 LIGHT TRACE,TIGHTENING_GROWTH_SCARE,HARD RISK-OFF,-3.274690869557145,70,-10,-10,10,0,0,0,0,1,-8,0,0,53,20,-33,100,20,0,20,352.87432861328125,True,True,False,20,53,20,20,0.014256352122194116,0.0028512704244388234,0.0028512704244388234,0.0028512704244388234,0.9078118461810434,0.9054566539742729,0.9046415733131713
2022-06-15,PASS,2022-06-15,2022-06-15,,2022-06-15,2022-06-15,2022-06-15,80.0,GREED,"Policy Bias: EASING (완화) (STRONG, score=-2.5) | REAL_RATEΔ -0.260 / FCI value=-0.212 (low-frequency) / DXYΔ -0.360 / US10YΔ -0.088",4.82,0.9844991318774416,HIGH,NEUTRAL,2,🟡 VOL STRESS TRANSITION,2,2.0,🌱 LIGHT TRACE,DISINFLATION,EARLY RISK-ON,-2.948956363647372,70,10,-10,10,0,0,0,0,1,0,0,0,81,100,0,100,100,0,81,357.905029296875,False,True,False,81,81,81,81,-0.03309648364676443,-0.02680815175387919,-0.02680815175387919,-0.02680815175387919,0.8834750884446527,0.8811830345879709,0.8803898047329238
2022-06-16,PASS,2022-06-15,2022-06-16,,2022-06-16,2022-06-16,2022-06-16,100.0,GREED,"Policy Bias: MIXED (혼조) (WEAK, score=-0.5) | REAL_RATEΔ +0.030 / FCI value=-0.212 (low-frequency) / DXYΔ -1.530 / US10YΔ -0.088",5.17,0.9844991318774416,HIGH,NEUTRAL,2,🟡 VOL STRESS TRANSITION,2,2.0,🌱 LIGHT TRACE,CREDIT_STRESS,HARD RISK-OFF,-3.468741231849316,70,0,-10,10,0,0,0,0,1,-20,0,0,51,20,-31,100,20,0,20,346.05963134765625,True,False,True,20,51,30,35,0.0021559687476244704,0.0004311937495248941,0.0006467906242873411,0.0007545890616685646,0.8838560373806511,0.8817529755130235,0.8810541372495797
2022-06-17,PASS,2022-06-15,2022-06-17,,2022-06-17,2022-06-17,2022-06-17,100.0,GREED,"Policy Bias: TIGHTENING (긴축) (MODERATE, score=+1.5) | REAL_RATEΔ +0.010 / FCI value=-0.188 (low-frequency) / DXYΔ +1.070 / US10YΔ -0.068",5.15,0.9844991318774416,HIGH,NEUTRAL,2,🟡 VOL STRESS TRANSITION,2,2.0,🌱 LIGHT TRACE,UNKNOWN_TRANSITION,TRANSITION / MIXED,-3.3434710132654097,70,-10,-10,10,0,0,0,0,1,0,0,0,61,65,0,100,65,0,61,346.80572509765625,False,True,False,61,61,61,61,,,,,0.8838560373806511,0.8817529755130235,0.8810541372495797
2022-06-20,PASS,2022-06-15,2022-06-20,,2022-06-20,2022-06-20,2022-06-20,70.0,NEUTRAL,"Policy Bias: MIXED (혼조) (WEAK, score=+0.0) | REAL_RATEΔ +0.000 / FCI value=-0.188 (low-frequency) / DXYΔ N/A / US10YΔ N/A",5.15,0.9844991318774416,HIGH,NEUTRAL,2,🟡 TRANSITION,2,2.0,🌱 LIGHT TRACE,UNKNOWN_TRANSITION,TRANSITION / MIXED,0.0,55,0,-10,10,0,0,0,0,1,0,0,0,56,65,0,100,65,0,56,,False,False,False,56,56,56,56,,,,,0.8838560373806511,0.8817529755130235,0.8810541372495797
2022-06-21,PASS,2022-06-15,2022-06-21,,2022-06-21,2022-06-21,2022-06-21,100.0,GREED,"Policy Bias: MIXED (혼조) (WEAK, score=+0.5) | REAL_RATEΔ +0.030 / FCI value=-0.188 (low-frequency) / DXYΔ -0.260 / US10YΔ +0.068",5.05,0.9844991318774416,HIGH,NEUTRAL,2,🟡 VOL STRESS TRANSITION,2,2.0,🌱 LIGHT TRACE,REFLATION,RISK-ON / REFLATION,-2.850120650482605,70,0,-10,10,0,0,0,0,1,6,0,0,77,85,0,100,85,0,77,355.5361022949219,False,False,False,77,77,77,77,-0.001812929160829646,-0.0013959554538388276,-0.0013959554538388276,-0.0013959554538388276,0.8826222137248612,0.8805220876379174,0.8798242249215589
2022-06-22,PASS,2022-06-22,2022-06-22,,2022-06-22,2022-06-22,2022-06-22,90.0,GREED,"Policy Bias: EASING (완화) (STRONG, score=-2.5) | REAL_RATEΔ -0.080 / FCI value=-0.188 (low-frequency) / DXYΔ -0.240 / US10YΔ -0.151",5.32,-1.2036610046794332,HIGH,NEUTRAL,2,🟡 VOL STRESS TRANSITION,2,2.0,🌱 LIGHT TRACE,DISINFLATION,EARLY RISK-ON,-2.827761266290713,70,10,-10,-5,0,0,0,0,1,0,0,0,66,100,0,100,100,0,66,354.8915405273437,False,False,False,66,66,66,66,0.009802490066717295,0.006469643444033416,0.006469643444033416,0.006469643444033416,0.8883324647434445,0.8862187515895307,0.8855163739502244
2022-06-23,PASS,2022-06-22,2022-06-23,,2022-06-23,2022-06-23,2022-06-23,90.0,GREED,"Policy Bias: MIXED (혼조) (WEAK, score=-0.5) | REAL_RATEΔ -0.030 / FCI value=-0.188 (low-frequency) / DXYΔ +0.230 / US10YΔ -0.088",5.38,-1.2036610046794332,HIGH,NEUTRAL,2,🟡 VOL STRESS TRANSITION,2,2.0,🌱 LIGHT TRACE,CREDIT_STRESS,HARD RISK-OFF,-2.6147848245118106,70,0,-10,-5,0,0,0,0,1,-20,0,0,36,20,-16,100,20,0,20,358.370361328125,True,False,True,20,36,30,35,0.03179387349826457,0.006358774699652914,0.00953816204947937,0.011127855724392599,0.8939811707451355,0.894671649653479,0.8953702724011298
2022-06-24,PASS,2022-06-22,2022-06-24,,2022-06-24,2022-06-24,2022-06-24,90.0,GREED,"Policy Bias: EASING (완화) (MODERATE, score=-1.5) | REAL_RATEΔ -0.020 / FCI value=-0.172 (low-frequency) / DXYΔ -0.240 / US10YΔ +0.057",5.18,-1.2036610046794332,HIGH,NEUTRAL,2,🟡 VOL STRESS TRANSITION,2,2.0,🌱 LIGHT TRACE,REFLATION,RISK-ON / REFLATION,-2.0502622377968165,70,10,-10,-5,0,0,0,0,1,6,0,0,72,85,0,100,85,0,72,369.7643432617188,False,True,False,72,72,72,72,-0.0038196869409972134,-0.0027501745975179936,-0.0027501745975179936,-0.0027501745975179936,0.8915225664386928,0.8922111464094825,0.8929078478225994
2022-06-27,PASS,2022-06-22,2022-06-27,,2022-06-27,2022-06-27,2022-06-27,90.0,GREED,"Policy Bias: MIXED (혼조) (WEAK, score=+0.5) | REAL_RATEΔ +0.080 / FCI value=-0.172 (low-frequency) / DXYΔ -0.250 / US10YΔ +0.069",5.11,-1.2036610046794332,HIGH,NEUTRAL,2,🟡 VOL STRESS TRANSITION,2,2.0,🌱 LIGHT TRACE,REFLATION,RISK-ON / REFLATION,-2.091922194204445,70,0,-10,-5,0,0,0,0,1,6,0,0,62,85,0,100,85,0,62,368.3519592285156,False,False,False,62,62,62,62,-0.02043279138788323,-0.012668330660487604,-0.012668330660487604,-0.012668330660487604,0.8802284637757609,0.8809083205877946,0.8815961959570383
2022-06-28,PASS,2022-06-22,2022-06-28,,2022-06-28,2022-06-28,2022-06-28,90.0,GREED,"Policy Bias: TIGHTENING (긴축) (STRONG, score=+2.5) | REAL_RATEΔ +0.070 / FCI value=-0.172 (low-frequency) / DXYΔ +0.570 / US10YΔ +0.012",5.26,-1.2036610046794332,HIGH,GLOBAL FINANCIAL TIGHTENING (글로벌 긴축 구조),2,🟡 VOL STRESS TRANSITION,2,2.0,🌱 LIGHT TRACE,STAGFLATION_RISK,HARD RISK-OFF / INFLATION SHOCK,-2.40488901869644,70,-10,-10,-5,0,0,0,0,1,-12,0,0,34,20,-14,100,20,0,20,360.8255004882813,True,False,True,20,34,30,34,-0.0008147313027498937,-0.00016294626054997875,-0.0002444193908249681,-0.00027700864293496387,0.8800850338391589,0.8806930095127038,0.8813519861911796
2022-06-29,PASS,2022-06-29,2022-06-29,,2022-06-29,2022-06-29,2022-06-29,90.0,GREED,"Policy Bias: TIGHTENING (긴축) (MODERATE, score=+1.5) | REAL_RATEΔ +0.020 / FCI value=-0.172 (low-frequency) / DXYΔ +0.600 / US10YΔ -0.113",5.62,-0.2337286173056905,HIGH,NEUTRAL,2,🟡 VOL STRESS TRANSITION,2,2.0,🌱 LIGHT TRACE,UNKNOWN_TRANSITION,TRANSITION / MIXED,-2.3811943606814805,70,-10,-10,-5,0,0,0,0,1,0,0,0,46,65,0,100,65,0,46,360.5315246582031,False,True,False,46,46,46,46,-0.0081239916007394,-0.003737036136340124,-0.003737036136340124,-0.003737036136340124,0.8767961242646498,0.8774018279111326,0.878058341969948
2022-06-30,PASS,2022-06-29,2022-06-30,,2022-06-30,2022-06-30,2022-06-30,90.0,GREED,"Policy Bias: EASING (완화) (STRONG, score=-2.5) | REAL_RATEΔ -0.090 / FCI value=-0.172 (low-frequency) / DXYΔ -0.420 / US10YΔ -0.121",5.87,-0.2337286173056905,HIGH,WEAK DEMAND + RISK-OFF (수요 둔화),2,🟡 VOL STRESS TRANSITION,2,2.0,🌱 LIGHT TRACE,CREDIT_STRESS,HARD RISK-OFF,-2.4736938763133853,70,10,-10,-5,0,0,0,0,1,-20,0,0,46,20,-26,100,20,0,20,357.6025695800781,True,False,True,20,46,30,35,,,,,0.8767961242646498,0.8774018279111326,0.878058341969948
