date,VIX,WTI,USDCNH,USDJPY,USDMXN
2021-05-24,18.399999618530273,,,,
2021-05-25,18.84000015258789,,,,
2021-05-26,17.360000610351562,,,,
2021-05-27,16.739999771118164,,,,
2021-05-28,16.760000228881836,,,,
2021-06-01,17.899999618530273,,,,
2021-06-02,17.479999542236328,,,,
2021-06-03,18.040000915527344,,,,
2021-06-04,16.420000076293945,,,,
2021-06-07,16.420000076293945,,,,
2021-06-08,17.06999969482422,,,,
2021-06-09,17.889999389648438,,,,
2021-06-10,16.100000381469727,,,,
2021-06-11,15.649999618530273,,,,
2021-06-14,16.389999389648438,,,,
2021-06-15,17.020000457763672,,,,
2021-06-16,18.149999618530273,,,,
2021-06-17,17.75,,,,
2021-06-18,20.700000762939453,,,,
2021-06-21,17.889999389648438,,,,
2021-06-22,16.65999984741211,,,,
2021-06-23,16.31999969482422,,,,
2021-06-24,15.970000267028809,,,,
2021-06-25,15.619999885559082,,,,
2021-06-28,15.760000228881836,,,,
2021-06-29,16.020000457763672,,,,
2021-06-30,15.829999923706055,,,,
2021-07-01,15.479999542236328,,,,
2021-07-02,15.069999694824219,,,,
2021-07-06,16.440000534057617,,,,
2021-07-07,16.200000762939453,,,,
2021-07-08,19.0,,,,
2021-07-09,16.18000030517578,,,,
2021-07-12,16.170000076293945,,,,
2021-07-13,17.1200008392334,,,,
2021-07-14,16.329999923706055,,,,
2021-07-15,17.010000228881836,,,,
2021-07-16,18.450000762939453,,,,
2021-07-19,22.5,,,,
2021-07-20,19.729999542236328,,,,
2021-07-21,17.90999984741211,,,,
2021-07-22,17.690000534057617,,,,
2021-07-23,17.200000762939453,,,,
2021-07-26,17.579999923706055,,,,
2021-07-27,19.360000610351562,,,,
2021-07-28,18.309999465942383,,,,
2021-07-29,17.700000762939453,,,109.89099884033203,19.913799285888672
2021-07-30,18.239999771118164,,,109.40899658203125,19.85140037536621
2021-08-02,19.459999084472656,,,109.70600128173828,19.865699768066406
2021-08-03,18.040000915527344,,,109.26899719238281,19.90169906616211
2021-08-04,17.969999313354492,,,108.99099731445312,19.862600326538086
2021-08-05,17.280000686645508,,,109.52899932861328,19.960399627685547
2021-08-06,16.149999618530273,,,109.75199890136719,19.928260803222656
2021-08-09,16.719999313354492,,,110.25900268554688,20.069799423217773
2021-08-10,16.790000915527344,,,110.30599975585938,20.069869995117188
2021-08-11,16.170000076293945,,,110.5979995727539,20.070499420166016
2021-08-12,15.59000015258789,,,110.3740005493164,19.929500579833984
2021-08-13,15.449999809265137,,,110.40299987792969,19.951379776000977
2021-08-16,16.1200008392334,,,109.6240005493164,19.85770034790039
2021-08-17,17.90999984741211,,,109.2969970703125,19.88010025024414
2021-08-18,21.56999969482422,,,109.53700256347656,19.997549057006836
2021-08-19,21.670000076293945,,,109.84200286865234,20.039039611816406
2021-08-20,18.559999465942383,,,109.76799774169922,20.167200088500977
2021-08-23,17.149999618530273,,,109.83999633789062,20.381500244140625
2021-08-24,17.219999313354492,,,109.6780014038086,20.317949295043945
2021-08-25,16.790000915527344,,,109.7300033569336,20.206100463867188
2021-08-26,18.84000015258789,,,109.97599792480469,20.216100692749023
2021-08-27,16.389999389648438,,,110.0479965209961,20.366500854492188
2021-08-30,16.190000534057617,,,109.86499786376953,20.1643009185791
2021-08-31,16.479999542236328,,,109.94400024414062,20.139249801635742
2021-09-01,16.110000610351562,,,110.05599975585938,20.059600830078125
2021-09-02,16.40999984741211,,,110.09600067138672,19.99774932861328
2021-09-03,16.40999984741211,,,109.94499969482422,19.962350845336914
2021-09-06,,,,109.76399993896484,19.909000396728516
2021-09-07,18.139999389648438,,,109.81999969482422,19.888099670410156
2021-09-08,17.959999084472656,,,110.2959976196289,19.927799224853516
2021-09-09,18.799999237060547,,,110.21800231933594,19.927499771118164
2021-09-10,20.950000762939453,,,109.78099822998047,19.921600341796875
2021-09-13,19.3700008392334,,,109.91500091552734,19.86549949645996
2021-09-14,19.459999084472656,,,109.99400329589844,19.86199951171875
2021-09-15,18.18000030517578,,,109.71900177001953,19.897300720214844
2021-09-16,18.690000534057617,,,109.38300323486328,19.844499588012695
2021-09-17,20.809999465942383,,,109.6989974975586,19.940549850463867
2021-09-20,25.709999084472656,,,109.97100067138672,20.01849937438965
2021-09-21,24.360000610351562,,,109.43699645996094,20.118940353393555
2021-09-22,20.8700008392334,,,109.14900207519531,20.128700256347656
2021-09-23,18.6299991607666,,,109.8219985961914,20.086759567260742
2021-09-24,17.75,,,110.32599639892578,20.052900314331055
2021-09-27,18.760000228881836,,,110.76399993896484,20.053499221801758
2021-09-28,23.25,,,110.96399688720703,20.089500427246094
2021-09-29,22.559999465942383,,,111.52799987792969,20.329769134521484
2021-09-30,23.139999389648438,,,111.93599700927734,20.501100540161133
2021-10-01,21.100000381469727,,,111.46099853515625,20.615400314331055
2021-10-04,22.959999084472656,,,110.9469985961914,20.41819953918457
2021-10-05,21.299999237060547,,,110.96800231933594,20.50160026550293
2021-10-06,21.0,,,111.48699951171875,20.570199966430664
2021-10-07,19.540000915527344,,,111.41300201416016,20.5575008392334
2021-10-08,18.770000457763672,,,111.66200256347656,20.654130935668945
2021-10-11,20.0,,,112.2699966430664,20.7231502532959
2021-10-12,19.850000381469727,,,113.38800048828125,20.847000122070312
2021-10-13,18.639999389648438,,,113.51899719238281,20.780000686645508
2021-10-14,16.860000610351562,,,113.3010025024414,20.553699493408203
2021-10-15,16.299999237060547,,,113.83399963378906,20.541799545288086
2021-10-18,16.309999465942383,,,114.3239974975586,20.347000122070312
2021-10-19,15.699999809265137,,,114.28500366210938,20.397499084472656
2021-10-20,15.489999771118164,,,114.54299926757812,20.22209930419922
2021-10-21,15.010000228881836,,,114.38899993896484,20.221500396728516
2021-10-22,15.430000305175781,,,113.8499984741211,20.29319953918457
2021-10-25,15.239999771118164,,,113.66400146484375,20.188899993896484
2021-10-26,15.979999542236328,,,113.76499938964844,20.170499801635742
2021-10-27,16.979999542236328,,,114.18800354003906,20.196910858154297
2021-10-28,16.530000686645508,,,113.7760009765625,20.304800033569336
2021-10-29,16.260000228881836,,,113.61599731445312,20.378400802612305
2021-11-01,16.40999984741211,,,114.23600006103516,20.55270004272461
2021-11-02,16.030000686645508,,,114.09400177001953,20.839599609375
2021-11-03,15.100000381469727,,,113.96199798583984,20.78030014038086
2021-11-04,15.4399995803833,,,114.06999969482422,20.531700134277344
2021-11-05,16.479999542236328,,,113.83699798583984,20.545900344848633
2021-11-08,17.219999313354492,,,113.4749984741211,20.372800827026367
2021-11-09,17.780000686645508,,,113.25399780273438,20.332950592041016
2021-11-10,18.729999542236328,,,112.91200256347656,20.319150924682617
2021-11-11,17.65999984741211,,,113.90499877929688,20.606399536132812
2021-11-12,16.290000915527344,,,114.04299926757812,20.636430740356445
2021-11-15,16.489999771118164,,,113.98100280761719,20.52419090270996
2021-11-16,16.3700008392334,,,114.13200378417969,20.59480094909668
2021-11-17,17.110000610351562,,,114.90399932861328,20.753799438476562
2021-11-18,17.59000015258789,,,114.19000244140625,20.64539909362793
2021-11-19,17.90999984741211,,,114.28199768066406,20.75950050354004
2021-11-22,19.170000076293945,,,114.13800048828125,20.86083984375
2021-11-23,19.3799991607666,,,114.79000091552734,20.99370002746582
2021-11-24,18.579999923706055,,,115.14099884033203,21.265499114990234
2021-11-25,,,,115.40799713134766,21.40089988708496
2021-11-26,28.6200008392334,,,115.06900024414062,21.624500274658203
2021-11-29,22.959999084472656,,,113.71900177001953,21.72960090637207
2021-11-30,27.190000534057617,,,113.80400085449219,21.68079948425293
2021-12-01,31.1200008392334,,,113.29900360107422,21.411800384521484
2021-12-02,27.950000762939453,,,112.88200378417969,21.471569061279297
2021-12-03,30.670000076293945,,,113.02200317382812,21.30854034423828
2021-12-06,27.18000030517578,,,113.04199981689453,21.22100067138672
2021-12-07,21.889999389648438,,,113.45800018310547,21.22369956970215
2021-12-08,19.899999618530273,,,113.5250015258789,21.028200149536133
2021-12-09,21.579999923706055,,,113.68399810791016,20.925800323486328
2021-12-10,18.690000534057617,,,113.447998046875,20.950700759887695
2021-12-13,20.309999465942383,,,113.5009994506836,20.876300811767578
2021-12-14,21.889999389648438,,,113.5770034790039,20.993600845336914
2021-12-15,19.290000915527344,,,113.74299621582031,21.218900680541992
2021-12-16,20.56999969482422,,,114.13600158691406,21.033199310302734
2021-12-17,21.56999969482422,,,113.66300201416016,20.819400787353516
2021-12-20,22.8700008392334,,,113.51799774169922,20.829299926757812
2021-12-21,21.010000228881836,,,113.66200256347656,20.755399703979492
2021-12-22,18.6299991607666,,,113.99400329589844,20.822500228881836
2021-12-23,17.959999084472656,,,114.12100219726562,20.710399627685547
2021-12-24,,,,114.45800018310547,20.62809944152832
2021-12-27,17.68000030517578,,,114.33300018310547,20.607200622558594
2021-12-28,17.540000915527344,,,114.79199981689453,20.6835994720459
2021-12-29,16.950000762939453,,,114.77300262451172,20.662200927734375
2021-12-30,17.329999923706055,,,114.947998046875,20.558000564575195
2021-12-31,17.219999313354492,,,115.06300354003906,20.4591007232666
2022-01-03,16.600000381469727,,,115.14199829101562,20.481599807739258
2022-01-04,16.90999984741211,,,115.3280029296875,20.486000061035156
2022-01-05,19.729999542236328,,,116.17400360107422,20.52199935913086
2022-01-06,19.610000610351562,,,116.12799835205078,20.56369972229004
2022-01-07,18.760000228881836,,,115.86499786376953,20.493099212646484
2022-01-10,19.399999618530273,,,115.61799621582031,20.390470504760742
2022-01-11,18.40999984741211,,,115.27799987792969,20.358200073242188
2022-01-12,17.6200008392334,,,115.33100128173828,20.39051055908203
2022-01-13,20.309999465942383,,,114.67500305175781,20.362850189208984
2022-01-14,19.190000534057617,,,114.11799621582031,20.333669662475586
2022-01-17,,,,114.30599975585938,20.301000595092773
2022-01-18,22.790000915527344,,,114.57099914550781,20.289499282836914
2022-01-19,23.850000381469727,,,114.55400085449219,20.398799896240234
2022-01-20,25.59000015258789,,,114.34700012207031,20.500499725341797
2022-01-21,28.850000381469727,,,113.99299621582031,20.530719757080078
2022-01-24,29.899999618530273,,,113.78500366210938,20.448150634765625
2022-01-25,31.15999984741211,,,114.01100158691406,20.573829650878906
2022-01-26,31.959999084472656,,,113.875,20.60700035095215
2022-01-27,30.489999771118164,,,114.72100067138672,20.71540069580078
2022-01-28,27.65999984741211,,,115.35199737548828,20.76740074157715
2022-01-31,24.829999923706055,,,115.26200103759766,20.82900047302246
2022-02-01,21.959999084472656,,,115.12100219726562,20.625900268554688
2022-02-02,22.09000015258789,,,114.73600006103516,20.545700073242188
2022-02-03,24.350000381469727,,,114.38200378417969,20.601200103759766
2022-02-04,23.219999313354492,,,114.95700073242188,20.564599990844727
2022-02-07,22.860000610351562,,,115.2239990234375,20.653600692749023
2022-02-08,21.440000534057617,,,115.06300354003906,20.580799102783203
2022-02-09,19.959999084472656,,,115.53099822998047,20.597620010375977
2022-02-10,23.90999984741211,,,115.60199737548828,20.48784065246582
2022-02-11,27.360000610351562,,,116.0469970703125,20.557199478149414
2022-02-14,28.329999923706055,,,115.58399963378906,20.510440826416016
2022-02-15,25.700000762939453,,,115.53600311279297,20.40899085998535
2022-02-16,24.290000915527344,,,115.63500213623047,20.383800506591797
2022-02-17,28.110000610351562,,,115.38700103759766,20.286399841308594
2022-02-18,27.75,,,114.86599731445312,20.29159927368164
2022-02-21,,,,114.96099853515625,20.295249938964844
2022-02-22,28.809999465942383,,,114.60900115966797,20.322980880737305
2022-02-23,31.020000457763672,,,115.09600067138672,20.29439926147461
2022-02-24,30.31999969482422,,,114.89800262451172,20.231700897216797
2022-02-25,27.59000015258789,,,115.57099914550781,20.563369750976562
2022-02-28,30.149999618530273,,,115.58499908447266,20.573139190673828
2022-03-01,33.31999969482422,,,115.0780029296875,20.4606990814209
2022-03-02,30.739999771118164,,,114.83300018310547,20.64310073852539
2022-03-03,30.479999542236328,,,115.51899719238281,20.642549514770508
2022-03-04,31.979999542236328,,,115.4739990234375,20.63939094543457
2022-03-07,36.45000076293945,,,114.94999694824219,20.96925926208496
2022-03-08,35.130001068115234,,,115.37300109863281,21.305349349975586
2022-03-09,32.45000076293945,,,115.72200012207031,21.362390518188477
2022-03-10,30.229999542236328,,,115.90899658203125,20.905189514160156
2022-03-11,30.75,,,116.17900085449219,20.91200065612793
2022-03-14,31.770000457763672,,,117.52899932861328,20.887510299682617
2022-03-15,29.829999923706055,,,118.21800231933594,20.90036964416504
2022-03-16,26.670000076293945,,,118.29199981689453,20.812599182128906
2022-03-17,25.670000076293945,,,118.87000274658203,20.630699157714844
2022-03-18,23.8700008392334,,,118.48600006103516,20.514089584350586
2022-03-21,23.530000686645508,,,119.26300048828125,20.381149291992188
2022-03-22,22.940000534057617,,,119.59400177001953,20.381900787353516
2022-03-23,23.56999969482422,,,121.33999633789062,20.272199630737305
2022-03-24,21.670000076293945,112.33999633789062,,121.12699890136719,20.226640701293945
2022-03-25,20.809999465942383,113.9000015258789,,122.34600067138672,20.066299438476562
2022-03-28,19.6299991607666,105.95999908447266,,122.2699966430664,20.030149459838867
2022-03-29,18.899999618530273,104.23999786376953,,123.66000366210938,20.091249465942383
2022-03-30,19.329999923706055,107.81999969482422,,123.125,19.965599060058594
2022-03-31,20.559999465942383,100.27999877929688,,122.02100372314453,19.878150939941406
2022-04-01,19.6299991607666,99.2699966430664,,121.75599670410156,19.875200271606445
2022-04-04,18.56999969482422,103.27999877929688,,122.61000061035156,19.8572998046875
2022-04-05,21.030000686645508,101.95999908447266,,122.80899810791016,19.8093204498291
2022-04-06,22.100000381469727,96.2300033569336,,123.65599822998047,19.98259925842285
2022-04-07,21.549999237060547,96.02999877929688,,123.7229995727539,20.161460876464844
2022-04-08,21.15999984741211,98.26000213623047,,124.09600067138672,20.130319595336914
2022-04-11,24.3700008392334,94.29000091552734,,124.38500213623047,20.064849853515625
2022-04-12,24.260000228881836,100.5999984741211,,125.47200012207031,19.941940307617188
2022-04-13,21.81999969482422,104.25,,125.41600036621094,19.80328941345215
2022-04-14,22.700000762939453,106.94999694824219,,125.37699890136719,19.76129913330078
2022-04-15,,,,126.17900085449219,19.962299346923828
2022-04-18,22.170000076293945,108.20999908447266,,126.61799621582031,19.95359992980957
2022-04-19,21.3700008392334,102.55999755859375,,127.0979995727539,19.79520034790039
2022-04-20,20.31999969482422,102.75,,129.33299255371094,20.018110275268555
2022-04-21,22.68000030517578,103.79000091552734,,128.01300048828125,19.97369956970215
2022-04-22,28.209999084472656,102.06999969482422,,128.4080047607422,20.184650421142578
2022-04-25,27.020000457763672,98.54000091552734,,128.60499572753906,20.23200035095215
2022-04-26,33.52000045776367,101.69999694824219,,127.74400329589844,20.214599609375
2022-04-27,31.600000381469727,102.0199966430664,,127.26599884033203,20.380319595336914
2022-04-28,29.989999771118164,105.36000061035156,,128.3939971923828,20.372299194335938
2022-04-29,33.400001525878906,104.69000244140625,,130.81100463867188,20.441299438476562
2022-05-02,32.34000015258789,105.16999816894531,,130.01100158691406,20.41737937927246
2022-05-03,29.25,102.41000366210938,,130.11199951171875,20.448200225830078
2022-05-04,25.420000076293945,107.80999755859375,,130.11599731445312,20.280059814453125
2022-05-05,31.200000762939453,108.26000213623047,,129.22300720214844,20.038259506225586
2022-05-06,30.190000534057617,109.7699966430664,,130.3300018310547,20.21470069885254
2022-05-09,34.75,103.08999633789062,,130.74899291992188,20.176300048828125
2022-05-10,32.9900016784668,99.76000213623047,,130.3769989013672,20.3635196685791
2022-05-11,32.560001373291016,105.70999908447266,,130.3509979248047,20.380359649658203
2022-05-12,31.770000457763672,106.12999725341797,,129.8350067138672,20.319730758666992
2022-05-13,28.8700008392334,110.48999786376953,,128.58799743652344,20.172700881958008
2022-05-16,27.469999313354492,114.19999694824219,,129.4320068359375,20.09126091003418
2022-05-17,26.100000381469727,112.4000015258789,,128.92300415039062,20.019100189208984
2022-05-18,30.959999084472656,109.58999633789062,,129.45399475097656,19.93549919128418
2022-05-19,29.350000381469727,112.20999908447266,,127.91400146484375,20.023000717163086
2022-05-20,29.43000030517578,113.2300033569336,,127.83200073242188,19.923599243164062
2022-05-23,28.479999542236328,110.29000091552734,,127.90299987792969,19.84942054748535
2022-05-24,29.450000762939453,109.7699966430664,,127.84600067138672,19.917959213256836
2022-05-25,28.3700008392334,110.33000183105469,,126.76899719238281,19.84269905090332
2022-05-26,27.5,114.08999633789062,,127.1520004272461,19.818199157714844
2022-05-27,25.719999313354492,115.06999969482422,,127.04499816894531,19.75189971923828
2022-05-30,,,,127.28500366210938,19.56999969482422
2022-05-31,26.190000534057617,114.66999816894531,,127.78399658203125,19.531299591064453
2022-06-01,25.690000534057617,115.26000213623047,,128.73599243164062,19.648740768432617
2022-06-02,24.719999313354492,116.87000274658203,,130.1219940185547,19.71306037902832
2022-06-03,24.790000915527344,118.87000274658203,,129.91799926757812,19.52790069580078
2022-06-06,25.06999969482422,118.5,,130.70700073242188,19.54521942138672
2022-06-07,24.020000457763672,119.41000366210938,,132.17599487304688,19.555299758911133
2022-06-08,23.959999084472656,122.11000061035156,,132.8470001220703,19.57670021057129
2022-06-09,26.09000015258789,121.51000213623047,,134.42999267578125,19.587099075317383
2022-06-10,27.75,120.66999816894531,,134.41799926757812,19.676300048828125
2022-06-13,34.02000045776367,120.93000030517578,,134.81399536132812,20.019460678100586
2022-06-14,32.689998626708984,118.93000030517578,,134.22500610351562,20.466800689697266
2022-06-15,29.6200008392334,115.30999755859375,,135.29400634765625,20.560659408569336
2022-06-16,32.95000076293945,117.58999633789062,,134.11500549316406,20.222150802612305
2022-06-17,31.1299991607666,109.55999755859375,,132.42100524902344,20.397199630737305
2022-06-20,,,,135.2760009765625,20.294309616088867
2022-06-21,30.190000534057617,110.6500015258789,,135.08700561523438,20.26849937438965
2022-06-22,28.950000762939453,106.19000244140625,,136.2689971923828,20.136999130249023
2022-06-23,29.049999237060547,104.2699966430664,,136.0240020751953,20.04949951171875
2022-06-24,27.229999542236328,107.62000274658203,,134.83999633789062,20.009899139404297
2022-06-27,26.950000762939453,109.56999969482422,,135.06199645996094,19.892559051513672
2022-06-28,28.360000610351562,111.76000213623047,,135.43499755859375,19.90290069580078
2022-06-29,28.15999984741211,109.77999877929688,,136.0469970703125,20.1466007232666
2022-06-30,28.709999084472656,105.76000213623047,,136.58900451660156,20.130359649658203
2022-07-01,26.700000762939453,108.43000030517578,,135.78599548339844,20.102949142456055
2022-07-04,,,,135.04299926757812,20.250200271606445
2022-07-05,27.540000915527344,99.5,,135.83999633789062,20.268400192260742
2022-07-06,26.729999542236328,98.52999877929688,,135.52099609375,20.522899627685547
2022-07-07,26.079999923706055,102.7300033569336,,135.96600341796875,20.64109992980957
2022-07-08,24.639999389648438,104.79000091552734,,135.91299438476562,20.493999481201172
2022-07-11,26.170000076293945,104.08999633789062,,136.30099487304688,20.46269989013672
2022-07-12,27.290000915527344,95.83999633789062,,137.38800048828125,20.721200942993164
2022-07-13,26.81999969482422,96.30000305175781,,136.7259979248047,20.8664608001709
2022-07-14,26.399999618530273,95.77999877929688,,137.6280059814453,20.790800094604492
2022-07-15,24.229999542236328,97.58999633789062,,138.9669952392578,20.805889129638672
2022-07-18,25.299999237060547,102.5999984741211,,138.31399536132812,20.49959945678711
2022-07-19,24.5,104.22000122070312,,138.22900390625,20.44502067565918
2022-07-20,23.8799991607666,102.26000213623047,,138.1909942626953,20.519800186157227
2022-07-21,23.110000610351562,96.3499984741211,,138.39500427246094,20.54210090637207
2022-07-22,23.030000686645508,94.69999694824219,,137.09800720214844,20.65410041809082
2022-07-25,23.360000610351562,96.69999694824219,,136.31199645996094,20.53459930419922
2022-07-26,24.690000534057617,94.9800033569336,,136.43099975585938,20.450700759887695
2022-07-27,23.239999771118164,97.26000213623047,,136.97000122070312,20.453699111938477
2022-07-28,22.329999923706055,96.41999816894531,,136.11099243164062,20.373300552368164
2022-07-29,21.329999923706055,98.62000274658203,,134.39700317382812,20.281200408935547
2022-08-01,22.84000015258789,93.88999938964844,,133.40699768066406,20.374500274658203
2022-08-02,23.93000030517578,94.41999816894531,,131.57200622558594,20.383499145507812
2022-08-03,21.950000762939453,90.66000366210938,,133.37899780273438,20.810909271240234
2022-08-04,21.440000534057617,88.54000091552734,,133.96200561523438,20.492700576782227
2022-08-05,21.149999618530273,89.01000213623047,,132.62100219726562,20.323699951171875
2022-08-08,21.290000915527344,90.76000213623047,,135.0570068359375,20.42140007019043
2022-08-09,21.770000457763672,90.5,,134.83999633789062,20.2406005859375
2022-08-10,19.739999771118164,91.93000030517578,,135.18699645996094,20.239999771118164
2022-08-11,20.200000762939453,94.33999633789062,,132.8300018310547,20.015100479125977
2022-08-12,19.530000686645508,92.08999633789062,,132.99400329589844,19.93320083618164
2022-08-15,19.950000762939453,89.41000366210938,,133.28799438476562,19.85363006591797
2022-08-16,19.690000534057617,86.52999877929688,,133.14300537109375,19.808300018310547
2022-08-17,19.899999618530273,88.11000061035156,,134.27699279785156,19.903539657592773
2022-08-18,19.559999465942383,90.5,,134.94400024414062,19.970399856567383
2022-08-19,20.600000381469727,90.7699966430664,,135.7949981689453,20.130159378051758
2022-08-22,23.799999237060547,90.2300033569336,,137.04100036621094,20.189050674438477
2022-08-23,24.110000610351562,93.73999786376953,,137.54600524902344,20.12689971923828
2022-08-24,22.81999969482422,94.88999938964844,,136.73300170898438,19.983680725097656
2022-08-25,21.780000686645508,92.5199966430664,,137.08099365234375,19.902599334716797
2022-08-26,25.559999465942383,93.05999755859375,,136.56300354003906,19.919099807739258
2022-08-29,26.209999084472656,97.01000213623047,,137.52000427246094,20.067800521850586
2022-08-30,26.209999084472656,91.63999938964844,,138.5959930419922,19.984800338745117
2022-08-31,25.8700008392334,89.55000305175781,,138.73399353027344,20.127300262451172
2022-09-01,25.559999465942383,86.61000061035156,,139.29600524902344,20.186660766601562
2022-09-02,25.469999313354492,86.87000274658203,,140.08099365234375,20.166900634765625
2022-09-05,,,,140.48699951171875,19.970500946044922
2022-09-06,26.90999984741211,86.87999725341797,,140.42999267578125,19.965599060058594
2022-09-07,24.639999389648438,81.94000244140625,,143.1510009765625,20.131500244140625
2022-09-08,23.610000610351562,83.54000091552734,,144.1280059814453,19.981800079345703
2022-09-09,22.790000915527344,86.79000091552734,,143.8560028076172,19.933500289916992
2022-09-12,23.8700008392334,87.77999877929688,,142.5959930419922,19.859100341796875
2022-09-13,27.270000457763672,87.30999755859375,,142.5850067138672,19.830020904541016
2022-09-14,26.15999984741211,88.4800033569336,,144.4040069580078,20.03190040588379
2022-09-15,26.270000457763672,85.0999984741211,,142.92300415039062,19.95159912109375
2022-09-16,26.299999237060547,85.11000061035156,,143.36500549316406,20.08099937438965
2022-09-19,25.760000228881836,85.7300033569336,,142.76499938964844,20.03022003173828
2022-09-20,27.15999984741211,84.44999694824219,,143.22300720214844,19.903099060058594
2022-09-21,27.989999771118164,82.94000244140625,,143.6020050048828,19.976299285888672
2022-09-22,27.350000381469727,83.48999786376953,,144.3159942626953,20.044099807739258
2022-09-23,29.920000076293945,78.73999786376953,,142.27999877929688,19.919200897216797
2022-09-26,32.2599983215332,76.70999908447266,,143.51100158691406,20.211259841918945
2022-09-27,32.599998474121094,78.5,,144.45899963378906,20.37074089050293
2022-09-28,30.18000030517578,82.1500015258789,,144.6909942626953,20.368629455566406
2022-09-29,31.84000015258789,81.2300033569336,,144.3979949951172,20.18494987487793
2022-09-30,31.6200008392334,79.48999786376953,,144.43099975585938,20.12455940246582
2022-10-03,30.100000381469727,83.62999725341797,,144.8159942626953,20.117389678955078
2022-10-04,29.06999969482422,86.5199966430664,,144.5189971923828,20.00670051574707
2022-10-05,28.549999237060547,87.76000213623047,,143.78700256347656,19.965190887451172
2022-10-06,30.520000457763672,88.44999694824219,,144.44900512695312,20.03380012512207
2022-10-07,31.360000610351562,92.63999938964844,,145.03900146484375,20.100099563598633
2022-10-10,32.45000076293945,91.12999725341797,,145.48199462890625,20.029800415039062
2022-10-11,33.630001068115234,89.3499984741211,,145.6739959716797,19.94029998779297
2022-10-12,33.56999969482422,87.2699966430664,,145.8699951171875,20.06555938720703
2022-10-13,31.940000534057617,89.11000061035156,,146.73699951171875,19.97319984436035
2022-10-14,32.02000045776367,85.61000061035156,,147.29299926757812,19.97570037841797
2022-10-17,31.3700008392334,85.45999908447266,,148.6320037841797,20.015899658203125
2022-10-18,30.5,82.81999969482422,,148.9709930419922,19.971799850463867
2022-10-19,30.760000228881836,85.55000305175781,,149.20899963378906,20.01889991760254
2022-10-20,29.979999542236328,85.9800033569336,,149.8209991455078,20.127410888671875
2022-10-21,29.690000534057617,85.05000305175781,,150.17599487304688,20.042760848999023
2022-10-24,29.850000381469727,84.58000183105469,,147.81900024414062,19.9325008392334
2022-10-25,28.459999084472656,85.31999969482422,,148.88699340820312,19.908100128173828
2022-10-26,27.280000686645508,87.91000366210938,,147.97999572753906,19.866600036621094
2022-10-27,27.389999389648438,89.08000183105469,,146.13400268554688,19.943029403686523
2022-10-28,25.75,87.9000015258789,,146.2740020751953,19.840309143066406
2022-10-31,25.8799991607666,86.52999877929688,,147.81199645996094,19.820199966430664
2022-11-01,25.809999465942383,88.37000274658203,,148.73699951171875,19.79319953918457
2022-11-02,25.860000610351562,90.0,,147.9149932861328,19.724899291992188
2022-11-03,25.299999237060547,88.16999816894531,,147.89199829101562,19.67840003967285
2022-11-04,24.549999237060547,92.61000061035156,,148.39300537109375,19.670270919799805
2022-11-07,24.350000381469727,91.79000091552734,,146.84100341796875,19.5633602142334
2022-11-08,25.540000915527344,88.91000366210938,,146.62399291992188,19.443099975585938
2022-11-09,26.09000015258789,85.83000183105469,,145.2949981689453,19.537620544433594
2022-11-10,23.530000686645508,86.47000122070312,,146.20899963378906,19.56209945678711
2022-11-11,22.520000457763672,88.95999908447266,,141.73399353027344,19.315509796142578
2022-11-14,23.729999542236328,85.87000274658203,,139.55299377441406,19.514429092407227
2022-11-15,24.540000915527344,86.91999816894531,,140.11500549316406,19.33919906616211
2022-11-16,24.110000610351562,85.58999633789062,,138.96499633789062,19.34119987487793
2022-11-17,23.93000030517578,81.63999938964844,,139.32200622558594,19.33333969116211
2022-11-18,23.1200008392334,80.08000183105469,,140.41200256347656,19.399900436401367
2022-11-21,22.360000610351562,79.7300033569336,,140.2530059814453,19.443199157714844
2022-11-22,21.290000915527344,80.94999694824219,,142.09800720214844,19.531600952148438
2022-11-23,20.350000381469727,77.94000244140625,,141.15499877929688,19.441909790039062
2022-11-24,,,,139.2779998779297,19.334999084472656
2022-11-25,20.5,76.27999877929688,,138.60299682617188,19.38129997253418
2022-11-28,22.209999084472656,77.23999786376953,,139.10000610351562,19.34354019165039
2022-11-29,21.889999389648438,78.19999694824219,,138.718994140625,19.296300888061523
2022-11-30,20.579999923706055,80.55000305175781,,138.7449951171875,19.23200035095215
2022-12-01,19.84000015258789,81.22000122070312,,137.35899353027344,19.264850616455078
2022-12-02,19.059999465942383,79.9800033569336,,135.14999389648438,19.128299713134766
2022-12-05,20.75,76.93000030517578,,134.47500610351562,19.38298988342285
2022-12-06,22.170000076293945,74.25,,136.65199279785156,19.721399307250977
2022-12-07,22.68000030517578,72.01000213623047,,136.88600158691406,19.7544002532959
2022-12-08,22.290000915527344,71.45999908447266,,136.38099670410156,19.666900634765625
2022-12-09,22.829999923706055,71.0199966430664,,136.61399841308594,19.621559143066406
2022-12-12,25.0,73.16999816894531,,136.71200561523438,19.786699295043945
2022-12-13,22.549999237060547,75.38999938964844,,137.50399780273438,19.847299575805664
2022-12-14,21.139999389648438,77.27999877929688,,135.58399963378906,19.542020797729492
2022-12-15,22.829999923706055,76.11000061035156,,135.34800720214844,19.609399795532227
2022-12-16,22.6200008392334,74.29000091552734,,137.75100708007812,19.74959945678711
2022-12-19,22.420000076293945,75.19000244140625,,136.69000244140625,19.79690933227539
2022-12-20,21.479999542236328,76.08999633789062,,136.9949951171875,19.787599563598633
2022-12-21,20.06999969482422,78.29000091552734,,131.89199829101562,19.754199981689453
2022-12-22,21.969999313354492,77.48999786376953,,132.3699951171875,19.659589767456055
2022-12-23,20.8700008392334,79.55999755859375,,132.35699462890625,19.559499740600586
2022-12-26,,,,132.7899932861328,19.337390899658203
2022-12-27,21.649999618530273,79.52999877929688,,132.76400756835938,19.363069534301758
2022-12-28,22.139999389648438,78.95999908447266,,133.48599243164062,19.462099075317383
2022-12-29,21.440000534057617,78.4000015258789,,134.03399658203125,19.422300338745117
2022-12-30,21.670000076293945,80.26000213623047,,132.91600036621094,19.457599639892578
2023-01-02,,,,130.84500122070312,19.44659996032715
2023-01-03,22.899999618530273,76.93000030517578,,130.79400634765625,19.458799362182617
2023-01-04,22.010000228881836,72.83999633789062,,131.2480010986328,19.40760040283203
2023-01-05,22.459999084472656,73.66999816894531,,132.24600219726562,19.38680076599121
2023-01-06,21.1299991607666,73.7699966430664,,133.3070068359375,19.31855010986328
2023-01-09,21.969999313354492,74.62999725341797,,131.86199951171875,19.124300003051758
2023-01-10,20.579999923706055,75.12000274658203,,131.72900390625,19.124500274658203
2023-01-11,21.09000015258789,77.41000366210938,,132.1009979248047,19.059600830078125
2023-01-12,18.829999923706055,78.38999938964844,,131.90199279785156,18.942399978637695
2023-01-13,18.350000381469727,79.86000061035156,,129.1719970703125,18.844310760498047
2023-01-16,,,,128.0260009765625,18.774200439453125
2023-01-17,19.360000610351562,80.18000030517578,,128.3209991455078,18.77790069580078
2023-01-18,20.34000015258789,79.4800033569336,,128.281005859375,18.64150047302246
2023-01-19,20.520000457763672,80.33000183105469,,128.53900146484375,18.874059677124023
2023-01-20,19.850000381469727,81.30999755859375,,128.3699951171875,18.98270034790039
2023-01-23,19.809999465942383,81.62000274658203,,129.35400390625,18.857770919799805
2023-01-24,19.200000762939453,80.12999725341797,,130.5970001220703,18.81325912475586
2023-01-25,19.079999923706055,80.1500015258789,,130.23899841308594,18.783599853515625
2023-01-26,18.729999542236328,81.01000213623047,,129.23699951171875,18.776199340820312
2023-01-27,18.510000228881836,79.68000030517578,,129.8000030517578,18.79669952392578
2023-01-30,19.940000534057617,77.9000015258789,,129.85400390625,18.768749237060547
2023-01-31,19.399999618530273,78.87000274658203,,130.47900390625,18.75860023498535
2023-02-01,17.8700008392334,76.41000366210938,,130.11000061035156,18.842870712280273
2023-02-02,18.729999542236328,75.87999725341797,,128.6219940185547,18.58289909362793
2023-02-03,18.329999923706055,73.38999938964844,,128.74600219726562,18.641399383544922
2023-02-06,19.43000030517578,74.11000061035156,,132.00900268554688,18.990869522094727
2023-02-07,18.65999984741211,77.13999938964844,,132.6230010986328,19.167999267578125
2023-02-08,19.6299991607666,78.47000122070312,,131.04200744628906,18.881500244140625
2023-02-09,20.709999084472656,78.05999755859375,,131.38699340820312,18.934450149536133
2023-02-10,20.530000686645508,79.72000122070312,,131.5189971923828,18.77829933166504
2023-02-13,20.34000015258789,80.13999938964844,,131.55099487304688,18.67840003967285
2023-02-14,18.90999984741211,79.05999755859375,,132.33700561523438,18.565040588378906
2023-02-15,18.229999542236328,78.58999633789062,,132.99099731445312,18.50480079650879
2023-02-16,20.170000076293945,78.48999786376953,,133.9029998779297,18.584550857543945
2023-02-17,20.020000457763672,76.33999633789062,,134.07400512695312,18.54871940612793
2023-02-20,,,,134.3070068359375,18.36737060546875
2023-02-21,22.8700008392334,76.16000366210938,,134.33599853515625,18.38520050048828
2023-02-22,22.290000915527344,73.94999694824219,,134.9759979248047,18.429899215698242
2023-02-23,21.139999389648438,75.38999938964844,,134.9320068359375,18.364580154418945
2023-02-24,21.670000076293945,76.31999969482422,,134.6280059814453,18.36865997314453
2023-02-27,20.950000762939453,75.68000030517578,,136.39500427246094,18.39133071899414
2023-02-28,20.700000762939453,77.05000305175781,,136.31700134277344,18.366899490356445
2023-03-01,20.579999923706055,77.69000244140625,,136.34800720214844,18.300939559936523
2023-03-02,19.59000015258789,78.16000366210938,,136.19400024414062,18.115970611572266
2023-03-03,18.489999771118164,79.68000030517578,,136.7050018310547,18.105300903320312
2023-03-06,18.610000610351562,80.45999908447266,,135.86000061035156,17.97800064086914
2023-03-07,19.59000015258789,77.58000183105469,,135.99899291992188,18.00135040283203
2023-03-08,19.110000610351562,76.66000366210938,,137.39100646972656,18.100099563598633
2023-03-09,22.610000610351562,75.72000122070312,,137.2259979248047,17.97075080871582
2023-03-10,24.799999237060547,76.68000030517578,,136.39500427246094,18.329639434814453
2023-03-13,26.520000457763672,74.80000305175781,,134.97999572753906,18.31702995300293
2023-03-14,23.729999542236328,71.33000183105469,,133.11399841308594,18.91908073425293
2023-03-15,26.139999389648438,67.61000061035156,,134.39700317382812,18.600500106811523
2023-03-16,22.989999771118164,68.3499984741211,,132.9290008544922,18.991899490356445
2023-03-17,25.510000228881836,66.73999786376953,,133.3679962158203,18.769390106201172
2023-03-20,24.149999618530273,67.63999938964844,,132.28399658203125,18.843420028686523
2023-03-21,21.3799991607666,69.33000183105469,,131.39199829101562,18.814599990844727
2023-03-22,22.260000228881836,70.9000015258789,,132.34800720214844,18.62405014038086
2023-03-23,22.610000610351562,69.95999908447266,,131.1790008544922,18.593360900878906
2023-03-24,21.739999771118164,69.26000213623047,,130.86500549316406,18.567899703979492
2023-03-27,20.600000381469727,72.80999755859375,,130.8459930419922,18.427059173583984
2023-03-28,19.969999313354492,73.19999694824219,,131.23300170898438,18.318599700927734
2023-03-29,19.1200008392334,72.97000122070312,,131.04600524902344,18.219200134277344
2023-03-30,19.020000457763672,74.37000274658203,,132.5760040283203,18.094030380249023
2023-03-31,18.700000762939453,75.66999816894531,,133.2010040283203,18.089550018310547
2023-04-03,18.549999237060547,80.41999816894531,,133.3470001220703,18.03915023803711
2023-04-04,19.0,80.70999908447266,,132.2989959716797,18.087570190429688
2023-04-05,19.079999923706055,80.61000061035156,,131.48500061035156,18.112499237060547
2023-04-06,18.399999618530273,80.69999694824219,,130.9340057373047,18.308799743652344
2023-04-07,,,,131.66900634765625,18.227100372314453
2023-04-10,18.969999313354492,79.73999786376953,,132.0970001220703,18.134700775146484
2023-04-11,19.100000381469727,81.52999877929688,,133.468994140625,18.14310073852539
2023-04-12,19.09000015258789,83.26000213623047,,133.593994140625,18.158899307250977
2023-04-13,17.799999237060547,82.16000366210938,,133.0850067138672,18.055099487304688
2023-04-14,17.06999969482422,82.5199966430664,,132.48699951171875,18.018999099731445
2023-04-17,16.950000762939453,80.83000183105469,,133.9709930419922,17.99287986755371
2023-04-18,16.829999923706055,80.86000061035156,,134.4250030517578,18.03219985961914
2023-04-19,16.459999084472656,79.16000366210938,,134.04400634765625,18.043489456176758
2023-04-20,17.170000076293945,77.29000091552734,,134.70399475097656,18.04050064086914
2023-04-21,16.770000457763672,77.87000274658203,,133.99600219726562,17.997909545898438
2023-04-24,16.889999389648438,78.76000213623047,,133.96099853515625,17.997140884399414
2023-04-25,18.760000228881836,77.06999969482422,,134.08399963378906,17.965200424194336
2023-04-26,18.84000015258789,74.30000305175781,,133.71099853515625,18.0403995513916
2023-04-27,17.030000686645508,74.76000213623047,,133.46499633789062,18.158550262451172
2023-04-28,15.779999732971191,76.77999877929688,,133.802001953125,18.024499893188477
2023-05-01,16.079999923706055,75.66000366210938,,136.38600158691406,17.99139976501465
2023-05-02,17.780000686645508,71.66000366210938,,137.52099609375,17.93769073486328
2023-05-03,18.34000015258789,68.5999984741211,,136.46600341796875,17.97426986694336
2023-05-04,20.09000015258789,68.55999755859375,,134.54400634765625,17.956100463867188
2023-05-05,17.190000534057617,71.33999633789062,,134.1790008544922,17.89937973022461
2023-05-08,16.979999542236328,73.16000366210938,,135.19900512695312,17.76626968383789
2023-05-09,17.709999084472656,73.70999908447266,,135.072998046875,17.787580490112305
2023-05-10,16.940000534057617,72.55999755859375,,135.28799438476562,17.743499755859375
2023-05-11,16.93000030517578,70.87000274658203,,134.08700561523438,17.537200927734375
2023-05-12,17.030000686645508,70.04000091552734,,134.4980010986328,17.57469940185547
2023-05-15,17.1200008392334,71.11000061035156,,135.82200622558594,17.596250534057617
2023-05-16,17.989999771118164,70.86000061035156,,136.0449981689453,17.4330997467041
2023-05-17,16.8700008392334,72.83000183105469,,136.42999267578125,17.480300903320312
2023-05-18,16.049999237060547,71.86000061035156,,137.61399841308594,17.606769561767578
2023-05-19,16.809999465942383,71.55000305175781,,138.6199951171875,17.715700149536133
2023-05-22,17.209999084472656,71.98999786376953,,137.69200134277344,17.7460994720459
2023-05-23,18.530000686645508,72.91000366210938,,138.6719970703125,17.879899978637695
2023-05-24,20.030000686645508,74.33999633789062,,138.59800720214844,17.958200454711914
2023-05-25,19.139999389648438,71.83000183105469,,139.2830047607422,17.799930572509766
2023-05-26,17.950000762939453,72.66999816894531,,140.01699829101562,17.84630012512207
2023-05-29,,,,140.87100219726562,17.60219955444336
2023-05-30,17.459999084472656,69.45999908447266,,140.4409942626953,17.598819732666016
2023-05-31,17.940000534057617,68.08999633789062,,139.79200744628906,17.65570068359375
2023-06-01,15.649999618530273,70.0999984741211,,139.1269989013672,17.67650032043457
2023-06-02,14.600000381469727,71.73999786376953,,138.7480010986328,17.538799285888672
2023-06-05,14.729999542236328,72.1500015258789,,140.20700073242188,17.550399780273438
2023-06-06,13.960000038146973,71.73999786376953,,139.38299560546875,17.445899963378906
2023-06-07,13.9399995803833,72.52999877929688,,139.52699279785156,17.367700576782227
2023-06-08,13.649999618530273,71.29000091552734,,139.8990020751953,17.355289459228516
2023-06-09,13.829999923706055,70.16999816894531,,138.86300659179688,17.37220001220703
2023-06-12,15.010000228881836,67.12000274658203,,139.37100219726562,17.27090072631836
2023-06-13,14.609999656677246,69.41999816894531,,139.4600067138672,17.2841796875
2023-06-14,13.880000114440918,68.2699966430664,,140.177001953125,17.233789443969727
2023-06-15,14.5,70.62000274658203,,139.9770050048828,17.127399444580078
2023-06-16,13.539999961853027,71.77999877929688,,140.26800537109375,17.12636947631836
2023-06-19,,,,141.86700439453125,17.0669002532959
2023-06-20,13.880000114440918,70.5,,141.8990020751953,17.072999954223633
2023-06-21,13.199999809265137,72.52999877929688,,141.3350067138672,17.20363998413086
2023-06-22,12.90999984741211,69.51000213623047,,141.68800354003906,17.11750030517578
2023-06-23,13.4399995803833,69.16000366210938,,143.02999877929688,17.170000076293945
2023-06-26,14.25,69.37000274658203,,143.54100036621094,17.1471004486084
2023-06-27,13.739999771118164,67.69999694824219,,143.4600067138672,17.117000579833984
2023-06-28,13.430000305175781,69.55999755859375,,143.8820037841797,17.076499938964844
2023-06-29,13.539999961853027,69.86000061035156,,144.38900756835938,17.08289909362793
2023-06-30,13.59000015258789,70.63999938964844,,144.77999877929688,17.10610008239746
2023-07-03,13.569999694824219,69.79000091552734,,144.3979949951172,17.12080955505371
2023-07-04,,,,144.58399963378906,17.047000885009766
2023-07-05,14.180000305175781,71.79000091552734,,144.406005859375,17.035499572753906
2023-07-06,15.4399995803833,71.80000305175781,,144.48899841308594,17.006080627441406
2023-07-07,14.829999923706055,73.86000061035156,,143.9510040283203,17.231609344482422
2023-07-10,15.069999694824219,72.98999786376953,,142.20899963378906,17.147850036621094
2023-07-11,14.84000015258789,74.83000183105469,,141.2969970703125,17.0447998046875
2023-07-12,13.539999961853027,75.75,,140.1179962158203,17.028900146484375
2023-07-13,13.609999656677246,76.88999938964844,,138.31500244140625,16.89642906188965
2023-07-14,13.34000015258789,75.41999816894531,,138.0749969482422,16.846630096435547
2023-07-17,13.479999542236328,74.1500015258789,,138.6820068359375,16.73870086669922
2023-07-18,13.300000190734863,75.75,,138.72900390625,16.713699340820312
2023-07-19,13.760000228881836,75.3499984741211,,139.02699279785156,16.75214958190918
2023-07-20,13.989999771118164,75.62999725341797,,139.59800720214844,16.711870193481445
2023-07-21,13.600000381469727,77.06999969482422,,139.86399841308594,16.86590003967285
2023-07-24,13.90999984741211,78.73999786376953,,141.75,16.974300384521484
2023-07-25,13.859999656677246,79.62999725341797,,141.52200317382812,16.826099395751953
2023-07-26,13.1899995803833,78.77999877929688,,140.91299438476562,16.926700592041016
2023-07-27,14.40999984741211,80.08999633789062,,140.36700439453125,16.86244010925293
2023-07-28,13.329999923706055,80.58000183105469,,138.86399841308594,16.84709930419922
2023-07-31,13.630000114440918,81.80000305175781,,140.75799560546875,16.68090057373047
2023-08-01,13.930000305175781,81.37000274658203,,142.322998046875,16.738100051879883
2023-08-02,16.09000015258789,79.48999786376953,,142.97000122070312,16.8735294342041
2023-08-03,15.920000076293945,81.55000305175781,,143.343994140625,17.00079917907715
2023-08-04,17.100000381469727,82.81999969482422,,142.59800720214844,17.318199157714844
2023-08-07,15.770000457763672,81.94000244140625,,141.87600708007812,17.08099937438965
2023-08-08,15.989999771118164,82.91999816894531,,142.5240020751953,17.064699172973633
2023-08-09,15.960000038146973,84.4000015258789,,143.2779998779297,17.106399536132812
2023-08-10,15.850000381469727,82.81999969482422,,143.7270050048828,17.059289932250977
2023-08-11,14.84000015258789,83.19000244140625,,144.85400390625,17.067699432373047
2023-08-14,14.819999694824219,82.51000213623047,,144.81700134277344,16.993989944458008
2023-08-15,16.459999084472656,80.98999786376953,,145.43699645996094,17.045299530029297
2023-08-16,16.780000686645508,79.37999725341797,,145.60800170898438,17.12866973876953
2023-08-17,17.889999389648438,80.38999938964844,,146.33299255371094,17.14409065246582
2023-08-18,17.299999237060547,81.25,,145.71400451660156,17.09787940979004
2023-08-21,17.1299991607666,80.72000122070312,,145.30499267578125,17.026100158691406
2023-08-22,16.969999313354492,80.3499984741211,,146.23800659179688,17.012800216674805
2023-08-23,15.979999542236328,78.88999938964844,,145.76300048828125,16.906450271606445
2023-08-24,17.200000762939453,79.05000305175781,,144.67300415039062,16.77910041809082
2023-08-25,15.680000305175781,79.83000183105469,,146.06700134277344,16.830610275268555
2023-08-28,15.079999923706055,80.0999984741211,,146.531005859375,16.718799591064453
2023-08-29,14.449999809265137,81.16000366210938,,146.46400451660156,16.785999298095703
2023-08-30,13.880000114440918,81.62999725341797,,145.98800659179688,16.786699295043945
2023-08-31,13.569999694824219,83.62999725341797,,146.0989990234375,16.757129669189453
2023-09-01,13.09000015258789,85.55000305175781,,145.47300720214844,16.998220443725586
2023-09-04,,,,146.0570068359375,17.073270797729492
2023-09-05,14.010000228881836,86.69000244140625,,146.54299926757812,17.17608070373535
2023-09-06,14.449999809265137,87.54000091552734,,147.4709930419922,17.382600784301758
2023-09-07,14.399999618530273,86.87000274658203,,147.70899963378906,17.578899383544922
2023-09-08,13.84000015258789,87.51000213623047,,147.33099365234375,17.577299118041992
2023-09-11,13.800000190734863,87.29000091552734,,147.11300659179688,17.543140411376953
2023-09-12,14.229999542236328,88.83999633789062,,146.67799377441406,17.281030654907227
2023-09-13,13.479999542236328,88.5199966430664,,147.1580047607422,17.21339988708496
2023-09-14,12.819999694824219,90.16000366210938,,147.3459930419922,17.130599975585938
2023-09-15,13.789999961853027,90.7699966430664,,147.48199462890625,17.106359481811523
2023-09-18,14.0,91.4800033569336,,147.8679962158203,17.047399520874023
2023-09-19,14.109999656677246,91.19999694824219,,147.60499572753906,17.11669921875
2023-09-20,15.140000343322754,90.27999877929688,,147.74200439453125,17.06485939025879
2023-09-21,17.540000915527344,89.62999725341797,,148.3209991455078,17.092159271240234
2023-09-22,17.200000762939453,90.02999877929688,,147.6439971923828,17.21109962463379
2023-09-25,16.899999618530273,89.68000030517578,,148.4340057373047,17.173599243164062
2023-09-26,18.940000534057617,90.38999938964844,,148.81100463867188,17.3843994140625
2023-09-27,18.219999313354492,93.68000030517578,,149.0449981689453,17.54500961303711
2023-09-28,17.34000015258789,91.70999908447266,,149.4980010986328,17.68695068359375
2023-09-29,17.520000457763672,90.79000091552734,,149.33700561523438,17.5389404296875
2023-10-02,17.610000610351562,88.81999969482422,,149.5399932861328,17.39539909362793
2023-10-03,19.780000686645508,89.2300033569336,,149.8509979248047,17.662500381469727
2023-10-04,18.579999923706055,84.22000122070312,,149.19200134277344,18.0093994140625
2023-10-05,18.489999771118164,82.30999755859375,,148.96600341796875,17.978099822998047
2023-10-06,17.450000762939453,82.79000091552734,,148.46299743652344,18.278139114379883
2023-10-09,17.700000762939453,86.37999725341797,,149.16000366210938,18.22800064086914
2023-10-10,17.030000686645508,85.97000122070312,,148.32699584960938,18.207679748535156
2023-10-11,16.09000015258789,83.48999786376953,,148.6280059814453,17.934030532836914
2023-10-12,16.690000534057617,82.91000366210938,,149.03599548339844,17.837169647216797
2023-10-13,19.31999969482422,87.69000244140625,,149.7899932861328,17.97064971923828
2023-10-16,17.209999084472656,86.66000366210938,,149.5659942626953,18.049999237060547
2023-10-17,17.8799991607666,86.66000366210938,,149.5780029296875,17.90700912475586
2023-10-18,19.219999313354492,88.31999969482422,,149.75900268554688,18.001800537109375
2023-10-19,21.399999618530273,89.37000274658203,,149.74200439453125,18.235200881958008
2023-10-20,21.709999084472656,88.75,,149.802001953125,18.308500289916992
2023-10-23,20.3700008392334,85.48999786376953,,149.8800048828125,18.201099395751953
2023-10-24,18.969999313354492,83.73999786376953,,149.7689971923828,18.132299423217773
2023-10-25,20.190000534057617,85.38999938964844,,149.85400390625,18.259069442749023
2023-10-26,20.68000030517578,83.20999908447266,,150.09800720214844,18.32740020751953
2023-10-27,21.270000457763672,85.54000091552734,,150.36599731445312,18.136199951171875
2023-10-30,19.75,82.30999755859375,,149.73300170898438,18.10548973083496
2023-10-31,18.139999389648438,81.0199966430664,,149.11099243164062,18.048099517822266
2023-11-01,16.8700008392334,80.44000244140625,,151.29400634765625,18.04669952392578
2023-11-02,15.65999984741211,82.45999908447266,,150.5749969482422,17.76235008239746
2023-11-03,14.90999984741211,80.51000213623047,,150.4969940185547,17.527000427246094
2023-11-06,14.890000343322754,80.81999969482422,,149.44900512695312,17.472129821777344
2023-11-07,14.8100004196167,77.37000274658203,,149.98899841308594,17.53529930114746
2023-11-08,14.449999809265137,75.33000183105469,,150.39599609375,17.470199584960938
2023-11-09,15.289999961853027,75.73999786376953,,150.86399841308594,17.52519989013672
2023-11-10,14.170000076293945,77.16999816894531,,151.3489990234375,17.78936004638672
2023-11-13,14.760000228881836,78.26000213623047,,151.468994140625,17.656400680541992
2023-11-14,14.15999984741211,78.26000213623047,,151.64599609375,17.600099563598633
2023-11-15,14.180000305175781,76.66000366210938,,150.48500061035156,17.332500457763672
2023-11-16,14.319999694824219,72.9000015258789,,151.21499633789062,17.29616928100586
2023-11-17,13.800000190734863,75.88999938964844,,150.7050018310547,17.225799560546875
2023-11-20,13.40999984741211,77.5999984741211,,149.94200134277344,17.219680786132812
2023-11-21,13.350000381469727,77.7699966430664,,148.36199951171875,17.110740661621094
2023-11-22,12.850000381469727,77.0999984741211,,148.15199279785156,17.189599990844727
2023-11-23,,,,149.4600067138672,17.1951904296875
2023-11-24,12.460000038146973,75.54000091552734,,149.63499450683594,17.186500549316406
2023-11-27,12.6899995803833,74.86000061035156,,149.5709991455078,17.113859176635742
2023-11-28,12.6899995803833,76.41000366210938,,148.45199584960938,17.158599853515625
2023-11-29,12.979999542236328,77.86000061035156,,147.06300354003906,17.121000289916992
2023-11-30,12.920000076293945,75.95999908447266,,147.03900146484375,17.282800674438477
2023-12-01,12.630000114440918,74.06999969482422,,147.99899291992188,17.376300811767578
2023-12-04,13.079999923706055,73.04000091552734,,146.39300537109375,17.18876075744629
2023-12-05,12.850000381469727,72.31999969482422,,147.32699584960938,17.454099655151367
2023-12-06,12.970000267028809,69.37999725341797,,147.18499755859375,17.358299255371094
2023-12-07,13.0600004196167,69.33999633789062,,147.1840057373047,17.287460327148438
2023-12-08,12.350000381469727,71.2300033569336,,144.2779998779297,17.472049713134766
2023-12-11,12.630000114440918,71.31999969482422,,144.98300170898438,17.34709930419922
2023-12-12,12.069999694824219,68.61000061035156,,146.0850067138672,17.36989974975586
2023-12-13,12.1899995803833,69.47000122070312,,145.27999877929688,17.303760528564453
2023-12-14,12.479999542236328,71.58000183105469,,142.7729949951172,17.26226043701172
2023-12-15,12.279999732971191,71.43000030517578,,142.2790069580078,17.190380096435547
2023-12-18,12.5600004196167,72.47000122070312,,142.31300354003906,17.221200942993164
2023-12-19,12.529999732971191,73.44000244140625,,142.7220001220703,17.162700653076172
2023-12-20,13.670000076293945,74.22000122070312,,143.88900756835938,17.059799194335938
2023-12-21,13.649999618530273,73.88999938964844,,143.5229949951172,17.133169174194336
2023-12-22,13.029999732971191,73.55999755859375,,142.07000732421875,17.031269073486328
2023-12-25,,,,142.3419952392578,16.978370666503906
2023-12-26,12.989999771118164,75.56999969482422,,142.22999572753906,16.975200653076172
2023-12-27,12.430000305175781,74.11000061035156,,142.46099853515625,16.973600387573242
2023-12-28,12.470000267028809,71.7699966430664,,141.3990020751953,16.91360092163086
2023-12-29,12.449999809265137,71.6500015258789,,141.42999267578125,16.951200485229492
2024-01-01,,,,140.95199584960938,16.96343994140625
2024-01-02,13.199999809265137,70.37999725341797,,141.12600708007812,16.962509155273438
2024-01-03,14.039999961853027,72.69999694824219,,142.15499877929688,17.019399642944336
2024-01-04,14.130000114440918,72.19000244140625,,142.99899291992188,17.012149810791016
2024-01-05,13.350000381469727,73.80999755859375,,144.76499938964844,17.00860023498535
2024-01-08,13.079999923706055,70.7699966430664,,144.71600341796875,16.880939483642578
2024-01-09,12.760000228881836,72.23999786376953,,144.22999572753906,16.83370018005371
2024-01-10,12.6899995803833,71.37000274658203,,144.42799377441406,16.966659545898438
2024-01-11,12.4399995803833,72.0199966430664,,145.73399353027344,16.981660842895508
2024-01-12,12.699999809265137,72.68000030517578,,145.04600524902344,16.901559829711914
2024-01-15,,,,145.1490020751953,16.869070053100586
2024-01-16,13.84000015258789,72.4000015258789,,145.79400634765625,16.88479995727539
2024-01-17,14.789999961853027,72.55999755859375,,147.24600219726562,17.197900772094727
2024-01-18,14.130000114440918,74.08000183105469,,148.1179962158203,17.19260025024414
2024-01-19,13.300000190734863,73.41000366210938,,148.1280059814453,17.168359756469727
2024-01-22,13.1899995803833,75.19000244140625,,148.12100219726562,17.093149185180664
2024-01-23,12.550000190734863,74.37000274658203,,148.14199829101562,17.174699783325195
2024-01-24,13.140000343322754,75.08999633789062,,148.25100708007812,17.306060791015625
2024-01-25,13.449999809265137,77.36000061035156,,147.59100341796875,17.234159469604492
2024-01-26,13.260000228881836,78.01000213623047,,147.72300720214844,17.18950080871582
2024-01-29,13.600000381469727,76.77999877929688,,148.13999938964844,17.16861915588379
2024-01-30,13.3100004196167,77.81999969482422,,147.46800231933594,17.219560623168945
2024-01-31,14.350000381469727,75.8499984741211,,147.36900329589844,17.1527099609375
2024-02-01,13.880000114440918,73.81999969482422,,146.99600219726562,17.217529296875
2024-02-02,13.850000381469727,72.27999877929688,,146.4510040283203,17.0674991607666
2024-02-05,13.670000076293945,72.77999877929688,,148.50100708007812,17.15069007873535
2024-02-06,13.0600004196167,73.30999755859375,,148.63999938964844,17.109100341796875
2024-02-07,12.829999923706055,73.86000061035156,,147.8179931640625,17.027999877929688
2024-02-08,12.789999961853027,76.22000122070312,,148.08599853515625,17.045400619506836
2024-02-09,12.930000305175781,76.83999633789062,,149.25900268554688,17.13170051574707
2024-02-12,13.930000305175781,76.91999816894531,,149.16700744628906,17.075429916381836
2024-02-13,15.850000381469727,77.87000274658203,,149.40499877929688,17.067760467529297
2024-02-14,14.380000114440918,76.63999938964844,,150.7239990234375,17.202009201049805
2024-02-15,14.010000228881836,78.02999877929688,,150.54400634765625,17.075199127197266
2024-02-16,14.239999771118164,79.19000244140625,,149.9459991455078,17.040170669555664
2024-02-19,,,,150.09100341796875,17.042930603027344
2024-02-20,15.420000076293945,78.18000030517578,,150.27000427246094,17.03420066833496
2024-02-21,15.34000015258789,77.91000366210938,,149.93899536132812,17.059799194335938
2024-02-22,14.539999961853027,78.61000061035156,,150.35499572753906,17.033100128173828
2024-02-23,13.75,76.48999786376953,,150.48300170898438,17.10733985900879
2024-02-26,13.739999771118164,77.58000183105469,,150.4980010986328,17.113929748535156
2024-02-27,13.430000305175781,78.87000274658203,,150.5659942626953,17.08169937133789
2024-02-28,13.84000015258789,78.54000091552734,,150.4949951171875,17.066959381103516
2024-02-29,13.399999618530273,78.26000213623047,,150.656005859375,17.087299346923828
2024-03-01,13.109999656677246,79.97000122070312,,150.09500122070312,17.050060272216797
2024-03-04,13.489999771118164,78.73999786376953,,150.10499572753906,17.009370803833008
2024-03-05,14.460000038146973,78.1500015258789,,150.46600341796875,16.95507049560547
2024-03-06,14.5,79.12999725341797,,150.0489959716797,16.932100296020508
2024-03-07,14.4399995803833,78.93000030517578,,149.2689971923828,16.867799758911133
2024-03-08,14.739999771118164,78.01000213623047,,147.8679962158203,16.864700317382812
2024-03-11,15.220000267028809,77.93000030517578,,146.7740020751953,16.803619384765625
2024-03-12,13.84000015258789,77.55999755859375,,146.73199462890625,16.798969268798828
2024-03-13,13.75,79.72000122070312,,147.61900329589844,16.784299850463867
2024-03-14,14.399999618530273,81.26000213623047,,147.62100219726562,16.669330596923828
2024-03-15,14.40999984741211,81.04000091552734,,148.29600524902344,16.701860427856445
2024-03-18,14.329999923706055,82.72000122070312,,148.9550018310547,16.720399856567383
2024-03-19,13.819999694824219,83.47000122070312,,149.1439971923828,16.830860137939453
2024-03-20,13.039999961853027,81.68000030517578,,151.03500366210938,16.79990005493164
2024-03-21,12.920000076293945,81.06999969482422,,150.75999450683594,16.667699813842773
2024-03-22,13.0600004196167,80.62999725341797,,151.63299560546875,16.7268009185791
2024-03-25,13.1899995803833,81.94999694824219,,151.30499267578125,16.75830078125
2024-03-26,13.239999771118164,81.62000274658203,,151.3730010986328,16.670700073242188
2024-03-27,12.779999732971191,81.3499984741211,,151.52999877929688,16.63159942626953
2024-03-28,13.010000228881836,83.16999816894531,,151.28700256347656,16.55069923400879
2024-03-29,,,,151.44000244140625,16.602840423583984
2024-04-01,13.649999618530273,83.70999908447266,,151.3979949951172,16.555450439453125
2024-04-02,14.609999656677246,85.1500015258789,,151.58099365234375,16.608800888061523
2024-04-03,14.329999923706055,85.43000030517578,,151.5399932861328,16.54990005493164
2024-04-04,16.350000381469727,86.58999633789062,,151.58099365234375,16.527000427246094
2024-04-05,16.030000686645508,86.91000366210938,,151.29200744628906,16.573200225830078
2024-04-08,15.1899995803833,86.43000030517578,,151.69000244140625,16.45199966430664
2024-04-09,14.979999542236328,85.2300033569336,,151.84300231933594,16.314300537109375
2024-04-10,15.800000190734863,86.20999908447266,,151.77699279785156,16.383310317993164
2024-04-11,14.90999984741211,85.0199966430664,,152.96400451660156,16.452499389648438
2024-04-12,17.309999465942383,85.66000366210938,,153.19200134277344,16.42609977722168
2024-04-15,19.229999542236328,85.41000366210938,,153.2830047607422,16.611080169677734
2024-04-16,18.399999618530273,85.36000061035156,,154.20599365234375,16.694400787353516
2024-04-17,18.209999084472656,82.69000244140625,,154.697998046875,17.033340454101562
2024-04-18,18.0,82.7300033569336,,154.3419952392578,16.956300735473633
2024-04-19,18.709999084472656,83.13999938964844,,154.61000061035156,17.074960708618164
2024-04-22,16.940000534057617,82.8499984741211,,154.63999938964844,17.091999053955078
2024-04-23,15.6899995803833,83.36000061035156,,154.81300354003906,17.136980056762695
2024-04-24,15.970000267028809,82.80999755859375,,154.74400329589844,16.949199676513672
2024-04-25,15.369999885559082,83.56999969482422,,155.25900268554688,17.070100784301758
2024-04-26,15.029999732971191,83.8499984741211,,155.5970001220703,17.201810836791992
2024-04-29,14.670000076293945,82.62999725341797,,158.2239990234375,17.16404914855957
2024-04-30,15.649999618530273,81.93000030517578,,156.31399536132812,17.011560440063477
2024-05-01,15.390000343322754,79.0,,157.7220001220703,17.149919509887695
2024-05-02,14.680000305175781,78.94999694824219,,155.70399475097656,16.928600311279297
2024-05-03,13.489999771118164,78.11000061035156,,153.0449981689453,16.961700439453125
2024-05-06,13.489999771118164,78.4800033569336,,153.5659942626953,16.980260848999023
2024-05-07,13.229999542236328,78.37999725341797,,154.23699951171875,16.88334083557129
2024-05-08,13.0,78.98999786376953,,154.7480010986328,16.90406036376953
2024-05-09,12.6899995803833,79.26000213623047,,155.41900634765625,16.9160099029541
2024-05-10,12.550000190734863,78.26000213623047,,155.38900756835938,16.779499053955078
2024-05-13,13.600000381469727,79.12000274658203,,155.8179931640625,16.767200469970703
2024-05-14,13.420000076293945,78.0199966430664,,156.23300170898438,16.783199310302734
2024-05-15,12.449999809265137,78.62999725341797,,156.4980010986328,16.844160079956055
2024-05-16,12.420000076293945,79.2300033569336,,154.28199768066406,16.681060791015625
2024-05-17,11.989999771118164,80.05999755859375,,155.37899780273438,16.678159713745117
2024-05-20,12.149999618530273,79.80000305175781,,155.75399780273438,16.586299896240234
2024-05-21,11.859999656677246,79.26000213623047,,156.3699951171875,16.552570343017578
2024-05-22,12.289999961853027,77.56999969482422,,156.25100708007812,16.606599807739258
2024-05-23,12.770000457763672,76.87000274658203,,156.70399475097656,16.661630630493164
2024-05-24,11.930000305175781,77.72000122070312,,156.97300720214844,16.730369567871094
2024-05-27,,,,156.8699951171875,16.673799514770508
2024-05-28,12.920000076293945,79.83000183105469,,156.84500122070312,16.6623592376709
2024-05-29,14.279999732971191,79.2300033569336,,157.26199340820312,16.781400680541992
2024-05-30,14.470000267028809,77.91000366210938,,157.60800170898438,17.017580032348633
2024-05-31,12.920000076293945,76.98999786376953,,156.9530029296875,17.00581932067871
2024-06-03,13.109999656677246,74.22000122070312,,157.17999267578125,16.97260093688965
2024-06-04,13.15999984741211,73.25,,156.0760040283203,17.700429916381836
2024-06-05,12.630000114440918,74.06999969482422,,155.12399291992188,17.81191062927246
2024-06-06,12.579999923706055,75.55000305175781,,155.9290008544922,17.50349998474121
2024-06-07,12.220000267028809,75.52999877929688,,155.69700622558594,17.879959106445312
2024-06-10,12.739999771118164,77.73999786376953,,156.83299255371094,18.325849533081055
2024-06-11,12.850000381469727,77.9000015258789,,157.0399932861328,18.57221031188965
2024-06-12,12.039999961853027,78.5,,157.10499572753906,18.58061981201172
2024-06-13,11.9399995803833,78.62000274658203,,156.8000030517578,18.754140853881836
2024-06-14,12.65999984741211,78.44999694824219,,157.1280059814453,18.415180206298828
2024-06-17,12.75,80.33000183105469,,157.54600524902344,18.455799102783203
2024-06-18,12.300000190734863,81.56999969482422,,157.6999969482422,18.52090072631836
2024-06-19,,,,157.87100219726562,18.399099349975586
2024-06-20,13.279999732971191,82.16999816894531,,157.95799255371094,18.427440643310547
2024-06-21,13.199999809265137,80.7300033569336,,158.93099975585938,18.34238052368164
2024-06-24,13.329999923706055,81.62999725341797,,159.86099243164062,18.129789352416992
2024-06-25,12.84000015258789,80.83000183105469,,159.68600463867188,17.944719314575195
2024-06-26,12.550000190734863,80.9000015258789,,159.68600463867188,18.111299514770508
2024-06-27,12.239999771118164,81.73999786376953,,160.62100219726562,18.301000595092773
2024-06-28,12.4399995803833,81.54000091552734,,160.68699645996094,18.42976951599121
2024-07-01,12.220000267028809,83.37999725341797,,160.90699768066406,18.265300750732422
2024-07-02,12.029999732971191,82.80999755859375,,161.51199340820312,18.36639976501465
2024-07-03,12.09000015258789,83.87999725341797,,161.50399780273438,18.252199172973633
2024-07-04,,,,161.62100219726562,18.174360275268555
2024-07-05,12.479999542236328,83.16000366210938,,161.35800170898438,18.080400466918945
2024-07-08,12.369999885559082,82.33000183105469,,160.63800048828125,18.088279724121094
2024-07-09,12.510000228881836,81.41000366210938,,160.85699462890625,17.973600387573242
2024-07-10,12.850000381469727,82.0999984741211,,161.33099365234375,17.895339965820312
2024-07-11,12.920000076293945,82.62000274658203,,161.60699462890625,17.836530685424805
2024-07-12,12.460000038146973,82.20999908447266,,158.2010040283203,17.753259658813477
2024-07-15,13.119999885559082,81.91000366210938,,158.31300354003906,17.69873046875
2024-07-16,13.1899995803833,80.76000213623047,,158.14100646972656,17.71579933166504
2024-07-17,14.479999542236328,82.8499984741211,,158.35000610351562,17.650419235229492
2024-07-18,15.930000305175781,82.81999969482422,,155.68600463867188,17.720199584960938
2024-07-19,16.520000457763672,80.12999725341797,,157.14999389648438,17.958499908447266
2024-07-22,14.90999984741211,79.77999877929688,,157.4219970703125,17.970619201660156
2024-07-23,14.720000267028809,76.95999908447266,,156.89100646972656,17.930599212646484
2024-07-24,18.040000915527344,77.58999633789062,,155.76800537109375,18.163150787353516
2024-07-25,18.459999084472656,78.27999877929688,,153.89100646972656,18.360319137573242
2024-07-26,16.389999389648438,77.16000366210938,,153.69700622558594,18.439899444580078
2024-07-29,16.600000381469727,75.80999755859375,,154.13900756835938,18.42729949951172
2024-07-30,17.690000534057617,74.7300033569336,,153.83299255371094,18.640899658203125
2024-07-31,16.360000610351562,77.91000366210938,,152.6699981689453,18.75279998779297
2024-08-01,18.59000015258789,76.30999755859375,,149.74400329589844,18.640039443969727
2024-08-02,23.389999389648438,73.5199966430664,,149.2010040283203,18.923799514770508
2024-08-05,38.56999969482422,72.94000244140625,,145.58399963378906,19.528430938720703
2024-08-06,27.709999084472656,73.19999694824219,,145.7899932861328,19.19502067565918
2024-08-07,27.850000381469727,75.2300033569336,,144.73199462890625,19.58378028869629
2024-08-08,23.790000915527344,76.19000244140625,,146.12399291992188,19.33470916748047
2024-08-09,20.3700008392334,76.83999633789062,,147.66900634765625,18.86026954650879
2024-08-12,20.709999084472656,80.05999755859375,,147.04200744628906,18.822189331054688
2024-08-13,18.1200008392334,78.3499984741211,,146.98199462890625,19.059799194335938
2024-08-14,16.190000534057617,76.9800033569336,,146.9709930419922,18.998079299926758
2024-08-15,15.229999542236328,78.16000366210938,,147.2530059814453,18.81170082092285
2024-08-16,14.800000190734863,76.6500015258789,,149.2220001220703,18.636199951171875
2024-08-19,14.649999618530273,74.37000274658203,,147.95599365234375,18.6258602142334
2024-08-20,15.880000114440918,74.04000091552734,,146.69900512695312,18.665109634399414
2024-08-21,16.270000457763672,71.93000030517578,,145.3470001220703,19.009849548339844
2024-08-22,17.549999237060547,73.01000213623047,,145.1179962158203,19.277130126953125
2024-08-23,15.859999656677246,74.83000183105469,,146.20199584960938,19.49020004272461
2024-08-26,16.149999618530273,77.41999816894531,,144.0,19.212249755859375
2024-08-27,15.430000305175781,75.52999877929688,,144.51600646972656,19.374500274658203
2024-08-28,17.110000610351562,74.5199966430664,,143.97500610351562,19.77079963684082
2024-08-29,15.649999618530273,75.91000366210938,,144.43299865722656,19.664400100708008
2024-08-30,15.0,73.55000305175781,,144.88999938964844,19.834199905395508
2024-09-02,,,,146.38099670410156,19.699800491333008
2024-09-03,20.719999313354492,70.33999633789062,,146.7220001220703,19.83639907836914
2024-09-04,21.31999969482422,69.19999694824219,,145.35299682617188,19.795400619506836
2024-09-05,19.899999618530273,69.1500015258789,,143.32400512695312,19.948749542236328
2024-09-06,22.3799991607666,67.66999816894531,,143.39300537109375,19.881380081176758
2024-09-09,19.450000762939453,68.70999908447266,,142.48599243164062,19.940200805664062
2024-09-10,19.079999923706055,65.75,,143.177001953125,19.89137077331543
2024-09-11,17.690000534057617,67.30999755859375,,142.23399353027344,20.08941078186035
2024-09-12,17.06999969482422,68.97000122070312,,142.58999633789062,19.795900344848633
2024-09-13,16.559999465942383,68.6500015258789,,141.49899291992188,19.52079963684082
2024-09-16,17.139999389648438,70.08999633789062,,140.7899932861328,19.15220069885254
2024-09-17,17.610000610351562,71.19000244140625,,140.7899932861328,19.20560073852539
2024-09-18,18.229999542236328,70.91000366210938,,142.01499938964844,19.115530014038086
2024-09-19,16.329999923706055,71.94999694824219,,142.7100067138672,19.243270874023438
2024-09-20,16.149999618530273,71.91999816894531,,142.85800170898438,19.299999237060547
2024-09-23,15.890000343322754,70.37000274658203,,144.00399780273438,19.37656021118164
2024-09-24,15.390000343322754,71.55999755859375,,143.63800048828125,19.4153995513916
2024-09-25,15.40999984741211,69.69000244140625,,142.96299743652344,19.30820083618164
2024-09-26,15.369999885559082,67.66999816894531,,144.68299865722656,19.636600494384766
2024-09-27,16.959999084472656,68.18000030517578,,145.0760040283203,19.61591911315918
2024-09-30,16.729999542236328,68.16999816894531,,142.7830047607422,19.63050079345703
2024-10-01,19.260000228881836,69.83000183105469,,143.7100067138672,19.66360092163086
2024-10-02,18.899999618530273,70.0999984741211,,143.73599243164062,19.626440048217773
2024-10-03,20.489999771118164,73.70999908447266,,146.58200073242188,19.408199310302734
2024-10-04,19.209999084472656,74.37999725341797,,146.83999633789062,19.335500717163086
2024-10-07,22.639999389648438,77.13999938964844,,148.82000732421875,19.27667999267578
2024-10-08,21.420000076293945,73.56999969482422,,148.14599609375,19.289670944213867
2024-10-09,20.860000610351562,73.23999786376953,,148.15899658203125,19.345399856567383
2024-10-10,20.93000030517578,75.8499984741211,,149.16000366210938,19.467449188232422
2024-10-11,20.459999084472656,75.55999755859375,,148.70399475097656,19.438400268554688
2024-10-14,19.700000762939453,73.83000183105469,,149.33399963378906,19.29953956604004
2024-10-15,20.639999389648438,70.58000183105469,,149.6699981689453,19.425949096679688
2024-10-16,19.579999923706055,70.38999938964844,,149.0989990234375,19.695100784301758
2024-10-17,19.110000610351562,70.66999816894531,,149.5760040283203,19.898700714111328
2024-10-18,18.030000686645508,69.22000122070312,,150.10000610351562,19.816810607910156
2024-10-21,18.3700008392334,70.55999755859375,,149.60000610351562,19.868560791015625
2024-10-22,18.200000762939453,72.08999633789062,,150.60499572753906,19.960800170898438
2024-10-23,19.239999771118164,70.7699966430664,,151.13800048828125,19.936199188232422
2024-10-24,19.079999923706055,70.19000244140625,,152.7689971923828,19.832460403442383
2024-10-25,20.329999923706055,71.77999877929688,,151.7830047607422,19.814199447631836
2024-10-28,19.799999237060547,67.37999725341797,,152.95199584960938,19.946569442749023
2024-10-29,19.34000015258789,67.20999908447266,,153.1790008544922,20.02873992919922
2024-10-30,20.350000381469727,68.61000061035156,,153.2740020751953,20.05377960205078
2024-10-31,23.15999984741211,69.26000213623047,,153.20399475097656,20.1639404296875
2024-11-01,21.8799991607666,69.48999786376953,,151.97999572753906,20.050689697265625
2024-11-04,21.979999542236328,71.47000122070312,,152.28700256347656,20.081819534301758
2024-11-05,20.489999771118164,71.98999786376953,,152.2760009765625,20.093900680541992
2024-11-06,16.270000457763672,71.69000244140625,,151.43499755859375,20.13159942626953
2024-11-07,15.199999809265137,72.36000061035156,,154.32000732421875,20.167009353637695
2024-11-08,14.9399995803833,70.37999725341797,,153.17999267578125,19.793569564819336
2024-11-11,14.970000267028809,68.04000091552734,,152.9040069580078,20.13759994506836
2024-11-12,14.710000038146973,68.12000274658203,,153.47999572753906,20.339500427246094
2024-11-13,14.020000457763672,68.43000030517578,,154.65499877929688,20.582700729370117
2024-11-14,14.3100004196167,68.69999694824219,,155.4290008544922,20.518400192260742
2024-11-15,16.139999389648438,67.0199966430664,,156.46800231933594,20.438600540161133
2024-11-18,15.579999923706055,69.16000366210938,,154.66400146484375,20.356170654296875
2024-11-19,16.350000381469727,69.38999938964844,,154.61700439453125,20.213289260864258
2024-11-20,17.15999984741211,68.87000274658203,,154.71800231933594,20.10972023010254
2024-11-21,16.8700008392334,70.0999984741211,,155.2949981689453,20.274620056152344
2024-11-22,15.239999771118164,71.23999786376953,,154.21800231933594,20.414119720458984
2024-11-25,14.600000381469727,68.94000244140625,,154.14599609375,20.350839614868164
2024-11-26,14.100000381469727,68.7699966430664,,154.3780059814453,20.580469131469727
2024-11-27,14.100000381469727,68.72000122070312,,153.00900268554688,20.65250015258789
2024-11-28,,,,151.33599853515625,20.598169326782227
2024-11-29,13.510000228881836,68.0,,151.1739959716797,20.436199188232422
2024-12-02,13.34000015258789,68.0999984741211,,149.8979949951172,20.378610610961914
2024-12-03,13.300000190734863,69.94000244140625,,149.50799560546875,20.40690040588379
2024-12-04,13.449999809265137,68.54000091552734,,149.64700317382812,20.30389976501465
2024-12-05,13.539999961853027,68.30000305175781,,150.56700134277344,20.308639526367188
2024-12-06,12.770000457763672,67.19999694824219,,150.20700073242188,20.19179916381836
2024-12-09,14.1899995803833,68.37000274658203,,150.02999877929688,20.170900344848633
2024-12-10,14.180000305175781,68.58999633789062,,151.4080047607422,20.245899200439453
2024-12-11,13.579999923706055,70.29000091552734,,151.8070068359375,20.1607608795166
2024-12-12,13.920000076293945,70.0199966430664,,152.2449951171875,20.114200592041016
2024-12-13,13.8100004196167,71.29000091552734,,152.58700561523438,20.191099166870117
2024-12-16,14.6899995803833,70.70999908447266,,153.4530029296875,20.105419158935547
2024-12-17,15.869999885559082,70.08000183105469,,154.08599853515625,20.133819580078125
2024-12-18,27.6200008392334,70.58000183105469,,153.57200622558594,20.173749923706055
2024-12-19,24.09000015258789,69.91000366210938,,154.67300415039062,20.37470054626465
2024-12-20,18.360000610351562,69.45999908447266,,157.6439971923828,20.333999633789062
2024-12-23,16.780000686645508,69.23999786376953,,156.5330047607422,20.063430786132812
2024-12-24,14.270000457763672,70.0999984741211,,157.1649932861328,20.169300079345703
2024-12-25,,,,157.10699462890625,20.153799057006836
2024-12-26,14.729999542236328,69.62000274658203,,157.13299560546875,20.156639099121094
2024-12-27,15.949999809265137,70.5999984741211,,157.7480010986328,20.20479965209961
2024-12-30,17.399999618530273,70.98999786376953,,157.8730010986328,20.313169479370117
2024-12-31,17.350000381469727,71.72000122070312,,156.9949951171875,20.632200241088867
2025-01-02,17.93000030517578,73.12999725341797,,157.718994140625,20.83024024963379
2025-01-03,16.1299991607666,73.95999908447266,,157.36199951171875,20.592899322509766
2025-01-06,16.040000915527344,73.55999755859375,,157.4810028076172,20.620149612426758
2025-01-07,17.81999969482422,74.25,,157.7429962158203,20.32080078125
2025-01-08,17.700000762939453,73.31999969482422,,158.23599243164062,20.32733917236328
2025-01-09,,73.91999816894531,,158.19200134277344,20.410959243774414
2025-01-10,19.540000915527344,76.56999969482422,,158.04800415039062,20.506359100341797
2025-01-13,19.190000534057617,78.81999969482422,,157.88699340820312,20.70178985595703
2025-01-14,18.709999084472656,77.5,,157.36399841308594,20.61046028137207
2025-01-15,16.1200008392334,80.04000091552734,,158.0500030517578,20.503999710083008
2025-01-16,16.600000381469727,78.68000030517578,,156.2550048828125,20.455310821533203
2025-01-17,15.970000267028809,77.87999725341797,,155.3560028076172,20.83272933959961
2025-01-20,,,,156.30599975585938,20.791290283203125
2025-01-21,15.0600004196167,75.88999938964844,,155.24899291992188,20.49724006652832
2025-01-22,15.100000381469727,75.44000244140625,,155.7740020751953,20.66119956970215
2025-01-23,15.020000457763672,74.62000274658203,,156.44000244140625,20.48710060119629
2025-01-24,14.850000381469727,74.66000366210938,,156.15499877929688,20.37883949279785
2025-01-27,17.899999618530273,73.16999816894531,,155.74400329589844,20.436969757080078
2025-01-28,16.40999984741211,73.7699966430664,,154.90899658203125,20.7283992767334
2025-01-29,16.559999465942383,72.62000274658203,,155.5590057373047,20.540000915527344
2025-01-30,15.84000015258789,72.7300033569336,,155.1699981689453,20.501800537109375
2025-01-31,16.43000030517578,72.52999877929688,,154.0970001220703,20.674470901489258
2025-02-03,18.6200008392334,73.16000366210938,,155.36300659179688,21.16939926147461
2025-02-04,17.209999084472656,72.69999694824219,,155.27699279785156,20.385129928588867
2025-02-05,15.770000457763672,71.02999877929688,,154.13299560546875,20.512420654296875
2025-02-06,15.5,70.61000061035156,,152.6060028076172,20.573720932006836
2025-02-07,16.540000915527344,71.0,,151.1929931640625,20.44339942932129
2025-02-10,15.8100004196167,72.31999969482422,,151.8459930419922,20.600309371948242
2025-02-11,16.020000457763672,73.31999969482422,,151.75900268554688,20.624610900878906
2025-02-12,15.890000343322754,71.37000274658203,,152.73899841308594,20.546720504760742
2025-02-13,15.100000381469727,71.29000091552734,,154.2550048828125,20.543489456176758
2025-02-14,14.770000457763672,70.73999786376953,,152.98899841308594,20.415189743041992
2025-02-17,,,,152.0229949951172,20.312389373779297
2025-02-18,15.350000381469727,71.8499984741211,,151.44400024414062,20.272600173950195
2025-02-19,15.270000457763672,72.25,,151.93099975585938,20.23780059814453
2025-02-20,15.65999984741211,72.56999969482422,,151.22000122070312,20.45240020751953
2025-02-21,18.209999084472656,70.4000015258789,,149.4080047607422,20.29400062561035
2025-02-24,18.979999542236328,70.69999694824219,,149.38699340820312,20.382829666137695
2025-02-25,19.43000030517578,68.93000030517578,,149.86399841308594,20.48111915588379
2025-02-26,19.100000381469727,68.62000274658203,,149.0780029296875,20.457509994506836
2025-02-27,21.1299991607666,70.3499984741211,,148.83799743652344,20.394800186157227
2025-02-28,19.6299991607666,69.76000213623047,,150.01199340820312,20.457599639892578
2025-03-03,22.780000686645508,68.37000274658203,,150.77099609375,20.514450073242188
2025-03-04,23.510000228881836,68.26000213623047,,149.30499267578125,20.72570037841797
2025-03-05,21.93000030517578,66.30999755859375,,149.7989959716797,20.530500411987305
2025-03-06,24.8700008392334,66.36000061035156,,148.8979949951172,20.402780532836914
2025-03-07,23.3700008392334,67.04000091552734,,148.10800170898438,20.27794075012207
2025-03-10,27.860000610351562,66.02999877929688,,147.60800170898438,20.26021957397461
2025-03-11,26.920000076293945,66.25,,147.06900024414062,20.35137939453125
2025-03-12,24.229999542236328,67.68000030517578,,148.04200744628906,20.270299911499023
2025-03-13,24.65999984741211,66.55000305175781,,148.2790069580078,20.17443084716797
2025-03-14,21.770000457763672,67.18000030517578,,147.94900512695312,20.082849502563477
2025-03-17,20.510000228881836,67.58000183105469,,148.59800720214844,19.92527961730957
2025-03-18,21.700000762939453,66.9000015258789,,149.37899780273438,19.95507049560547
2025-03-19,19.899999618530273,67.16000366210938,,149.45199584960938,19.904159545898438
2025-03-20,19.799999237060547,68.26000213623047,,148.49000549316406,20.0231990814209
2025-03-21,19.280000686645508,68.27999877929688,,148.5959930419922,20.127500534057617
2025-03-24,17.479999542236328,69.11000061035156,,149.677001953125,20.21017074584961
2025-03-25,17.149999618530273,69.0,,150.7740020751953,20.037870407104492
2025-03-26,18.329999923706055,69.6500015258789,,149.9499969482422,20.031999588012695
2025-03-27,18.690000534057617,69.91999816894531,,150.47300720214844,20.257049560546875
2025-03-28,21.649999618530273,69.36000061035156,,150.8470001220703,20.281999588012695
2025-03-31,22.280000686645508,71.4800033569336,,149.61700439453125,20.380090713500977
2025-04-01,21.770000457763672,71.19999694824219,,149.91299438476562,20.474029541015625
2025-04-02,21.510000228881836,71.70999908447266,,149.7830047607422,20.328340530395508
2025-04-03,30.020000457763672,66.94999694824219,,147.8719940185547,20.25830078125
2025-04-04,45.310001373291016,61.9900016784668,,146.2310028076172,19.93221092224121
2025-04-07,46.97999954223633,60.70000076293945,,145.43299865722656,20.621700286865234
2025-04-08,52.33000183105469,59.58000183105469,,147.78900146484375,20.696550369262695
2025-04-09,33.619998931884766,62.349998474121094,,145.84500122070312,20.836240768432617
2025-04-10,40.720001220703125,60.06999969482422,,147.3990020751953,20.33354949951172
2025-04-11,37.560001373291016,61.5,,143.7469940185547,20.594459533691406
2025-04-14,30.889999389648438,61.529998779296875,,143.6959991455078,20.276779174804688
2025-04-15,30.1200008392334,61.33000183105469,,143.2209930419922,20.07990074157715
2025-04-16,32.63999938964844,62.470001220703125,,143.18099975585938,20.125429153442383
2025-04-17,29.649999618530273,64.68000030517578,,141.92799377441406,19.915300369262695
2025-04-21,33.81999969482422,63.08000183105469,,,
2025-04-22,30.56999969482422,64.30999755859375,,140.87600708007812,19.70330047607422
2025-04-23,28.450000762939453,62.27000045776367,,142.68800354003906,19.615190505981445
2025-04-24,26.469999313354492,62.790000915527344,,143.22300720214844,19.624399185180664
2025-04-25,24.84000015258789,63.02000045776367,,142.87899780273438,19.600000381469727
2025-04-28,25.149999618530273,62.04999923706055,,143.84100341796875,19.535160064697266
2025-04-29,24.170000076293945,60.41999816894531,,142.17799377441406,19.57309913635254
2025-04-30,24.700000762939453,58.209999084472656,,142.2989959716797,19.540199279785156
2025-05-01,24.600000381469727,59.2400016784668,,143.00900268554688,19.589000701904297
2025-05-02,22.68000030517578,58.290000915527344,,145.447998046875,19.600889205932617
2025-05-05,23.639999389648438,57.130001068115234,,144.62399291992188,19.610090255737305
2025-05-06,24.760000228881836,59.09000015258789,,143.6540069580078,19.673200607299805
2025-05-07,23.549999237060547,58.06999969482422,,143.03500366210938,19.644620895385742
2025-05-08,22.479999542236328,59.90999984741211,,143.84800720214844,19.60308074951172
2025-05-09,21.899999618530273,61.02000045776367,,146.01499938964844,19.518699645996094
2025-05-12,18.389999389648438,61.95000076293945,,145.81199645996094,19.441640853881836
2025-05-13,18.219999313354492,63.66999816894531,,148.30999755859375,19.60740089416504
2025-05-14,18.6200008392334,63.150001525878906,,147.5279998779297,19.39310073852539
2025-05-15,17.829999923706055,61.619998931884766,,146.64999389648438,19.383060455322266
2025-05-16,17.239999771118164,62.4900016784668,,145.61300659179688,19.471399307250977
2025-05-19,18.139999389648438,62.689998626708984,,145.29800415039062,19.451169967651367
2025-05-20,18.09000015258789,62.560001373291016,,144.97500610351562,19.284900665283203
2025-05-21,20.8700008392334,61.56999969482422,,144.3280029296875,19.269319534301758
2025-05-22,20.280000686645508,61.20000076293945,,143.7550048828125,19.36680030822754
2025-05-23,22.290000915527344,61.529998779296875,,143.85800170898438,19.32110023498535
2025-05-26,,,,142.86700439453125,19.20479965209961
2025-05-27,18.959999084472656,60.88999938964844,,142.65499877929688,19.245559692382812
2025-05-28,19.309999465942383,61.84000015258789,,144.177001953125,19.252700805664062
2025-05-29,19.18000030517578,60.939998626708984,,145.69700622558594,19.385150909423828
2025-05-30,18.56999969482422,60.790000915527344,,143.7790069580078,19.300100326538086
2025-06-02,18.360000610351562,62.52000045776367,,143.81500244140625,19.422500610351562
2025-06-03,17.690000534057617,63.40999984741211,,142.45199584960938,19.19219970703125
2025-06-04,17.610000610351562,62.849998474121094,,143.83700561523438,19.224300384521484
2025-06-05,18.479999542236328,63.369998931884766,,142.73199462890625,19.199350357055664
2025-06-06,16.770000457763672,64.58000183105469,,143.54200744628906,19.151159286499023
2025-06-09,17.15999984741211,65.29000091552734,,144.6909942626953,19.09762954711914
2025-06-10,16.950000762939453,64.9800033569336,,144.5399932861328,19.037799835205078
2025-06-11,17.260000228881836,68.1500015258789,,144.83799743652344,19.058759689331055
2025-06-12,18.020000457763672,68.04000091552734,,144.2030029296875,18.897050857543945
2025-06-13,20.81999969482422,72.9800033569336,,143.19400024414062,18.883209228515625
2025-06-16,19.110000610351562,71.7699966430664,,144.09100341796875,18.947799682617188
2025-06-17,21.600000381469727,74.83999633789062,,144.72900390625,18.923349380493164
2025-06-18,20.139999389648438,75.13999938964844,,145.37600708007812,19.019420623779297
2025-06-19,,,,144.9550018310547,19.00749969482422
2025-06-20,20.6200008392334,74.93000030517578,,145.21800231933594,19.02050018310547
2025-06-23,19.829999923706055,68.51000213623047,,146.2239990234375,19.210100173950195
2025-06-24,17.479999542236328,64.37000274658203,,145.92799377441406,19.071199417114258
2025-06-25,16.760000228881836,64.91999816894531,,144.95700073242188,18.99176025390625
2025-06-26,16.59000015258789,65.23999786376953,,144.9040069580078,18.89859962463379
2025-06-27,16.31999969482422,65.5199966430664,,144.69400024414062,18.87881088256836
2025-06-30,16.729999542236328,65.11000061035156,,144.51699829101562,18.7992000579834
2025-07-01,16.829999923706055,65.44999694824219,,143.8000030517578,18.738000869750977
2025-07-02,16.639999389648438,67.44999694824219,,143.40199279785156,18.737899780273438
2025-07-03,16.3799991607666,67.0,,143.5260009765625,18.763700485229492
2025-07-04,,66.5,,144.6820068359375,18.645910263061523
2025-07-07,17.790000915527344,67.93000030517578,,144.4980010986328,18.60633087158203
2025-07-08,16.809999465942383,68.33000183105469,,145.89199829101562,18.643329620361328
2025-07-09,15.9399995803833,68.37999725341797,,146.8489990234375,18.612340927124023
2025-07-10,15.779999732971191,66.56999969482422,,146.11399841308594,18.623769760131836
2025-07-11,16.399999618530273,68.44999694824219,,146.28799438476562,18.601259231567383
2025-07-14,17.200000762939453,66.9800033569336,,147.2949981689453,18.65760040283203
2025-07-15,17.3799991607666,66.5199966430664,,147.79200744628906,18.748369216918945
2025-07-16,17.15999984741211,66.37999725341797,,148.76100158691406,18.80171012878418
2025-07-17,16.520000457763672,67.54000091552734,,148.0030059814453,18.718759536743164
2025-07-18,16.40999984741211,67.33999633789062,,148.44200134277344,18.752620697021484
2025-07-21,16.649999618530273,67.19999694824219,,148.43099975585938,18.705299377441406
2025-07-22,16.5,66.20999908447266,,147.40899658203125,18.656099319458008
2025-07-23,15.369999885559082,65.25,,146.78500366210938,18.643930435180664
2025-07-24,15.390000343322754,66.02999877929688,,146.3489990234375,18.53668975830078
2025-07-25,14.930000305175781,65.16000366210938,,147.0050048828125,18.538549423217773
2025-07-28,15.029999732971191,66.70999908447266,,147.81300354003906,18.50309944152832
2025-07-29,15.979999542236328,69.20999908447266,,148.47900390625,18.746999740600586
2025-07-30,15.479999542236328,70.0,,148.44200134277344,18.747159957885742
2025-07-31,16.719999313354492,69.26000213623047,,149.2259979248047,18.842899322509766
2025-08-01,20.3799991607666,67.33000183105469,,150.77200317382812,18.86471939086914
2025-08-04,17.520000457763672,66.29000091552734,,147.34300231933594,18.868009567260742
2025-08-05,17.850000381469727,65.16000366210938,,146.79299926757812,18.871400833129883
2025-08-06,16.770000457763672,64.3499984741211,,147.55999755859375,18.733230590820312
2025-08-07,16.56999969482422,63.880001068115234,,147.1929931640625,18.60154914855957
2025-08-08,15.149999618530273,63.880001068115234,,146.83700561523438,18.60795021057129
2025-08-11,16.25,63.959999084472656,,147.66400146484375,18.582210540771484
2025-08-12,14.729999542236328,63.16999816894531,,148.125,18.656200408935547
2025-08-13,14.489999771118164,62.650001525878906,,147.75799560546875,18.572799682617188
2025-08-14,14.829999923706055,63.959999084472656,,147.1199951171875,18.619300842285156
2025-08-15,15.09000015258789,62.79999923706055,,147.6909942626953,18.801259994506836
2025-08-18,14.989999771118164,63.41999816894531,,147.26400756835938,18.72348976135254
2025-08-19,15.569999694824219,62.349998474121094,,147.91600036621094,18.765499114990234
2025-08-20,15.6899995803833,63.209999084472656,,147.7310028076172,18.818700790405273
2025-08-21,16.600000381469727,63.52000045776367,,147.3179931640625,18.768699645996094
2025-08-22,14.220000267028809,63.65999984741211,,148.38600158691406,18.736299514770508
2025-08-25,14.789999961853027,64.80000305175781,,147.21499633789062,18.59326934814453
2025-08-26,14.619999885559082,63.25,,147.82200622558594,18.683229446411133
2025-08-27,14.850000381469727,64.1500015258789,,147.46200561523438,18.6585693359375
2025-08-28,14.430000305175781,64.5999984741211,,147.3159942626953,18.651199340820312
2025-08-29,15.359999656677246,64.01000213623047,,146.7899932861328,18.650239944458008
2025-09-01,,,,147.0970001220703,18.65846061706543
2025-09-02,17.170000076293945,65.58999633789062,,147.08399963378906,18.648099899291992
2025-09-03,16.350000381469727,63.970001220703125,,148.54800415039062,18.728700637817383
2025-09-04,15.300000190734863,63.47999954223633,,147.97999572753906,18.706600189208984
2025-09-05,15.180000305175781,61.869998931884766,,148.375,18.725799560546875
2025-09-08,15.109999656677246,62.2599983215332,,148.343994140625,18.726360321044922
2025-09-09,15.039999961853027,62.630001068115234,,147.36399841308594,18.652870178222656
2025-09-10,15.350000381469727,63.66999816894531,,147.39199829101562,18.62350082397461
2025-09-11,14.710000038146973,62.369998931884766,,147.33200073242188,18.580799102783203
2025-09-12,14.760000228881836,62.689998626708984,,147.2239990234375,18.45400047302246
2025-09-15,15.6899995803833,63.29999923706055,,147.66600036621094,18.446989059448242
2025-09-16,16.360000610351562,64.5199966430664,,147.40499877929688,18.361520767211914
2025-09-17,15.720000267028809,64.05000305175781,,146.41299438476562,18.28580093383789
2025-09-18,15.699999809265137,63.56999969482422,,146.89100646972656,18.30780029296875
2025-09-19,15.449999809265137,62.68000030517578,,147.94700622558594,18.364200592041016
2025-09-22,16.100000381469727,62.63999938964844,,148.09500122070312,18.42020034790039
2025-09-23,16.639999389648438,63.40999984741211,,147.72500610351562,18.357690811157227
2025-09-24,16.18000030517578,64.98999786376953,,147.61300659179688,18.346500396728516
2025-09-25,16.739999771118164,64.9800033569336,,148.75100708007812,18.418739318847656
2025-09-26,15.289999961853027,65.72000122070312,,149.86099243164062,18.484119415283203
2025-09-29,16.1200008392334,63.45000076293945,,149.40499877929688,18.358549118041992
2025-09-30,16.280000686645508,62.369998931884766,,148.59500122070312,18.358999252319336
2025-10-01,16.290000915527344,61.779998779296875,,147.9969940185547,18.31382942199707
2025-10-02,16.6299991607666,60.47999954223633,,147.08299255371094,18.382360458374023
2025-10-03,16.649999618530273,60.880001068115234,,147.14999389648438,18.41200065612793
2025-10-06,16.3700008392334,61.689998626708984,,149.6060028076172,18.433330535888672
2025-10-07,17.239999771118164,61.72999954223633,,150.33099365234375,18.337589263916016
2025-10-08,16.299999237060547,62.54999923706055,,152.05099487304688,18.388530731201172
2025-10-09,16.43000030517578,61.5099983215332,,152.67999267578125,18.334150314331055
2025-10-10,21.65999984741211,58.900001525878906,,152.96499633789062,18.38343048095703
2025-10-13,19.030000686645508,59.4900016784668,,152.05599975585938,18.522390365600586
2025-10-14,20.809999465942383,58.70000076293945,,152.4340057373047,18.45829963684082
2025-10-15,20.639999389648438,58.27000045776367,,151.7310028076172,18.504369735717773
2025-10-16,25.309999465942383,57.459999084472656,,150.9739990234375,18.45509910583496
2025-10-17,20.780000686645508,57.540000915527344,,150.1199951171875,18.430299758911133
2025-10-20,18.229999542236328,57.52000045776367,,150.89999389648438,18.364700317382812
2025-10-21,17.8700008392334,57.81999969482422,,150.7740020751953,18.399370193481445
2025-10-22,18.600000381469727,58.5,,151.89300537109375,18.434099197387695
2025-10-23,17.299999237060547,61.790000915527344,,151.95399475097656,18.43950080871582
2025-10-24,16.3700008392334,61.5,,152.6020050048828,18.393600463867188
2025-10-27,15.789999961853027,61.310001373291016,,153.06100463867188,18.418739318847656
2025-10-28,16.420000076293945,60.150001525878906,,152.69200134277344,18.38932991027832
2025-10-29,16.920000076293945,60.47999954223633,,151.7310028076172,18.425260543823242
2025-10-30,16.90999984741211,60.56999969482422,,152.7220001220703,18.465700149536133
2025-10-31,17.440000534057617,60.97999954223633,,153.89999389648438,18.525400161743164
2025-11-03,17.170000076293945,61.04999923706055,,154.19500732421875,18.554079055786133
2025-11-04,19.0,60.560001373291016,,154.20399475097656,18.491670608520508
2025-11-05,18.010000228881836,59.599998474121094,,153.5570068359375,18.675500869750977
2025-11-06,19.5,59.43000030517578,,154.072998046875,18.590700149536133
2025-11-07,19.079999923706055,59.75,,152.947998046875,18.556299209594727
2025-11-10,17.600000381469727,60.130001068115234,,153.81700134277344,18.443740844726562
2025-11-11,17.280000686645508,61.040000915527344,,154.14599609375,18.378599166870117
2025-11-12,17.510000228881836,58.4900016784668,,154.0749969482422,18.316650390625
2025-11-13,20.0,58.689998626708984,,154.71299743652344,18.287799835205078
2025-11-14,19.829999923706055,60.09000015258789,,154.63299560546875,18.315000534057617
2025-11-17,22.3799991607666,59.90999984741211,,154.5850067138672,18.30643081665039
2025-11-18,24.690000534057617,60.7400016784668,,155.2729949951172,18.43269920349121
2025-11-19,23.65999984741211,59.439998626708984,,155.54800415039062,18.34040069580078
2025-11-20,26.420000076293945,59.13999938964844,,156.99200439453125,18.31679916381836
2025-11-21,23.43000030517578,58.060001373291016,,157.36900329589844,18.36590003967285
2025-11-24,20.520000457763672,58.84000015258789,,156.68800354003906,18.473880767822266
2025-11-25,18.559999465942383,57.95000076293945,,156.93899536132812,18.493600845336914
2025-11-26,17.190000534057617,58.650001525878906,,156.22999572753906,18.385700225830078
2025-11-27,,,,156.23899841308594,18.338970184326172
2025-11-28,16.350000381469727,58.54999923706055,,156.28399658203125,18.329599380493164
2025-12-01,17.239999771118164,59.31999969482422,,155.92799377441406,18.284500122070312
2025-12-02,16.59000015258789,58.63999938964844,,155.5570068359375,18.30590057373047
2025-12-03,16.079999923706055,58.95000076293945,,155.8070068359375,18.27526092529297
2025-12-04,15.779999732971191,59.66999816894531,,155.10699462890625,18.27519989013672
2025-12-05,15.40999984741211,60.08000183105469,,155.14199829101562,18.218599319458008
2025-12-08,16.65999984741211,58.880001068115234,,155.33999633789062,18.171600341796875
2025-12-09,16.93000030517578,58.25,,155.843994140625,18.26059913635254
2025-12-10,15.770000457763672,58.459999084472656,,156.83799743652344,18.1825008392334
2025-12-11,14.850000381469727,57.599998474121094,,155.7899932861328,18.157400131225586
2025-12-12,15.739999771118164,57.439998626708984,,155.56700134277344,18.031539916992188
2025-12-15,16.5,56.81999969482422,,155.88800048828125,18.00322914123535
2025-12-16,16.479999542236328,55.27000045776367,,155.01499938964844,17.981300354003906
2025-12-17,17.6200008392334,55.939998626708984,,154.7779998779297,17.956100463867188
2025-12-18,16.8700008392334,56.150001525878906,,155.4949951171875,18.011760711669922
2025-12-19,14.90999984741211,56.65999984741211,,155.58599853515625,17.99342918395996
2025-12-22,14.079999923706055,58.0099983215332,,157.67599487304688,18.015600204467773
2025-12-23,14.0,58.380001068115234,,156.8769989013672,17.964099884033203
2025-12-24,13.470000267028809,58.349998474121094,,156.17599487304688,17.90428924560547
2025-12-26,13.600000381469727,56.7400016784668,,156.08999633789062,17.932069778442383
2025-12-29,14.199999809265137,58.08000183105469,,156.46299743652344,17.896459579467773
2025-12-30,14.329999923706055,57.95000076293945,,156.01300048828125,17.97216033935547
2025-12-31,14.949999809265137,57.41999816894531,,156.41299438476562,17.97879981994629
2026-01-02,14.510000228881836,57.31999969482422,,156.7310028076172,17.98465919494629
2026-01-05,14.899999618530273,58.31999969482422,,156.98899841308594,17.91115951538086
2026-01-06,14.75,57.130001068115234,,156.62600708007812,17.915700912475586
2026-01-07,15.380000114440918,55.9900016784668,,156.67999267578125,17.983400344848633
2026-01-08,15.449999809265137,57.7599983215332,,156.7310028076172,17.978200912475586
2026-01-09,14.489999771118164,59.119998931884766,,156.8800048828125,17.962299346923828
2026-01-12,15.119999885559082,59.5,,158.1490020751953,17.974109649658203
2026-01-13,15.979999542236328,61.150001525878906,,157.98599243164062,17.909099578857422
2026-01-14,16.75,62.02000045776367,,159.1790008544922,17.82360076904297
2026-01-15,15.84000015258789,59.189998626708984,,158.40199279785156,17.785499572753906
2026-01-16,15.859999656677246,59.439998626708984,,158.5959930419922,17.65329933166504
2026-01-19,,,,157.53500366210938,17.63265037536621
2026-01-20,20.09000015258789,60.34000015258789,,158.177001953125,17.57710075378418
2026-01-21,16.899999618530273,60.619998931884766,,158.16200256347656,17.591999053955078
2026-01-22,15.640000343322754,59.36000061035156,,158.45599365234375,17.482500076293945
2026-01-23,16.09000015258789,61.06999969482422,,158.50100708007812,17.46809959411621
2026-01-26,16.149999618530273,60.630001068115234,,155.16600036621094,17.370479583740234
2026-01-27,16.350000381469727,62.38999938964844,,154.33599853515625,17.35540008544922
2026-01-28,16.350000381469727,63.209999084472656,,152.4530029296875,17.162500381469727
2026-01-29,16.8799991607666,65.41999816894531,,153.0959930419922,17.149900436401367
2026-01-30,17.440000534057617,65.20999908447266,,153.16200256347656,17.22517967224121
2026-02-02,16.34000015258789,62.13999938964844,,155.20199584960938,17.466890335083008
2026-02-03,18.0,63.209999084472656,,155.4429931640625,17.37529945373535
2026-02-04,18.639999389648438,65.13999938964844,,155.7989959716797,17.238399505615234
2026-02-05,21.770000457763672,63.290000915527344,,156.91700744628906,17.32438087463379
2026-02-06,20.3700008392334,63.54999923706055,,156.78399658203125,17.503599166870117
2026-02-09,17.360000610351562,64.36000061035156,,157.24400329589844,17.251699447631836
2026-02-10,17.790000915527344,63.959999084472656,,156.1320037841797,17.208799362182617
2026-02-11,17.649999618530273,64.62999725341797,,154.48199462890625,17.183900833129883
2026-02-12,20.81999969482422,62.84000015258789,,153.2689971923828,17.19301986694336
2026-02-13,20.600000381469727,62.88999938964844,,152.8209991455078,17.207000732421875
2026-02-16,,,,152.7790069580078,17.161109924316406
2026-02-17,20.290000915527344,62.33000183105469,,153.60899353027344,17.166149139404297
2026-02-18,19.6200008392334,65.19000244140625,,153.1490020751953,17.11840057373047
2026-02-19,20.229999542236328,66.43000030517578,,154.6929931640625,17.20854949951172
2026-02-20,19.09000015258789,66.38999938964844,,155.16000366210938,17.256729125976562
2026-02-23,21.010000228881836,66.30999755859375,,154.33900451660156,17.09827995300293
2026-02-24,19.549999237060547,65.62999725341797,,154.63499450683594,17.259559631347656
2026-02-25,17.93000030517578,65.41999816894531,,155.8800048828125,17.17889976501465
2026-02-26,18.6299991607666,65.20999908447266,,156.1999969482422,17.157529830932617
2026-02-27,19.860000610351562,67.0199966430664,,155.85899353027344,17.202899932861328
2026-03-02,21.440000534057617,71.2300033569336,,156.63299560546875,17.316999435424805
2026-03-03,23.56999969482422,74.55999755859375,,157.2570037841797,17.30327033996582
2026-03-04,20.829999923706055,74.58000183105469,6.89378023147583,157.00999450683594,17.565000534057617
