Price,Close,High,Low,Open,Volume,Ticker
Ticker,COWZ,COWZ,COWZ,COWZ,COWZ,
Date,,,,,,
2025-09-04,56.298004150390625,56.327380935084555,55.764302236296345,56.0140161130048,1594500,COWZ
2025-09-05,56.35675811767578,56.81701433768145,56.08746220633895,56.35675811767578,1632100,COWZ
2025-09-08,56.31758499145508,56.356756527287025,55.798575216293195,56.356756527287025,2093200,COWZ
2025-09-09,56.2000732421875,56.55750696376819,56.175593834377146,56.346964631462455,2940800,COWZ
2025-09-10,56.17070007324219,56.449790742341946,55.75940639816687,56.24903941312107,3076800,COWZ
2025-09-11,56.6799201965332,56.73867376892997,56.07375501773701,56.14132461447612,3532000,COWZ
2025-09-12,56.033599853515625,56.689706258625,56.023805101903214,56.65053472338179,2364700,COWZ
2025-09-15,55.78878402709961,56.13152562555793,55.73002672353393,56.12173460943194,2830100,COWZ
2025-09-16,55.925880432128906,56.151111158115306,55.705543346383365,55.87691788049764,2958600,COWZ
2025-09-17,56.131526947021484,56.689708269424884,55.78878534049425,55.98463555245076,3278800,COWZ
2025-09-18,56.219661712646484,56.32738157187983,55.99443097770558,56.28821003477618,2399200,COWZ
2025-09-19,56.043392181396484,56.33325631913695,55.813264075959744,56.298003430834136,2033600,COWZ
2025-09-22,55.98463439941406,56.11683739892558,55.749612655665324,55.916086079520404,3275300,COWZ
2025-09-23,56.209869384765625,56.62115930794817,56.11194054429124,56.11194054429124,2760900,COWZ
2025-09-24,56.278419494628906,56.47426971059801,56.14132284920916,56.14132284920916,2228400,COWZ
2025-09-25,55.759403228759766,56.249036215882846,55.60761819814464,56.10214856110786,1966400,COWZ
2025-09-26,56.33717346191406,56.381242375739845,55.87202359230665,55.87692096842139,3400700,COWZ
2025-09-29,56.219661712646484,56.513440769717086,56.08647998073543,56.513440769717086,2355700,COWZ
2025-09-30,56.278419494628906,56.38124197869371,55.91119473628171,56.09235655961347,2708700,COWZ
2025-10-01,56.621158599853516,56.72398107936327,56.18048816223795,56.18048816223795,2682200,COWZ
2025-10-02,56.49385070800781,56.74846194422939,56.24414058305598,56.67011887597564,2222500,COWZ
2025-10-03,56.621158599853516,56.905146630272796,56.46447619265723,56.542819264057,1998400,COWZ
2025-10-06,56.70929718017578,56.9022112185963,56.54771738431503,56.75825973587807,2584400,COWZ
2025-10-07,56.26862335205078,56.75825635108137,56.11194094178513,56.71908481461413,3178100,COWZ
2025-10-08,56.209869384765625,56.44489113069756,56.08256375995057,56.44489113069756,2039100,COWZ
2025-10-09,55.769195556640625,56.35675362141102,55.690852489016265,56.27841428938974,1864100,COWZ
2025-10-10,54.47657012939453,55.86712609468102,54.46677537718635,55.79857777163751,2528200,COWZ
2025-10-13,55.1424674987793,55.25508099213197,54.84868472258252,54.95640457577424,1502200,COWZ
2025-10-14,55.543968200683594,55.754510538156694,54.540219065743706,54.682213082700294,2088600,COWZ
2025-10-15,55.64189529418945,56.10215152176713,55.233541540687845,55.85733501528597,1549900,COWZ
2025-10-16,55.23059844970703,55.96504787730631,54.94661044115727,55.78877971583425,1864900,COWZ
2025-10-17,55.51458740234375,55.632102010299846,55.01320593702352,55.17184580147999,2092400,COWZ
2025-10-20,56.190284729003906,56.28820983581351,55.7368833408601,55.78878581411915,2153200,COWZ
2025-10-21,56.6799201965332,56.7582595382634,56.14132461447612,56.20987293934137,1698600,COWZ
2025-10-22,56.4644775390625,56.80526168945039,56.29800411177328,56.64074571831187,1657100,COWZ
2025-10-23,56.738670349121094,56.84639020616062,56.50364860249241,56.70929356469334,1833500,COWZ
2025-10-24,56.7778434753418,57.105896695982395,56.7778434753418,57.03245473285645,1874400,COWZ
2025-10-27,57.11079406738281,57.238099696129716,56.88556333074039,56.99328319078751,1512400,COWZ
2025-10-28,56.67012023925781,56.98348504860504,56.64074345575751,56.92473148160443,1438000,COWZ
2025-10-29,56.42530822753906,56.8953554788724,56.26373216985824,56.797430369029264,3066200,COWZ
2025-10-30,56.366554260253906,56.90025245567906,56.111942999483205,56.111942999483205,1729000,COWZ
2025-10-31,56.738670349121094,56.89535275874132,56.2833115124743,56.395928745452885,1698500,COWZ
2025-11-03,56.69950485229492,56.748467406865124,56.03360365045051,56.748467406865124,1862600,COWZ
2025-11-04,56.121734619140625,56.41551366581332,56.043391547706165,56.22945073895812,1726000,COWZ
2025-11-05,56.67012023925781,56.89143605035593,56.12369114677426,56.160901490167774,1512800,COWZ
2025-11-06,56.2392463684082,56.73867038198592,56.102149726861505,56.533025419665876,1832600,COWZ
2025-11-07,56.67012023925781,56.69950075836131,56.116836314917315,56.26862134380648,1816400,COWZ
2025-11-10,56.96390151977539,57.047141968969626,56.43510071797185,56.91493896681624,1369900,COWZ
2025-11-11,57.6102180480957,57.762003076050064,56.97369368175255,56.97369368175255,1439600,COWZ
2025-11-12,57.766902923583984,57.94806474260943,57.61022051317108,57.61022051317108,1408200,COWZ
2025-11-13,57.404571533203125,58.09005847625385,57.33602321245838,57.659182783629284,1420800,COWZ
2025-11-14,57.384986877441406,57.62980338073357,56.93452540792864,57.04224526707373,1749300,COWZ
2025-11-17,56.65053939819336,57.47704167625349,56.51834012534242,57.262580678362276,1441400,COWZ
2025-11-18,56.973697662353516,57.18424000725984,56.39788801408245,56.50365041838663,2089700,COWZ
2025-11-19,56.5526123046875,56.924734435951365,56.33227894579371,56.81701457672208,1999100,COWZ
2025-11-20,55.690853118896484,57.11078948302176,55.66147633600662,56.87576774869667,1888900,COWZ
2025-11-21,56.84639358520508,57.1695531755328,55.818164977477515,55.857336516111815,2126500,COWZ
2025-11-24,56.954105377197266,57.24788440411357,56.73866568084391,57.012862676821726,1483700,COWZ
2025-11-25,57.83544921875,57.90889117761835,57.07161922609032,57.07161922609032,1210100,COWZ
2025-11-26,58.197776794433594,58.4092978550819,57.84524044815201,57.903997751066676,1084700,COWZ
2025-11-28,58.56010437011719,58.65215710479194,58.19777700649783,58.26632532567978,460400,COWZ
2025-12-01,58.40342330932617,58.77554543317351,58.34466974044728,58.34466974044728,1165200,COWZ
2025-12-02,58.37404251098633,58.56010169231459,58.050882961960184,58.471967609453195,1941900,COWZ
2025-12-03,59.059539794921875,59.10850235276723,58.4719778939665,58.50135841715668,1208800,COWZ
2025-12-04,59.1672477722168,59.30434814513081,58.873468730036016,59.06932267002427,1367800,COWZ
2025-12-05,59.41206359863281,59.749911547942816,59.18683287762719,59.18683287762719,1304000,COWZ
2025-12-08,59.08890914916992,59.52957958554953,59.01154854164239,59.52957958554953,1134500,COWZ
2025-12-09,59.07912063598633,59.30043272379976,59.03994909873679,59.059534867361556,1330000,COWZ
2025-12-10,59.92128372192383,60.07111129670077,59.05953235274574,59.132974312457385,1630600,COWZ
2025-12-11,60.254234313964844,60.3482445051365,59.82335862929855,59.82335862929855,1601500,COWZ
2025-12-12,60.038795471191406,60.56759623396381,59.93009689326767,60.459880119645604,1264300,COWZ
2025-12-15,60.10734939575195,60.2934085948653,59.86644780295532,60.23465128880684,1693400,COWZ
2025-12-16,59.45124053955078,60.065243007905835,59.26028396012466,59.96045932988826,1232300,COWZ
2025-12-17,59.5197868347168,59.82336064233977,59.40717333561384,59.54916735519861,1499200,COWZ
2025-12-18,59.33372497558594,59.86252949329142,59.279865048656504,59.72543285587219,1460000,COWZ
2025-12-19,59.627506256103516,59.84294597190775,59.33960330671677,59.363103987326504,1044300,COWZ
2025-12-22,59.98004150390625,60.146514928052014,59.823359095932425,59.823359095932425,2024300,COWZ
2025-12-23,59.86252975463867,60.01921216031658,59.75970727612535,59.901697554355735,994000,COWZ
2025-12-24,60.04859161376953,60.166102489351694,59.833151895532744,59.842946647599895,729500,COWZ
2025-12-26,60.058387756347656,60.1416244728287,59.833153280828945,60.01921621837889,649600,COWZ
2025-12-29,59.94087219238281,60.11714037484499,59.82825869201184,59.85273810115173,737100,COWZ
2025-12-30,59.9923095703125,60.09123181238932,59.903278042986706,59.97747161136515,1032400,COWZ
2025-12-31,59.522422790527344,60.01704157565179,59.522422790527344,59.90822861278357,631300,COWZ
2026-01-02,59.78951644897461,59.95768879557133,59.19993397584027,59.6955414473523,2617400,COWZ
2026-01-05,60.28413391113281,60.472091457560396,59.86370871427601,60.13575054534661,1906800,COWZ
2026-01-06,60.90735626220703,60.93208871066169,60.16345070395818,60.274244827642754,1593300,COWZ
2026-01-07,60.55122756958008,61.124987141353614,60.501766448409654,60.99638520739719,1582400,COWZ
2026-01-08,61.25358963012695,61.40692402232472,60.46220031455204,60.52155592833588,1591600,COWZ
2026-01-09,61.31294250488281,61.54541393143193,61.06068587462293,61.31294250488281,1242500,COWZ
2026-01-12,61.22391128540039,61.312942815729265,60.94692597932913,61.312942815729265,1442100,COWZ
2026-01-13,61.204124450683594,61.47121903455295,61.039910659705214,61.35251158849157,1260700,COWZ
2026-01-14,61.609710693359375,61.68390426107051,61.17444754903787,61.21401795496936,1286300,COWZ
2026-01-15,61.589927673339844,61.69874440668744,61.2832664506058,61.58003695832722,1423300,COWZ
2026-01-16,61.00627899169922,61.56025338814942,60.951874397223555,61.49100706029837,1337100,COWZ
2026-01-20,60.373165130615234,60.88262185378919,60.289080846403195,60.491876351005786,1666400,COWZ
2026-01-21,61.30305480957031,61.44154746872581,60.63037294483624,60.63037294483624,2024600,COWZ
2026-01-22,61.421756744384766,61.704677976040884,61.32876666808436,61.392080826844534,1260500,COWZ
2026-01-23,61.392086029052734,61.69874726599841,61.21402296143954,61.48606103377387,1089100,COWZ
2026-01-26,61.599822998046875,61.738315651953755,61.50089697836925,61.599822998046875,1261100,COWZ
2026-01-27,61.787776947021484,61.87680847815836,61.59982316957333,61.69874541588461,1224400,COWZ
2026-01-28,61.48605728149414,61.975732574368216,61.32283595751114,61.767989825736024,1388800,COWZ
2026-01-29,61.392086029052734,62.11422901497651,61.253589596965426,61.65918063047253,2204000,COWZ
2026-01-30,61.599822998046875,61.62455167273493,60.9419791183474,61.184341262684434,1351700,COWZ
2026-02-02,61.8223991394043,61.93616311715274,61.233805367907536,61.283266490286174,1928200,COWZ
2026-02-03,61.599822998046875,61.955949121602735,61.21896442616116,61.411869221122075,1925200,COWZ
2026-02-04,62.500030517578125,62.633575930286135,61.698746720404394,61.698746720404394,1847900,COWZ
2026-02-05,62.15380096435547,62.71766610122289,62.04003697858937,62.25272321608442,1697800,COWZ
2026-02-06,63.33098602294922,63.37055643149347,62.45056896151184,62.45056896151184,1149000,COWZ
2026-02-09,63.17271041870117,63.26767788746958,62.73744348245293,63.13314001110738,1075300,COWZ
2026-02-10,63.24195861816406,63.50904944322803,63.143036369891625,63.143036369891625,1043800,COWZ
2026-02-11,63.795928955078125,63.86517528328109,63.3656130260514,63.489267722648385,1507800,COWZ
2026-02-12,62.836368560791016,64.10259516934505,62.64841478799676,63.77614497204575,1527700,COWZ
2026-02-13,63.469486236572266,63.70690114059171,62.81658581641414,62.856156224964664,1338200,COWZ
2026-02-17,63.16281509399414,63.914637733758525,62.529703675439954,63.5189412103413,4032800,COWZ
2026-02-18,63.617862701416016,63.716792491562,63.063892103558565,63.28152556622638,2125000,COWZ
2026-02-19,63.42991256713867,63.706897865469045,63.182599413232985,63.54861623940407,1152900,COWZ
2026-02-20,63.57829666137695,63.80582462814267,63.08368163945189,63.19249837825934,1292700,COWZ
2026-02-23,63.11335372924805,63.68216606435705,62.875938835024165,63.42001872239907,1339300,COWZ
2026-02-24,63.57829666137695,63.63765604899802,63.06389643479218,63.143037253431025,1003900,COWZ
2026-02-25,63.459590911865234,63.68711132392972,63.06884162326904,63.54861866946865,1232700,COWZ
2026-02-26,63.815711975097656,63.96409910661718,63.43979690227713,63.43979690227713,1443500,COWZ
2026-02-27,64.2410888671875,64.27570825682582,63.53873111285289,63.63765335832698,1162000,COWZ
2026-03-02,64.10260009765625,64.25097970121503,63.652495174103954,64.08281111899241,1606600,COWZ
2026-03-03,63.68711471557617,63.92057485228395,62.732504043111625,63.479375722821466,2198400,COWZ
2026-03-04,63.6970100402832,63.929481485832596,63.271637559840066,63.706904529768146,1352100,COWZ
2026-03-05,63.27030563354492,63.78631235811191,62.95276361618053,63.54815773778834,1608800,COWZ
2026-03-06,63.01230239868164,63.06191762774247,62.29287211380131,62.92299347221242,1650600,COWZ
2026-03-09,63.03215026855469,63.081765498419315,61.86121267383228,62.645146176051405,2251700,COWZ
2026-03-10,62.496299743652344,62.9825381049565,62.34745404681198,62.833688622716565,1906300,COWZ
2026-03-11,62.535987854003906,62.67987466453497,62.163867967064704,62.31767630900515,1734300,COWZ
2026-03-12,61.960445404052734,62.55583954044425,61.93365234615616,62.198603815689246,1503000,COWZ
2026-03-13,61.76198196411133,62.431797028071166,61.69251610010274,62.07952397643894,1066700,COWZ
2026-03-16,62.079524993896484,62.322642273013294,61.92075398513049,62.079524993896484,998800,COWZ
2026-03-17,62.535987854003906,62.942838778974796,62.466525777940525,62.466525777940525,863100,COWZ
2026-03-18,61.68259811401367,62.37722272543402,61.68259811401367,62.347454343004436,1487600,COWZ
2026-03-19,61.68259811401367,62.05968069485322,61.365056083432876,61.404749783605375,1975000,COWZ
2026-03-20,61.1913948059082,61.75701672835033,60.96812060363944,61.68259199426074,1629500,COWZ
2026-03-23,61.603214263916016,62.09937415797952,61.43451793152664,61.642904178537414,1796500,COWZ
2026-03-24,61.652828216552734,61.87113599133768,61.1963582465853,61.365054575473145,1252200,COWZ
2026-03-25,61.88106155395508,62.24821880948368,61.49405744874932,61.940598317587025,1199700,COWZ
2026-03-26,61.920753479003906,62.47645011244304,61.59328614681349,61.59328614681349,1229400,COWZ
2026-03-27,61.255897521972656,61.87113470513965,61.1715512519819,61.732210546237376,1232200,COWZ
2026-03-30,61.414669036865234,62.019984693134134,61.21620432876731,61.7719047543616,1677000,COWZ
2026-03-31,62.079524993896484,62.3474517809515,61.53374610245139,61.76198297636449,1696800,COWZ
2026-04-01,61.85129165649414,62.16387101410079,61.55855536267888,62.03983104570776,1863600,COWZ
2026-04-02,62.04975128173828,62.248215984102224,61.55359141852809,61.692515574563046,1980900,COWZ
2026-04-06,62.079524993896484,62.129140224373465,61.73221080975875,61.86121343731845,1147100,COWZ
2026-04-07,61.86121368408203,62.129140472205805,61.662748975983,62.01998469348136,1943600,COWZ
2026-04-08,62.19860076904297,62.406987003142916,61.99021453494302,62.24821599829543,1429600,COWZ
2026-04-09,61.672672271728516,61.98028896306886,61.48909176030977,61.93067373402035,1830200,COWZ
2026-04-10,61.02766418457031,61.821519221761264,60.88874002623682,61.77190399169922,1246400,COWZ
2026-04-13,61.58336639404297,61.588325267413786,60.95324121919386,60.97805072764601,4483400,COWZ
2026-04-14,61.53374481201172,61.77686587142941,61.36505227484779,61.54367012913863,1335600,COWZ
2026-04-15,61.75205612182617,61.965405014425755,61.50893884876132,61.593285117012485,887900,COWZ
2026-04-16,62.24821853637695,62.4069895476981,61.97037021291482,61.97037021291482,973300,COWZ
2026-04-17,62.55583572387695,62.72452825838616,62.148984792261416,62.27798362968635,1241200,COWZ
2026-04-20,62.69476318359375,62.86841838574357,62.4566047739315,62.4566047739315,882700,COWZ
2026-04-21,62.704681396484375,63.20084125373416,62.625297787732045,62.96268664207788,1554100,COWZ
2026-04-22,62.48637390136719,63.04703317972034,62.32760289778226,62.92299321487589,932000,COWZ
2026-04-23,62.347450256347656,62.466527563660456,61.881058773390116,62.29783124168459,1114300,COWZ
2026-04-24,62.14898681640625,62.29783250722111,61.821519482894594,62.29783250722111,1187700,COWZ
2026-04-27,62.039833068847656,62.65507027222836,62.02494887781902,62.17875723231431,847100,COWZ
2026-04-28,62.01998519897461,62.56576031164569,61.881061037792826,62.287911989282115,870100,COWZ
2026-04-29,62.406986236572266,62.42683308510934,61.95052007641762,61.98028845652357,1278400,COWZ
2026-04-30,63.0222282409668,63.07184725882083,62.13906423291915,62.34745426586714,779800,COWZ
2026-05-01,63.051998138427734,63.35961483980858,62.86841762101699,63.24053752912565,891200,COWZ
2026-05-04,62.754302978515625,63.21573181605616,62.605453501089855,62.94284236924207,939700,COWZ
2026-05-05,63.17107391357422,63.37946014855384,62.58560512096528,62.78406982421226,724700,COWZ
2026-05-06,62.942840576171875,63.38938521032889,62.827730367380454,63.24053573714343,866500,COWZ
2026-05-07,62.774147033691406,63.09665171627339,62.531029749763235,62.95276489526298,1037700,COWZ
2026-05-08,62.83368682861328,63.04207306947943,62.41195168817479,62.86345521005145,964900,COWZ
2026-05-11,62.76422119140625,63.34968996737447,62.62033438027685,63.02222264851462,933800,COWZ
2026-05-12,62.58560562133789,62.97260971379396,62.228369909717095,62.74437662812498,857000,COWZ
2026-05-13,62.4764518737793,62.590570313020294,62.16387250865755,62.565760804585445,872300,COWZ
2026-05-14,62.55583572387695,62.82376250109684,62.426833101052715,62.45660148116627,820700,COWZ
2026-05-15,62.44668197631836,62.734455611420145,62.35737304767985,62.54591243685029,914200,COWZ
2026-05-18,63.10161590576172,63.14130960605152,62.29287663570495,62.48637869286822,1031700,COWZ
2026-05-19,62.82376480102539,63.24748348744413,62.63522162567233,63.051997889516436,768100,COWZ
2026-05-20,63.0222282409668,63.10955362415834,62.317682098074805,62.635224128262735,1452500,COWZ
2026-05-21,62.88330078125,62.93291601110492,62.184709108518234,62.70468292545278,830500,COWZ
2026-05-22,63.84585189819336,63.930205742968454,63.14130953850097,63.14130953850097,818000,COWZ
2026-05-26,63.657318115234375,64.01951273055305,63.64739279718745,63.84585373332933,974300,COWZ
2026-05-27,63.64738845825195,63.95997160362562,63.419155368928,63.498542766292566,1002900,COWZ
2026-05-28,64.13362121582031,64.2130086109538,63.46876881587441,63.74661712804293,741800,COWZ
2026-05-29,64.47101593017578,64.74886425126718,64.29239807078861,64.32216645221997,858200,COWZ
2026-06-01,64.98206329345703,65.13587165251332,64.39163179581568,64.42140017875569,1006500,COWZ
2026-06-02,64.60993957519531,64.74390486136652,64.29239755779612,64.63970795638916,761100,COWZ
2026-06-03,64.3916244506836,64.58016761552906,64.20308128583814,64.40154976746453,989200,COWZ
2026-06-04,64.46319580078125,64.93039366399913,64.35882632812356,64.74152450638634,876600,COWZ
2026-06-05,63.528804779052734,64.5228440103763,63.49898492929352,64.32403237216731,1205500,COWZ
2026-06-08,63.33993911743164,63.856834206604894,63.33496787851337,63.71766985244715,1046500,COWZ
2026-06-09,63.280296325683594,63.60832984291911,62.46518756351234,63.339939817529405,1057700,COWZ
2026-06-10,62.64411163330078,63.414486796457965,62.64411163330078,63.07154716050041,997500,COWZ
2026-06-11,63.131187438964844,63.36478636783374,62.693813222152215,62.793215246718304,1099800,COWZ
2026-06-12,63.64808654785156,63.72761120135822,63.011904487575045,63.15106883926751,699000,COWZ
2026-06-15,63.5089225769043,63.986062916916396,63.45922156413676,63.77731638812623,1064400,COWZ
2026-06-16,63.270355224609375,63.66797090451559,63.22562165944645,63.48904043580806,859600,COWZ
2026-06-17,61.84888458251953,63.170949709405114,61.749478766097646,63.170949709405114,1081900,COWZ
2026-06-18,61.43138885498047,61.88367679605356,61.297195740299934,61.88367679605356,1056100,COWZ
2026-06-22,61.11329650878906,61.49103102606779,60.909521221693325,61.18287868408459,1077900,COWZ
2026-06-23,61.47114944458008,61.68486720780334,60.9940129063955,60.9940129063955,863700,COWZ
2026-06-24,61.88864517211914,62.28128962814871,61.29222542156077,61.33198774944981,1522800,COWZ
2026-06-25,61.83894348144531,62.688843323064354,61.76439006545538,61.97810783558959,799800,COWZ
2026-06-26,62.64411163330078,62.79818590754339,61.838941590727124,61.838941590727124,982000,COWZ
2026-06-29,62.435367584228516,63.11131198930365,62.37572409250625,63.00196748378498,893600,COWZ
2026-06-30,61.829002380371094,62.370749850977155,61.779301368967324,62.345901241247326,902300,COWZ
2026-07-01,62.39560317993164,62.818067471058214,62.09739331513313,62.09739331513313,1049800,COWZ
2026-07-02,63.40951919555664,63.4294003586274,62.73357481892735,62.73357481892735,936400,COWZ
2026-07-06,63.329994201660156,63.5238308006243,62.90255867780482,63.310113038696635,794100,COWZ
2026-07-07,63.86677551269531,64.3439158495454,63.81707070831296,63.83695566362125,704200,COWZ
2026-07-08,63.24053192138672,63.69779109330264,63.15106858252753,63.69779109330264,828000,COWZ
2026-07-09,63.53874206542969,63.53874206542969,62.77333813087807,63.031785670968404,806000,COWZ
2026-07-10,63.68785095214844,63.9959995146783,63.49898558182549,63.658031102082795,879000,COWZ
2026-07-13,64.14510345458984,64.37373493459138,63.95623430084458,63.95623430084458,746200,COWZ
2026-07-14,63.449283599853516,63.906538989625076,63.389640108687736,63.73755478590508,1066400,COWZ
2026-07-15,63.61826705932617,64.10534229301038,63.51389379496527,63.62820953704295,845200,COWZ
2026-07-16,64.81110382080078,64.81110382080078,63.79719106888573,63.79719106888573,764200,COWZ
2026-07-17,64.51290130615234,65.55663396350558,64.43834409812736,64.88068956374364,699000,COWZ
2026-07-20,64.2942123413086,64.57254105012865,64.02582611034312,64.43337669571862,1031800,COWZ
2026-07-21,64.16499328613281,64.3339774976484,63.94132923595697,64.11528847856287,838900,COWZ
2026-07-22,63.99599838256836,64.78626231477112,63.931391236531915,64.5625982754582,676300,COWZ
2026-07-23,63.29023361206055,64.00594033060567,63.15106925944216,63.82701365096939,876400,COWZ
2026-07-24,64.50296020507812,64.82105124799739,63.56856824049583,63.56856824049583,734700,COWZ
2026-07-27,65.52680969238281,65.72562131647932,64.84093044494189,64.84093044494189,780000,COWZ
2026-07-28,67.11727142333984,67.26637826023071,66.18288324100867,66.18288324100867,1402400,COWZ
2026-07-29,67.45524597167969,68.17095270621559,67.06757275445418,67.21667958813059,1284300,COWZ
2026-07-30,66.38168334960938,66.59042987527558,65.51687739811914,66.59042987527558,1185400,COWZ
2026-07-31,66.51091003417969,66.60036957692724,65.72562118432548,66.10335189351733,1056300,COWZ
2026-08-03,66.89859008789062,67.49003482139626,66.82900790842592,67.0576318192862,828000,COWZ
2026-08-04,67.76338958740234,67.80315191240658,66.51091047726491,66.66000971617078,2405900,COWZ
2026-08-05,67.61428833007812,68.21071567034686,67.29122984067311,68.21071567034686,1085700,COWZ
2026-08-06,67.7236328125,67.83297731925067,67.33595959179802,67.83297731925067,1108500,COWZ
2026-08-07,68.82701110839844,68.86180598874458,67.89262296044586,68.17095166766104,895300,COWZ
2026-08-10,69.60235595703125,69.62224091217607,68.67293527705124,68.78724722552485,838200,COWZ
2026-08-11,69.81111145019531,69.9602106972949,69.33397110781128,69.50295531044978,790300,COWZ
2026-08-12,69.53277587890625,69.57751323738721,69.09043041219681,69.53277587890625,683700,COWZ
2026-08-13,70.45722961425781,70.49202449510075,69.53277634701477,69.66200580855872,796900,COWZ
2026-08-14,70.26836395263672,70.62621729876332,70.21369170298159,70.62621729876332,697100,COWZ
2026-08-17,69.5029525756836,70.05961755054301,69.47810017418206,70.05961755054301,701000,COWZ
2026-08-18,69.99996948242188,70.44629646341335,69.9005674614225,69.96020715724451,819000,COWZ
2026-08-19,71.20275115966797,71.67989147643543,70.34788013071365,70.34788013071365,953400,COWZ
2026-08-20,70.79520416259766,71.36677149826126,70.78526168486161,70.87472881670918,1192700,COWZ
2026-08-21,71.5904312133789,71.86379248441006,71.07353610588355,71.20275798678519,819900,COWZ
2026-08-24,71.73953247070312,71.92343417539577,71.49102362252924,71.6003681224368,1055600,COWZ
2026-08-25,71.65007781982422,71.69977504252076,71.21269979031801,71.5208483562581,1063600,COWZ
2026-08-26,71.43138885498047,71.64510283889115,70.98407593095564,71.05365810989036,742700,COWZ
2026-08-27,71.63018798828125,71.89360676069882,71.2524572691645,71.33198192073272,998200,COWZ
2026-08-28,71.9681625366211,72.08744192771702,71.69480129221286,71.79917834330983,685600,COWZ
2026-08-31,71.66995239257812,71.97810853036982,71.55564044256374,71.91846124801972,840800,COWZ
2026-09-01,71.42144012451172,71.92939377821233,71.29718570272799,71.5705469474298,1244900,COWZ
2026-09-02,71.8290023803711,72.02283898609515,71.47114901843614,71.53078871746247,1855400,COWZ
2026-09-03,72.2300033569336,72.47799682617188,71.83999633789062,72.16999816894531,1088300,COWZ
