Price,Close,High,Low,Open,Volume,Ticker
Ticker,EMB,EMB,EMB,EMB,EMB,
Date,,,,,,
2025-04-21,83.37493133544922,84.07788119918585,83.16595387992778,83.93539097019307,5740000,EMB
2025-04-22,84.2393569946289,84.55283401266489,83.9448825368484,84.08736550199815,5868000,EMB
2025-04-23,84.60983276367188,85.55975791303267,84.5053404174539,85.34127193984405,5841800,EMB
2025-04-24,85.51224517822266,85.52174645746662,84.9802894982025,85.06578651669292,3271700,EMB
2025-04-25,85.85423278808594,85.92072725895522,85.52176043373952,85.64525534203517,4015100,EMB
2025-04-28,85.94921112060547,85.98720174025296,85.57873372919771,85.71172988737224,5043500,EMB
2025-04-29,86.0632095336914,86.08221209352993,85.65474146540038,85.75923380245294,5574100,EMB
2025-04-30,85.45527648925781,85.69275780695162,85.26529433404463,85.26529433404463,12070400,EMB
2025-05-01,85.4953384399414,85.72434177629488,85.33312804668624,85.70526119821741,4837600,EMB
2025-05-02,85.26634216308594,85.47626493874219,85.22817372388613,85.43809649954238,3303100,EMB
2025-05-05,85.09458923339844,85.27588750262338,85.00870842380775,85.2663435726943,4309000,EMB
2025-05-06,85.44763946533203,85.51443241320682,85.08504293696718,85.39038316723556,7230400,EMB
2025-05-07,85.78160858154297,85.90565055395791,85.54306128697799,85.87702604339182,4383400,EMB
2025-05-08,85.43809509277344,85.82930884833056,85.42855116315927,85.82930884833056,5234500,EMB
2025-05-09,85.57167053222656,85.64800740004202,85.50487759285913,85.57167053222656,3615800,EMB
2025-05-12,86.06785583496094,86.12511213256468,85.94381386994249,86.07739976454243,6084800,EMB
2025-05-13,86.1441879272461,86.30639832169584,86.08693891270732,86.27777381442645,4821800,EMB
2025-05-14,85.85794067382812,86.07740009585049,85.75297928768342,86.06785616623225,3366700,EMB
2025-05-15,86.1441879272461,86.18235636356688,85.83884771656456,86.02014596911714,4056700,EMB
2025-05-16,86.3064193725586,86.53543004634102,86.12512835567246,86.37321233244015,3062000,EMB
2025-05-19,86.3636703491211,86.37320700002495,85.70527744244538,85.78161432899338,3858700,EMB
2025-05-20,86.23007202148438,86.30640161715561,86.0296931830627,86.0296931830627,5181900,EMB
2025-05-21,85.43809509277344,86.06785612948754,85.39992665420209,85.9724386730018,7544900,EMB
2025-05-22,85.7243423461914,85.86747216232065,85.35220919218628,85.48579507927094,6326100,EMB
2025-05-23,85.81022644042969,85.86747545712414,85.57167916435598,85.81022644042969,4432900,EMB
2025-05-27,86.33502960205078,86.41135919435945,85.96288917007872,85.96288917007872,6079000,EMB
2025-05-28,86.15373992919922,86.29686975884276,86.00106616960997,86.22053287904814,4109700,EMB
2025-05-29,86.44953155517578,86.49724392243401,86.05831780722188,86.05831780722188,4568700,EMB
2025-05-30,86.44953155517578,86.51632450140622,86.28732115431404,86.46861941403313,8235700,EMB
2025-06-02,86.41598510742188,86.5309972617991,86.22428599583749,86.33930546278812,5414800,EMB
2025-06-03,86.6939468383789,86.6939468383789,86.55976109981518,86.63644075401568,5761600,EMB
2025-06-04,87.01982879638672,87.14442774585646,86.93356236015838,86.99107575516862,4655800,EMB
2025-06-05,86.8089599609375,87.14442428277412,86.71311405649472,87.13484481113149,6480100,EMB
2025-06-06,86.67477416992188,86.89522633129826,86.63643434565756,86.89522633129826,5160200,EMB
2025-06-09,86.89521789550781,86.991063790577,86.70351879279637,86.83770450840785,3577600,EMB
2025-06-10,87.27861022949219,87.27861022949219,87.02941233983333,87.18276432481002,6668200,EMB
2025-06-11,87.53739929199219,87.604492154286,87.36487374429758,87.36487374429758,6011000,EMB
2025-06-12,87.69075012207031,87.69075012207031,87.50864510541682,87.54697761544764,5468100,EMB
2025-06-13,87.13484191894531,87.40321336750681,87.06774174423141,87.40321336750681,6522400,EMB
2025-06-16,87.23068237304688,87.53739362547493,87.20192933572129,87.31694148502363,5454100,EMB
2025-06-17,87.29778289794922,87.4607216654864,87.2019369942552,87.39362880164323,4668500,EMB
2025-06-18,87.24026489257812,87.48947007906403,87.03898631169181,87.48947007906403,5097600,EMB
2025-06-20,87.35529327392578,87.46072596694665,87.17318092914898,87.28820040678286,3351300,EMB
2025-06-23,87.60449981689453,87.67159268505684,87.18276903840332,87.39363442764892,5895700,EMB
2025-06-24,88.13165283203125,88.22750605104859,87.69075581233243,87.82494154386798,10997500,EMB
2025-06-25,88.0837173461914,88.09330412884597,87.85368575048994,88.01662449275463,5299300,EMB
2025-06-26,88.35209655761719,88.36168334111785,87.99745869382491,88.17957101747139,5574800,EMB
2025-06-27,88.2754135131836,88.43835226355012,88.12206154594833,88.25624725949403,6464900,EMB
2025-06-30,88.7738265991211,88.78340606997497,88.42877552147894,88.60130106030002,13050700,EMB
2025-07-01,88.94705200195312,89.13954083467483,88.71607274538526,89.13954083467483,10515400,EMB
2025-07-02,88.86043548583984,88.87005442023056,88.5813321918509,88.74494218886917,10020700,EMB
2025-07-03,89.0144271850586,89.10104900122592,88.72570493079776,88.7834479131102,3216900,EMB
2025-07-07,88.56208801269531,88.82194611977872,88.50434503009842,88.82194611977872,6999300,EMB
2025-07-08,88.28299713134766,88.44660715328274,88.20600158830791,88.44660715328274,8096700,EMB
2025-07-09,88.90855407714844,88.92780663173544,88.3599737545899,88.4177240756527,6169000,EMB
2025-07-10,88.77381896972656,88.84118822796786,88.57171119500266,88.80269046001591,5247600,EMB
2025-07-11,88.31187438964844,88.71609000294708,88.29262183128206,88.71609000294708,6748000,EMB
2025-07-14,88.32149505615234,88.4273621011423,88.17713757907491,88.21563535386214,5403400,EMB
2025-07-15,88.08089447021484,88.47549117715641,88.02315147610639,88.47549117715641,8144400,EMB
2025-07-16,88.14825439453125,88.25412143430108,87.79216284503212,88.0423946974608,9524600,EMB
2025-07-17,88.24449157714844,88.3214797706991,88.08087422694437,88.15786976319352,5462500,EMB
2025-07-18,88.43697357177734,88.61020985796166,88.40810208119638,88.61020985796166,6848100,EMB
2025-07-21,88.77381896972656,89.00480557743826,88.71607598914785,89.00480557743826,4334500,EMB
2025-07-22,88.92782592773438,89.04331190952236,88.76421589173488,88.88932815290512,8572600,EMB
2025-07-23,88.96632385253906,88.99519534803473,88.86045680725509,88.9470712937421,7278700,EMB
2025-07-24,88.94705200195312,89.08179051350923,88.83156604501829,88.83156604501829,3561900,EMB
2025-07-25,89.23578643798828,89.25503165095914,88.93743790939925,89.03367865965069,4583200,EMB
2025-07-28,89.17804718017578,89.22616388596141,89.09142536144343,89.19729239395026,7068100,EMB
2025-07-29,89.51490783691406,89.5918960470488,89.32241895482707,89.3801692908032,6547900,EMB
2025-07-30,89.36090087890625,89.54376344877464,89.16841937366493,89.38977237042258,6119000,EMB
2025-07-31,89.38015747070312,89.55339377032172,89.30316192805063,89.42827417783663,7525700,EMB
2025-08-01,89.63246154785156,89.69046121127714,89.46812425125333,89.55512374639167,11771400,EMB
2025-08-04,90.0771484375,90.09647920139618,89.82580425481494,89.9031420610779,5397900,EMB
2025-08-05,90.0771484375,90.16414793804148,89.98047986734086,90.06747936788234,8602300,EMB
2025-08-06,90.1351318359375,90.14480090380998,89.77745745337182,90.07713217937827,5786400,EMB
2025-08-07,90.27047729492188,90.36715323154952,90.15447797151026,90.23180839533852,5698300,EMB
2025-08-08,90.27047729492188,90.2898154323828,90.12547814065735,90.12547814065735,3442600,EMB
2025-08-11,90.38648223876953,90.48315079818184,90.27047554227178,90.27047554227178,3606600,EMB
2025-08-12,90.56049346923828,90.59916237015179,90.38648710279689,90.45415583556084,7298100,EMB
2025-08-13,91.00517272949219,91.04384162954004,90.86983526699396,90.97617289829093,6574900,EMB
2025-08-14,90.80217742919922,90.94718397794034,90.67650902047127,90.82150819387296,7868300,EMB
2025-08-15,90.72483825683594,90.86984480339858,90.61850061437927,90.83117589929259,3679500,EMB
2025-08-18,90.81182861328125,90.90849716828941,90.57981523085606,90.57981523085606,2727200,EMB
2025-08-19,90.85050201416016,90.95683226720374,90.78283328476604,90.81183311517232,4412700,EMB
2025-08-20,90.70551300048828,90.81185064940222,90.61850611713152,90.74418190694242,4509500,EMB
2025-08-21,90.41548156738281,90.66682572073086,90.34781283863583,90.62815682211283,11054800,EMB
2025-08-22,91.07284545898438,91.13084512393317,90.4154888799889,90.4154888799889,8250400,EMB
2025-08-25,90.71514892578125,90.89882433542607,90.71514892578125,90.84082467989094,4721200,EMB
2025-08-26,90.6958236694336,90.7054927377221,90.4831484191154,90.62815494209036,6172100,EMB
2025-08-27,90.58948516845703,90.61848499770403,90.37680992019497,90.61848499770403,4194700,EMB
2025-08-28,91.12117767333984,91.1598465726424,90.73449605565284,90.78283402361562,9425600,EMB
2025-08-29,90.98584747314453,91.05351620848862,90.86984076598081,90.9375095013249,8476400,EMB
2025-09-02,90.63829040527344,90.65770408918019,90.31790906849257,90.40528916351278,9614900,EMB
2025-09-03,91.02661895751953,91.04603263891205,90.67711343665432,90.69652711804684,9263900,EMB
2025-09-04,91.38581848144531,91.39552902465847,91.11398252727055,91.2790247270232,5900200,EMB
2025-09-05,91.99746704101562,92.01688072263192,91.79359005265674,91.90038381898401,10635500,EMB
2025-09-08,91.98776245117188,92.02659722389333,91.74505067689438,91.74505067689438,6535200,EMB
2025-09-09,91.900390625,91.99747385422145,91.79359685076372,91.9392179911081,6004100,EMB
2025-09-10,92.40521240234375,92.5314198385204,91.98774792025256,92.0751205898423,9816200,EMB
2025-09-11,92.7450180053711,92.91006022709391,92.50230624155216,92.5314304680944,11143500,EMB
2025-09-12,92.47318267822266,92.63822490112915,92.40522368014497,92.63822490112915,5215800,EMB
2025-09-15,92.80326843261719,92.86152429391612,92.56055666363517,92.59939143550933,5308700,EMB
2025-09-16,92.7450180053711,92.91977077159973,92.66734846327499,92.91977077159973,5454700,EMB
2025-09-17,92.69647979736328,93.1042337815879,92.5314301691984,92.94889469789746,8381900,EMB
2025-09-18,92.30813598632812,92.97801539009814,92.26930121688169,92.97801539009814,7793600,EMB
2025-09-19,92.2110595703125,92.27901857011463,92.0751341637328,92.19163848066877,6499600,EMB
2025-09-22,92.41493225097656,92.46347015886668,92.26930371335598,92.3469732543503,5110100,EMB
2025-09-23,92.77413940429688,92.78384994850673,92.52172451064057,92.56055187353002,5840300,EMB
2025-09-24,92.71588134765625,93.00713838797785,92.64792235917777,92.93917939949937,7173600,EMB
2025-09-25,92.4828872680664,92.8129716926261,92.4052177304142,92.8129716926261,7982600,EMB
2025-09-26,92.45376586914062,92.61880808646518,92.3275510148542,92.52172486491986,6119900,EMB
2025-09-29,92.6091079711914,92.68677751996427,92.45377628062155,92.45377628062155,4182200,EMB
2025-09-30,92.41493225097656,92.72560300797878,92.39551116224042,92.64793346698444,7422900,EMB
2025-10-01,92.72982025146484,92.77855938514101,92.45684986461164,92.4958456341621,10072500,EMB
2025-10-02,92.77855682373047,92.84679755913916,92.52509548517381,92.53483884903052,6074000,EMB
2025-10-03,92.81754302978516,92.93453032315429,92.7395515008724,92.87603295762894,4600800,EMB
2025-10-06,92.7005615234375,92.78830385836224,92.64207159194237,92.78830385836224,5126800,EMB
2025-10-07,92.66157531738281,92.78830598442006,92.58358378181426,92.68106948243386,7018300,EMB
2025-10-08,92.71031188964844,92.8760383198952,92.62257699281733,92.8760383198952,10027500,EMB
2025-10-09,92.66157531738281,92.82730175220435,92.49584144487909,92.79805678578668,7375700,EMB
2025-10-10,92.25212097167969,92.83705003489247,92.19363104043121,92.74930770033775,16586400,EMB
2025-10-13,92.88578796386719,92.90528956581916,92.53483350555076,92.62257583897082,4121700,EMB
2025-10-14,92.8468017578125,93.04178060899909,92.5250996692993,92.64207954232857,9988300,EMB
2025-10-15,93.16850280761719,93.36347420338278,92.99302557635536,93.22699273881047,11401300,EMB
2025-10-16,93.30498504638672,93.3732257792391,93.15875277950818,93.2562459158819,7380300,EMB
2025-10-17,93.334228515625,93.35373011765986,93.11975551933311,93.30498355025465,6359200,EMB
2025-10-20,93.7436752319336,93.7436752319336,93.53894561014128,93.5584472111127,7665700,EMB
2025-10-21,93.86065673828125,94.08488052730812,93.84116257464841,93.98739483378057,4754100,EMB
2025-10-22,93.66568756103516,93.89965471855749,93.56820186520767,93.89965471855749,6725600,EMB
2025-10-23,93.59745025634766,93.71443012054999,93.51945872175803,93.68518515449941,4820500,EMB
2025-10-24,93.87040710449219,94.01663936294756,93.71442404542468,93.90940286925905,4003300,EMB
2025-10-27,94.59181213378906,94.60156293460481,94.31884921240241,94.55281636820786,5751700,EMB
2025-10-28,94.59181213378906,94.63080789937027,94.46508147391148,94.63080789937027,4779900,EMB
2025-10-29,94.17262268066406,94.591817889065,94.12388354898344,94.55282212111116,7368500,EMB
2025-10-30,94.06537628173828,94.25060430061089,93.88989906324883,94.09462124520628,9112500,EMB
2025-10-31,94.24085998535156,94.3870922504359,94.12388012342967,94.28960655294033,8851600,EMB
2025-11-03,93.96475219726562,94.49347004209646,93.92558708246536,94.49347004209646,9436800,EMB
2025-11-04,93.8570556640625,94.00392298593262,93.74935345935656,93.80809740011169,6231700,EMB
2025-11-05,93.65144348144531,93.93538497560962,93.65144348144531,93.93538497560962,5893900,EMB
2025-11-06,93.96475219726562,94.08224007168458,93.88642196766509,94.05286810307985,6867800,EMB
2025-11-07,94.01370239257812,94.11161891394929,93.71997523841004,94.11161891394929,6388900,EMB
2025-11-10,94.22911834716797,94.2584903191898,93.93539115696694,93.93539115696694,6128300,EMB
2025-11-11,94.44451904296875,94.47389101383192,94.20953580608106,94.25848660085884,2303500,EMB
2025-11-12,94.48367309570312,94.50325191732486,94.21931791891117,94.4445079824781,7200700,EMB
2025-11-13,94.02349853515625,94.53263757057762,93.99412656580157,94.52284442413205,6880200,EMB
2025-11-14,93.96475219726562,94.15078462507144,93.96475219726562,94.04308242686616,7216100,EMB
2025-11-17,93.98432922363281,94.33680778011751,93.96475040159775,94.19973361592697,9950600,EMB
2025-11-18,93.9549560546875,94.11161650889241,93.86684015168345,94.01369999002354,6411200,EMB
2025-11-19,94.11162567138672,94.17036961244193,93.98433717245732,94.05287426034917,8184800,EMB
2025-11-20,93.88642883300781,94.33681648117222,93.85705686225528,94.18016348049791,14798800,EMB
2025-11-21,94.1409912109375,94.2389002626686,93.88642170045124,93.88642170045124,5329600,EMB
2025-11-24,94.3368148803711,94.41514511437026,94.22911267611782,94.37597999737068,5421700,EMB
2025-11-25,94.58159637451172,94.62076149362952,94.30744801066979,94.38577824890538,10391300,EMB
2025-11-26,94.67950439453125,94.71866951321769,94.43472800522792,94.59138847997369,4718700,EMB
2025-11-28,94.70887756347656,94.77741464914298,94.59138221519895,94.72845638653179,2628400,EMB
2025-12-01,94.37664794921875,94.57322951838938,94.28819186720705,94.2980228203706,11152100,EMB
2025-12-02,94.76980590820312,94.81895317640367,94.39631216586794,94.46511384205652,10879900,EMB
2025-12-03,94.88776397705078,95.07451461558657,94.7698150213196,95.06468366123704,6136300,EMB
2025-12-04,94.80912780761719,94.8582750787127,94.65187003798887,94.81895876160043,8229000,EMB
2025-12-05,94.68135070800781,94.97621182350318,94.6322034393484,94.81895406166971,5998300,EMB
2025-12-08,94.28820037841797,94.60272341866225,94.23905310698386,94.59289246461127,6617200,EMB
2025-12-09,94.20956420898438,94.33734411039056,94.0817918063987,94.33734411039056,7763900,EMB
2025-12-10,94.5928955078125,94.60272646217976,94.04248204438255,94.20957077452078,7249100,EMB
2025-12-11,94.66168212890625,94.78946201888617,94.5928804569247,94.70099844129855,4875800,EMB
2025-12-12,94.612548828125,94.73049027454188,94.53391619796685,94.612548828125,8805800,EMB
2025-12-15,94.74031829833984,94.88775260062214,94.66168567061327,94.79928901972471,7951600,EMB
2025-12-16,94.99588012695312,95.00571108111104,94.7501587647514,94.79929853789922,8632600,EMB
2025-12-17,94.6322021484375,94.88775444410369,94.60271678717221,94.88775444410369,7068300,EMB
2025-12-18,95.0450210571289,95.0843373754183,94.84844696450287,95.02536664739468,5520100,EMB
2025-12-19,94.9986343383789,95.15652495767421,94.91969655737036,95.12692234871612,4903900,EMB
2025-12-22,95.0381088256836,95.22560205755214,94.93943095104092,95.1466567463823,2877200,EMB
2025-12-23,94.98877716064453,95.08745503893141,94.88022923593712,94.97890711422399,4529900,EMB
2025-12-24,95.27494812011719,95.2946806842861,95.0775848352304,95.20587285256669,1328900,EMB
2025-12-26,95.26507568359375,95.44269887121568,95.13679519811542,95.36375355924164,2965600,EMB
2025-12-29,95.31440734863281,95.37362009475343,95.18612686787641,95.34401748601265,4935600,EMB
2025-12-30,95.19600677490234,95.34402736257856,95.19600677490234,95.30455470395557,4021700,EMB
2025-12-31,95.00850677490234,95.33415053891359,95.00850677490234,95.26507527339356,3672200,EMB
2026-01-02,95.02825164794922,95.22560740832408,94.93943628573277,95.22560740832408,9525800,EMB
2026-01-05,95.17626190185547,95.1960019944956,95.00850875761165,95.17626190185547,6030100,EMB
2026-01-06,95.07758331298828,95.17626118953203,94.93943278009915,95.17626118953203,7385000,EMB
2026-01-07,94.89010620117188,95.17626981047728,94.87036610689145,95.17626981047728,9562600,EMB
2026-01-08,94.74207305908203,94.82101083982737,94.57431239448036,94.66312774969761,8138000,EMB
2026-01-09,95.08745574951172,95.08745574951172,94.82101719464262,94.91970260230649,6646400,EMB
2026-01-12,95.00850677490234,95.11705469623942,94.83088358804522,94.83088358804522,7895000,EMB
2026-01-13,94.89010620117188,95.04798931221485,94.82102339983048,95.0183866994343,7871300,EMB
2026-01-14,95.08745574951172,95.09732579600603,94.83088724113692,94.97890782399314,6723900,EMB
2026-01-15,95.12692260742188,95.24533304357627,95.0874499524907,95.16639526235305,7041300,EMB
2026-01-16,94.9394302368164,95.21573129519298,94.92956019083462,95.17625863990502,9285200,EMB
2026-01-20,94.46577453613281,94.65326024014574,94.40656178818833,94.51510970934073,7840300,EMB
2026-01-21,95.2256088256836,95.23547887244115,94.70260927713008,94.73221188876296,15998700,EMB
2026-01-22,95.20586395263672,95.44269234372241,94.99863064071808,95.22559651496103,10693000,EMB
2026-01-23,95.44269561767578,95.46242818067697,95.10718181754306,95.28480499911001,14874100,EMB
2026-01-26,95.54137420654297,95.59071690737461,95.47229894256213,95.51177159749963,7558300,EMB
2026-01-27,95.50189971923828,95.59071507330336,95.37361923963205,95.54137237341843,7602600,EMB
2026-01-28,95.38349914550781,95.5216496851,95.27495121745112,95.48217702683941,6810800,EMB
2026-01-29,95.39335632324219,95.47230163534381,95.17626047928236,95.2946784474348,8092100,EMB
2026-01-30,95.30455017089844,95.48217336193348,95.27494756049917,95.46243326924099,10989800,EMB
2026-02-02,95.27976989746094,95.59690633893872,95.27976989746094,95.34914325774892,16267300,EMB
2026-02-03,95.29959106445312,95.43833777903988,95.11128871131585,95.43833777903988,10483100,EMB
2026-02-04,95.3392333984375,95.5374484058488,95.23021703464364,95.50771804501946,12475700,EMB
2026-02-05,95.57708740234375,95.63654812151084,95.36896732412984,95.47797612222648,12106900,EMB
2026-02-06,95.8248519897461,95.8248519897461,95.5770889078085,95.73565334846137,7991400,EMB
2026-02-09,95.85458374023438,96.01314818318734,95.55726501314477,95.78521037873071,12302300,EMB
2026-02-10,96.10234069824219,96.22126213259209,96.0726103396547,96.20144441391005,5804900,EMB
2026-02-11,96.11225891113281,96.22126771189807,95.9635995484467,96.08252098969217,6827200,EMB
2026-02-12,96.37983703613281,96.52849639468685,96.18162959881347,96.33028139623845,7447200,EMB
2026-02-13,96.5483169555664,96.73661931935222,96.43930059349348,96.60778523741573,6711900,EMB
2026-02-17,96.74652862548828,96.88527534313931,96.66724262650796,96.72670334517869,4672100,EMB
2026-02-18,96.78617858886719,96.89518739389716,96.67716222270764,96.83572667094816,7574300,EMB
2026-02-19,96.67716217041016,96.70689253186858,96.36993079270421,96.58796352490535,6826600,EMB
2026-02-20,96.77626037597656,96.77626037597656,96.52849729644826,96.67715665639108,7931600,EMB
2026-02-23,96.83572387695312,96.92492251993255,96.62760379150694,96.84563651753514,7163400,EMB
2026-02-24,96.77626037597656,96.87536409556205,96.65733137579649,96.65733137579649,6290800,EMB
2026-02-25,96.86544799804688,96.9150036366355,96.72670128335336,96.75643164205499,5507900,EMB
2026-02-26,96.80599212646484,96.90509584747407,96.67715804526577,96.87536548728423,4959600,EMB
2026-02-27,96.85555267333984,96.86545775315199,96.60778957770277,96.75644138618131,8824800,EMB
2026-03-02,96.52017974853516,96.53013343456564,96.22163749956107,96.2912981168988,16800000,EMB
2026-03-03,96.08231353759766,96.20172739682259,95.44541431360584,95.49516755747034,16425800,EMB
2026-03-04,96.40076446533203,96.46047139575941,95.95293970981339,96.05245379133828,12548500,EMB
2026-03-05,95.91313171386719,96.11216746760151,95.75391070331739,95.87332456312032,12868300,EMB
2026-03-06,95.28618621826172,95.54492890202154,95.03739722030281,95.26628643909758,12473300,EMB
2026-03-09,95.49517059326172,95.62453814234722,94.57962887872311,94.62938212416928,21921600,EMB
2026-03-10,95.48521423339844,96.03255306504474,95.47526814005045,95.5946819997277,13780800,EMB
2026-03-11,95.17671966552734,95.64444420244489,95.13691251425375,95.64444420244489,14478700,EMB
2026-03-12,94.3805923461914,94.89807772316844,94.3805923461914,94.81846342018153,39160000,EMB
2026-03-13,93.92282104492188,94.80850928222486,93.89296757955357,94.59952743220887,20572100,EMB
2026-03-16,94.29103088378906,94.50001273243898,94.10194881444203,94.10194881444203,11271600,EMB
2026-03-17,94.63933563232422,94.77865686721219,94.54977523522675,94.56967501488023,10304200,EMB
2026-03-18,93.90292358398438,94.58958367416062,93.90292358398438,94.54977652187408,12867800,EMB
2026-03-19,94.1716079711914,94.23132249305002,93.40534120468398,93.47500181982102,15194700,EMB
2026-03-20,92.69878387451172,93.89296804985253,92.64902303702343,93.85316089834944,13836900,EMB
2026-03-23,93.6043701171875,93.89296626577271,92.99732435506648,93.06698497076376,24642000,EMB
2026-03-24,93.12670135498047,93.47500444043048,92.94757296925792,93.22621543761792,12780100,EMB
2026-03-25,93.97257995605469,94.09200140751801,93.6939374950779,93.84321241129764,14139200,EMB
2026-03-26,93.00727844238281,93.86311320603707,92.97742497730333,93.81335236927947,16244200,EMB
2026-03-27,92.49974822998047,92.87791237350262,92.42014151931491,92.72863745329325,15107100,EMB
2026-03-30,92.65897369384766,92.9774233030238,92.43008447829719,92.81819470221694,12637900,EMB
2026-03-31,93.47500610351562,93.76360226300537,92.84806053855114,93.1466027917751,17521100,EMB
2026-04-01,93.86000061035156,94.12000274658203,93.7300033569336,93.83000183105469,13253800,EMB
2026-04-02,93.97000122070312,94.12000274658203,93.43000030517578,93.55000305175781,9752600,EMB
2026-04-06,93.94000244140625,94.05999755859375,93.76000213623047,93.81999969482422,4038400,EMB
2026-04-07,93.98999786376953,94.05000305175781,93.41000366210938,93.94000244140625,6875500,EMB
2026-04-08,95.11000061035156,95.61000061035156,94.94000244140625,95.51000213623047,10216200,EMB
2026-04-09,95.51000213623047,95.73999786376953,94.91000366210938,95.08000183105469,8487600,EMB
2026-04-10,95.5,95.75,95.33999633789062,95.7300033569336,7361300,EMB
2026-04-13,96.02999877929688,96.02999877929688,95.37000274658203,95.51000213623047,7197500,EMB
2026-04-14,96.45999908447266,96.55999755859375,96.11000061035156,96.22000122070312,5340600,EMB
2026-04-15,96.25,96.41999816894531,96.13999938964844,96.20999908447266,5840000,EMB
2026-04-16,95.94999694824219,96.2699966430664,95.80000305175781,96.2699966430664,5145700,EMB
2026-04-17,96.66999816894531,96.93000030517578,96.4800033569336,96.69999694824219,6010300,EMB
