Date,BND,EEM,EIS,EMB,EWJ,FXI,GLD,SPY,VXX,XLK,XLV,XLP,XLF,QUAL,COWZ,MTUM,Portfolio_Return,Portfolio_Cumulative
2025-03-31,,,,,,,,,,,,,,,,,0.0,1.0
2025-04-01,0.0031416349245263486,0.003203642219811398,0.015061815172410231,0.0032154121422285353,-0.0052508946328545525,-0.0022321815816105373,-0.0019782303576065807,0.002824358391568138,0.00019425531952732555,0.007313178106294949,-0.018286328215126102,0.0014693724809597963,-0.0012046489701643681,0.0023406001014798505,-0.0027391487268488834,0.006975612978204815,0.0012428613806295722,1.0012428613806297
2025-04-02,-0.0008171306763129493,0.0013686177326268645,0.012188728917870373,-0.0004420349046803107,0.00029341871646382245,-0.006152177571666306,0.0020516615880092903,0.006328434817011397,-0.02700076538477869,0.007404222876415734,0.006697223660077745,-0.00293443318654818,0.008241231534614757,0.005662905790003503,0.005310318716203577,0.012577431931314997,0.0013748287853314258,1.0026193988875634
2025-04-03,0.005178638962785254,-0.021184403277096253,-0.028926684038770634,-0.005970728837919492,-0.041190313005115775,-0.009003876189055182,-0.006038278082531101,-0.049280806450378245,0.24755443178488923,-0.06824797490341761,-0.008108077979380734,0.005763383489671092,-0.04924243297310815,-0.04440961262733478,-0.05555555555555558,-0.0539059492551025,-0.011711398898468143,0.9908773231638487
2025-04-04,0.0008135856585107515,-0.05562025927796832,-0.045693483392723167,-0.014571994827792256,-0.059623983970415684,-0.07041453940152842,-0.02339226273628292,-0.05854295896778716,0.19779159007309466,-0.06587103425514218,-0.05484511862558683,-0.04340400558473145,-0.07318094915166029,-0.055403539483353414,-0.052651858485748715,-0.07092670155209513,-0.0337754588699666,0.9574099868901456
2025-04-07,-0.012056234652573439,-0.03721050730940789,-0.011299493798708427,-0.016141693744217367,-0.0030889004020467903,-0.08368969736001775,-0.02148580630415131,-0.0017811321197329644,-0.006680026856284771,0.005976890510882571,-0.005987646028120852,-0.011598254563001342,-0.0024887485790225927,-0.005788310006134445,-0.008754095136769835,0.008556060920987818,-0.017111504330311014,0.9410272617535917
2025-04-08,-0.005759045491494086,-0.01407727788697144,-0.0028571301999924525,-0.0071134394229724895,0.005381678636904308,-0.01366667637778829,0.005443793790763651,-0.01566283611567232,0.1488903822732066,-0.020331453070269734,-0.011080532507856788,-0.015473955485887037,-0.0038558042996416075,-0.01403703690043856,-0.02526182296516255,-0.01023480799495824,-0.0028061038547556234,0.9383866415269548
2025-04-09,0.0023444614837069278,0.06931456946959291,0.05487096078410025,0.02576846561784807,0.07607452487840383,0.07063197762955964,0.03699125081478161,0.10501922561130184,-0.20639191795051348,0.13425696308232604,0.043465092188705645,0.03876874809427511,0.07536440159448077,0.08679956753836349,0.07817109168771985,0.10478868720630308,0.048711874137575994,0.9840972135013986
2025-04-10,-0.007980221217850247,-0.017237125886741977,-0.018063242459259388,-0.019375810004046312,-0.03195649089949204,-0.0037879447150414025,0.0244235794430141,-0.04381888652681143,0.16831384980998543,-0.04655159412211418,-0.027889803374456235,0.0005043981731565061,-0.02794828686912998,-0.029882302445217612,-0.04260306138011827,-0.0326842507472207,-0.011668972854076608,0.9726138098312783
2025-04-11,-0.0011096466665255766,0.03137355841280054,0.021161872087315237,0.0035612139308416335,0.024914273417711685,0.04372619428191915,0.019086664805096243,0.01784282319934194,-0.02626255406322109,0.020476443148288004,0.014678659230176416,0.012602418043458075,0.016554104164237637,0.017112537805849648,0.01857523699063024,0.014488233096006553,0.015593933107989929,0.9877806845216945
2025-04-14,0.005692831265781129,0.009101795308935845,0.018420677377576578,0.010416636169608529,0.016408385900885003,0.013054058475438834,-0.005705977012200658,0.009701435762081934,-0.11786830450661556,0.009125301525638507,0.01220130428709676,0.01705050294913213,0.01028493052725632,0.008565512571755196,0.009619154689009868,0.008874889879799674,0.004027396519036704,0.991758869012109
2025-04-15,0.0024852481034522977,-0.0009494762533568402,0.00545283896432136,0.003058619849744648,0.008071778401395946,-0.005693748583506131,0.005232379352138938,-0.002800809313541208,0.004262838758356757,0.003647038247804435,-0.006135353576628422,-0.008443530846431013,0.002545138633184063,-0.002487211072501383,-0.003572776854806503,0.005561059086563791,0.0004008688546561728,0.992156434254025
2025-04-16,0.002754359581180532,-0.01164169714471508,-0.006216975585865314,0.00033897084119560716,-0.009786433501469682,-0.02290529413338438,0.0325408102664011,-0.022228145001581212,0.07377050553337705,-0.034745348131745346,-0.010167842303072328,-0.010736801957292541,-0.015654864454408113,-0.020858810504944203,-0.012151424633048857,-0.02111610971922917,-0.00635147941476027,0.9858547730856386
2025-04-17,-0.002197435138416859,0.007692208000279255,0.0018633666633611767,0.0025967828625326206,0.01931712054341772,-0.0006168535883414039,-0.004390692094044635,0.0014268092873082061,-0.027535499668137953,-0.005414973696971415,-0.005869847186730337,0.02133240117752755,0.0025790520577753107,0.00260873884445445,0.01270424099641665,0.003338552215923718,0.0016426385255135915,0.9874741761164705
2025-04-21,-0.0055060127230434075,-0.00023848830288952794,-0.030822261010499563,-0.011599092003909961,-0.0022036707528348964,0.0009259721923500219,0.03093558529908469,-0.023802760939665046,0.0726100444502622,-0.0258217445542136,-0.02155129751975826,-0.009527398341071303,-0.021436097862404302,-0.022114770114695648,-0.016726490627269053,-0.02769394450030127,-0.007286310082320921,0.9802791330710015
2025-04-22,0.001799610399942475,0.01503226232849375,0.017272091769252373,0.010368068952052445,0.01987636888217459,0.031760572568394485,-0.014195668551963636,0.026017820546812453,-0.07292203928978824,0.02437723116683088,0.018782361430162986,0.01418175689298562,0.033077618181867274,0.024768674047478623,0.021263702786557648,0.03069395738273961,0.013133287940437794,0.9931534211876256
2025-04-23,0.00207241570133454,0.011518547614031593,0.02290796760265712,0.0043976805396439556,0.003031693638603672,0.011058143667512788,-0.023978630729734163,0.01549547283731667,-0.03608690583430341,0.02899295849798289,0.004960747599333404,-0.005714933616499773,0.011874522565940238,0.011745134738845309,0.005552279767865986,0.0232925757453617,0.006260652108957573,0.9993712092485024
2025-04-24,0.005652691566343293,0.011619808558199773,0.02305366784065721,0.01066595716423957,0.011513979891446091,0.008276589588727346,0.014556277018207942,0.021049017174072926,-0.036852833347261416,0.03731571535550837,0.012230283135544529,-0.008805071983856716,0.01110646839711582,0.019246046877280154,0.019522702701372907,0.02241302356337016,0.011158230869040643,1.0105224239251696
2025-04-25,0.0032904945399969687,-0.0018378789380042448,0.001416334444998224,0.003998998119565167,0.006972140388744608,-0.003811236705268173,-0.010841679678267213,0.007225263975707552,-0.03826298867916489,0.014798254924457632,0.004803778537140868,-0.0025910718068185012,-0.00476688303021755,0.00545485498535947,-0.002901423167667949,0.009618193596392155,0.0002146039563158348,1.0107392860352897
2025-04-28,0.002459777022136622,0.0018412629564112937,-0.0063005926474710705,0.0011064868943826411,0.013706350819669533,0.0005885342390208326,0.01424210344049559,0.00038130205064490497,0.0053678584112539784,-0.001630844023172262,0.0039841972128322745,-0.0033400323008667687,0.0031236434577919248,0.0008943646483148271,0.003006886657470842,0.004690758917812454,0.0024072362700663878,1.013172374304215
2025-04-29,0.0025899705167353737,0.0027567286580594264,0.01255177490529813,0.001326281386664574,0.0039030467743892405,-0.005882340763089466,-0.009738925467677295,0.006299340378101537,-0.01036431916220426,0.004660527547534654,0.004906135274881596,0.008315745979584177,0.01037996231970384,0.006016215253176416,0.0029977970014489763,0.007460608034002059,0.0026299317877189,1.0158369485378362
2025-04-30,-0.0006798161572435513,0.002520024330281867,0.0014057545084407153,-0.007063984670307222,-0.00819219536211735,0.0017752367888668186,-0.007482221012837242,0.00039692408336877705,0.02570610790411676,0.004160628311902226,0.008543902885399524,0.007262525976323042,0.0018491400109303946,0.0028419446134666515,-0.00019288154352137266,0.0015287654530018457,0.001393110197172501,1.017252121349509
2025-05-01,-0.002784473769955942,-0.00022854971634833632,0.0043388699368926975,0.000468934051951031,-0.0036399466552223814,-0.0020674008956080847,-0.02077228754256477,0.007086803603094882,-0.0188737814390898,0.014668803692537535,-0.027265540007839872,-0.00867647089648349,-0.00020501930572103255,0.00023627887967969663,-0.002892954300358963,0.009015875904307746,-0.0023590917707977947,1.0148523302412067
2025-05-02,-0.004927669054290096,0.028571494906819428,0.012071251730153332,-0.0026785447869881462,0.01011665919074134,0.03314590077743995,0.0017481999132260562,0.014844241310975725,-0.03800062940702209,0.016709630760108896,0.013831966169283616,0.0054240035922310526,0.020717915507926232,0.016941205106929758,0.016827952769234322,0.022976662428549233,0.010561272500681155,1.0255704622488353
2025-05-05,-0.001375340460994301,0.007555522603625464,-0.0012554872208259127,-0.0020144375593810215,0.006955064611124051,-0.0011458234851583482,0.029867754776654154,-0.0057344033922135385,0.01835769181109348,-0.005309058741125083,-0.0028153382620826894,-0.0008582262438473487,-0.006430863435675671,-0.0033666976890626144,-0.005706664060437072,-0.0015715114482480752,0.0009573799567422466,1.026552322853619
2025-05-06,0.002203662247835414,-0.0039700176382038155,0.004902545511246359,0.004149072160146927,0.0005525400197472496,0.011471266881425635,0.02802400275899264,-0.008358212160090583,0.038950618735535736,-0.008307744576139253,-0.02758076290885314,-0.0017180225318602638,-0.0056634554576976415,-0.009726222811759166,-0.006313448177855396,-0.009118604008389153,0.0007816659901377517,1.0273547438914907
2025-05-07,0.0019242354887298863,-0.011514595547041595,0.019139396320964064,0.0039083696742288065,-0.006212835269533645,-0.022682227729446613,-0.014993060801348546,0.00420532643010918,-0.026646028495521334,0.010015480439133473,0.007667804983307436,0.0015980178981072068,0.005899142389764522,0.005528507539504179,0.004043072873479936,0.0075208542771880715,-0.0014924179874120649,1.025821501192254
2025-05-08,-0.005349944210828905,-0.0006720452457371628,0.017306916771768543,-0.00400449802381686,-0.002083965866856108,0.015375701939274844,-0.0196942722998793,0.006967901293785772,-0.038039203162404056,0.009545296266601833,-0.009013012511102536,-0.0012273642813742658,0.00829115072331299,0.002924448604845864,0.009395948271080812,0.009087610340384966,0.0002626290977684189,1.0260909117675836
2025-05-09,0.00082788834887082,0.006724971942793756,-0.004464238109660901,0.001563575958200225,0.002505981419969494,-0.004857087854498343,0.007254674259445482,-0.0012742246627532872,-0.008107178605278653,-0.0012391974727828936,-0.010884210509323089,-0.0057752315740250415,0.0,-0.003207540217820104,-0.0026595145943389964,-0.001975721279617426,-0.0009888200395152258,1.0250762925116634
2025-05-12,-0.003445106624763161,0.02159876646578951,0.0030299693357482838,0.0057982479442615364,0.01097072239499508,0.03474018067426865,-0.028190568373488878,0.03304740194942668,-0.12977485396136423,0.04641546273463204,0.02472115548494669,0.0014830780610153305,0.020256765008231703,0.03171061459786917,0.036761939455195014,0.02780712664860796,0.010237512980890519,1.0355705243626547
2025-05-13,-0.0004147591487302371,0.0017435713682352194,0.002295681791356863,0.0008869974901191124,-0.0075551028317305535,-0.008324066105992678,0.004258992599597278,0.006603941016484205,-0.006708807483329249,0.02160734093460359,-0.030082349105326922,-0.013451767955992455,0.0041281880730121845,0.0017579308968960206,0.0031232325775882863,0.018902601567412747,-5.215676565505458e-05,1.0355165123534962
2025-05-14,-0.0034582327984507,0.0076154002299182455,0.004098874302590039,-0.003322830119483866,-0.011072656411597492,0.015948438052036495,-0.021037827999516923,0.0012780596636838837,0.021613256242388967,0.006491380098732291,-0.0235079541762504,-0.0053791325858555394,-0.0027408107995550157,0.0003962949432312346,-0.010988987451866716,0.004528096574509144,-0.00022436500028331794,1.0352841786909086
2025-05-15,0.005413481389051844,-0.00043184547844976606,-0.006603451498302659,0.003333908129833363,0.011896589942751667,-0.015422694126672187,0.015963953531585195,0.004884342398821628,-0.016433678776973548,0.0013666781773040704,0.013124230657245661,0.02050063481965192,0.006674537665802616,0.006846917138978892,0.010740755980702454,0.0019256432184184824,0.0030441216759721076,1.0384357097000525
2025-05-16,0.0006903968035225638,-0.0006481746709204872,0.0022963306588721366,0.001883034017738927,0.0026278595712987407,-0.003076894468503122,-0.012087047232674286,0.006334078244299102,-0.004609138950953162,0.0018766913069976354,0.020159223650434877,0.011461731308038292,0.006045300562459888,0.00680052887613658,0.005679776157224703,0.007556486195622547,0.002675591761784295,1.0412141397300685
2025-05-19,-0.00027596819385011795,0.002161730221946101,0.005546972302157505,0.0006634753227998669,0.0011036656514968879,0.006172781935599225,0.012880671121226372,0.001093917986384696,0.012348048756289476,-0.0014474748926760483,0.009617546924110876,0.0029241366049919115,0.0005813931773139824,0.0029586401970946863,-0.0005464896120811469,0.0022976223849342503,0.003073665407580372,1.0444144836132405
2025-05-20,-0.0017939621329767785,-0.001078491477110921,0.0027581400831717673,-0.0015467309857319922,0.005787444506479611,0.01115435654792174,0.0186222454642182,-0.0033623352652387695,-0.007242253845523017,-0.0037519131712042686,0.0024559876786220958,0.0035233417006819145,-0.005424203632017788,-0.003951656256421687,-0.002552034610748155,-0.0037629330865872612,0.0005188125487009634,1.0449563389533842
2025-05-21,-0.0062217248803618785,-0.0025912415932914934,-0.02236322142235181,-0.009184613612806647,-0.009316402859515294,-0.00468820134018888,0.007378683875855163,-0.01685069102724135,0.06853522143149493,-0.018787121098328696,-0.0231626483750228,-0.011622252443342362,-0.020451904219941586,-0.015869507395342652,-0.01918869686696112,-0.01823474776863876,-0.0076535121331926075,1.0369587529345479
2025-05-22,0.002782608428697264,-0.0032474669630815356,-0.008073416559048252,0.0033505579953383435,0.0008298925509282462,-0.004987671952024875,-0.008861493387459118,0.0003946470773714683,-0.010061109860334594,0.0002616434860831518,-0.007827825686261614,-0.004164592758236441,-0.001193151082889976,-0.001703342753281878,-0.0011178244332887832,0.0005749184285164244,-0.0019076520206351927,1.034980596474197
2025-05-23,0.0015259199747035268,0.004126888280074903,0.0017266031883458322,0.0010017044918608775,0.009119704877763812,0.0016710363714216303,0.021906288045034472,-0.006825886893621624,0.06696919316865957,-0.011031663612618647,-0.0016086974396498643,0.003689957280387013,-0.0035834222872048738,-0.010294725869104182,-0.005969056366422643,-0.0023424050087330617,0.0033230463818199807,1.0384198850005644
2025-05-27,0.004709978718140828,-0.0023794714914689985,0.03631661446793166,0.006115961994555885,0.026290588829258388,-0.010286500644849594,-0.016949152542372836,0.0207906699378142,-0.10052729640035074,0.023764418373886542,0.013963559793995106,0.009068585368901871,0.017582384752128588,0.020516079806864207,0.01632571430577867,0.021485822487606887,0.0050203897722797194,1.043633157570553
2025-05-28,-0.0022062234320617824,-0.004553354415105404,0.005108106828742853,-0.0020999564865166187,-0.017878550157763518,-0.010112316476103889,-0.002266017869971493,-0.005785310649501829,0.01153556350284135,-0.00413431173122325,-0.005145322834365529,-0.006800960690379054,-0.006675772606949626,-0.0067012106955227635,-0.009416408260717879,-0.001994927327742646,-0.004367743554258745,1.0390748355735635
2025-05-29,0.003592604527204335,0.003702966202296043,0.006736826789196737,0.0034334131554891734,0.005705676702817408,0.01078322232076201,0.0059247154716219885,0.003947277340796251,0.0011216593140976894,0.001686532667133367,0.006693139634809553,0.004035148482805617,0.005139280089431875,0.0028346757158237423,0.0020501810438615653,0.0008690818613350526,0.004423113154237934,1.0436707811470267
2025-05-30,0.0019275711139079554,-0.012152789700298539,-0.004813415200315085,0.0,0.0012157547589846107,-0.01740598012947092,-0.006576942326457891,-0.0011183521919033712,0.005228806685030785,-0.003108397145377695,0.0021153646146780947,0.00876880224428156,0.002163278081727782,0.0009611246717993183,-0.0031621569668063287,0.0052969162162410655,-0.002158290684901617,1.041418236221973
2025-06-02,-0.0022059873891903115,0.007249498865560033,0.007078036275907529,-0.00038801120893949825,0.012412337543155072,0.009999978771469076,0.026581051258171673,0.00563279639321701,-0.010217407264521139,0.008834542398342915,0.0006031140837166049,0.0006036329990433131,0.0003924123825354009,0.004461679088601178,0.0013062207005976045,0.008465128255412235,0.0044950595998183955,1.0460994732621285
2025-06-03,-0.001105269453252511,0.002399107296231051,-0.0008199293039137245,0.0032164364126714418,-0.01212693004433596,0.009901079911647681,-0.008855551213511115,0.005702694539053699,-0.021959425595932003,0.015024738244646008,0.0023358332175691388,-0.0009652489676322817,0.0019615946542179685,0.006241271218212274,0.010995222680647121,0.0034261381336422314,0.0015627518628663576,1.0477342671627123
2025-06-04,0.006224957092586081,0.01240213094180409,0.004689220001715899,0.0037589131984523405,-0.000674436426886138,0.01876742207223736,0.006441974072654677,-0.0002684438366713504,-0.0017271186247119763,0.0014802531468829372,0.0019542579464688625,-0.007004792866998066,-0.005677329130877373,0.003743888734520029,-0.003133667030668308,-0.0024755180859286074,0.003891438534798866,1.0518114606641784
2025-06-05,-0.0019245715258228158,0.0051579799277738925,0.004900904075999524,-0.002423180941284464,-0.009314279547294912,0.007148819920013372,-0.00504987891618125,-0.004832872149647116,0.0192233754555986,-0.002829463207172478,-0.0013502732516276206,-0.00960840678698982,-0.002756384253941868,-0.002616608817668009,-0.00011136746050399715,-0.009883604495500853,-0.0006849185576836255,1.0510910554755852
2025-06-06,-0.005372077294466426,0.0032071948084124724,0.0035996214847719976,-0.0015456188457746434,0.005859115092276879,-0.0010921268225067005,-0.013416073696802311,0.010269083956155445,-0.04168236637857381,0.009443982725928945,0.009541035843055656,0.0031928958928086892,0.012438203303001716,0.00692130121598189,0.010944207122428828,0.00574742325773836,0.0008250081896268506,1.0519582142043962
2025-06-09,0.001523262302874917,0.008525122074126035,-0.0026611281809330034,0.0025432868579502443,0.0014900774632755631,0.01284507739493379,0.004718534884218695,0.000901179756201298,-0.009643803684767693,0.004908528375146881,-0.0017116736349083173,-0.0013464677887550236,-0.005460242384680791,-0.003658567211085484,0.004036721846418123,-0.00554274590065329,0.001787652402651052,1.0538387498335071
2025-06-10,0.0019359660545557045,0.005705851786060201,-0.0018561043375624475,0.0044120692321605315,-0.0006762609525458041,0.004317398654406057,0.000293510988597534,0.005669767615193333,-0.004769432933725115,0.005594302140434104,0.011405126899590945,0.0022062989903071095,0.0011764649875662947,0.00784459403212101,0.010416645951510262,-0.00038877972412054707,0.0035120199446127594,1.0575398525413282
2025-06-11,0.00317423080921575,0.004202632321882449,-0.009530516656126031,0.002965082059309232,-0.002842520477595256,0.00510479233958594,0.005412290790508978,-0.0028521190306726174,0.008586191588592751,-0.002200379345908332,0.0005159578136657572,-0.0034246029971307657,-0.0011750825440955959,-0.0032017626835363355,-0.0027129589479039096,0.004365467161564052,0.001007070523176935,1.0586048697539074
2025-06-12,0.0037142266193697093,0.0016738868501211535,-0.012673098644030323,0.0017518461907146676,0.007330066235838428,-0.004009718908868254,0.0124202002480438,0.003974329163849877,0.012868769500667288,0.009278617568439396,0.007808411517905567,0.005890908395010941,0.0,0.0034335850271627333,0.0029016903585066256,-0.00034434612067479886,0.003038098660755167,1.0618210157909758
2025-06-13,-0.0035636426198306648,-0.015876249267225417,-0.025433726585158745,-0.006339358543635876,-0.008219877392643848,-0.018250033296085766,0.013100564311248064,-0.01118006439646746,0.07799065071085276,-0.014016589633933596,-0.00497032704690914,-0.012201002338663391,-0.02039216053725812,-0.016060474006974523,-0.00867988473766379,-0.008739021345357978,-0.006436553975853789,1.0549865475101412
2025-06-16,-0.00192563080291841,0.012259351248699257,0.0636991150894275,0.0010998968242232898,0.0019312042891945769,0.016606020488209694,-0.01425909653729851,0.009514299887150468,-0.06999094294748609,0.016180850247783374,-0.0030851723682268073,0.0032115281814510954,0.011409111599494981,0.009095321961328562,0.007114125390917492,0.00840336527403962,0.004858711575837999,1.0601124228608823
2025-06-17,0.0031698563881088493,-0.01312723346315614,-0.00265274504361257,0.0007690731623930525,-0.011893387981748771,-0.011726051424902906,0.0005131941200071655,-0.008545236528975764,0.05712615037775848,-0.007076914422680991,-0.016505857777591393,-0.008495510728003697,-0.005739124930262962,-0.00958158039629653,-0.009418590015956685,-0.007595303319602453,-0.0035031362483157902,1.0563987046050685
2025-06-18,0.0005493919673735803,-0.00021459149085378826,0.009483081978918229,-0.0006587238291214659,0.01065308540448684,-0.013521052427170055,-0.005385627565021256,-0.00015063576973428638,-0.02434525387506259,0.00120166406337896,-0.0017232280244390275,-0.0012417465388711024,-0.0003981128377582577,-0.00680568684309979,-0.0034740964918787975,0.001348053629505186,-0.0021877135559763665,1.0540876068384881
2025-06-20,0.0006864976958376179,-0.00579388534568559,0.0019474640240009222,0.0013184030934998425,-0.017659182384785477,-0.0064336011609519295,-0.00041901914110908933,-0.002348536060589046,0.010585964885460264,-0.004428704255896476,-0.0048034172079769455,0.007335568399679859,0.002787746286541326,-0.0053235171262759895,0.0003669617478390119,0.0001302575225885505,-0.0015425283231761198,1.052461646849831
2025-06-23,0.002469911826432858,0.008201921197817263,0.021495536587506248,0.0028527064946397562,0.0036231216685704837,0.015765846697889607,0.0030631724583116693,0.009877480504495662,-0.012532700718655865,0.011401725761663428,0.00143976849856986,0.011582250665882476,0.012592707039823514,0.0111592391526536,0.0,0.01706464577401068,0.007349777825332692,1.0601970061238608
2025-06-24,0.003011295583906115,0.025904515478312184,0.02686366538440499,0.006017565540139991,0.009997208588754747,0.028270442913402638,-0.015719378751237634,0.011047311555559824,-0.06895244035841241,0.017951249924556878,0.012257885589573414,-0.00085995237918568,0.014954731639485574,0.011317545177587096,0.0036684139309912656,0.011356359002683503,0.00792494752162497,1.0685990117599764
2025-06-25,0.00027280558191300486,0.0008347391666190251,0.004905240006235934,-0.0005437713541388556,-0.0041241272871377355,-0.0010781503625310052,0.003037305817845004,0.0005602631319470142,-0.01281792570817153,0.008534197938632193,0.000896842823289834,-0.013402239514356151,-0.0032958840763765984,-0.001336164550273744,-0.006944454308804637,-0.007134120836698843,-0.0014234887175584047,1.067077873123142
2025-06-26,0.0028651240905432918,0.006672262988960398,-0.001301717961777138,0.0030468452894227838,0.021120894330955098,0.002698337088509639,-0.0011070472235482631,0.007823779874487347,-0.002267118905889487,0.006897950442171563,0.0023900127381504266,-0.0008723844389776358,0.007391553151021135,0.005574944014823835,0.007729029942660448,0.008205795779318903,0.00467453339196814,1.0720659642728867
2025-06-27,-0.002312820885999378,-0.00393540565172501,0.0002171939247972432,-0.0008680179594900972,0.017709831234920204,-0.009418712922216743,-0.018123728993798327,0.0049684323619594295,-0.0028919518713016457,-0.001194896404017487,-0.0021607811567955215,0.004740005277511727,0.0028963062158604558,0.00676400562868662,0.005113285094937359,0.0024459556122333748,-0.00045139301990495346,1.0715820411797363
2025-06-30,0.0039542125768143865,0.0031192464052591795,0.030296450098125982,0.005646287377690573,-0.004117976824013381,-0.0013583839431831057,0.01198454729743359,0.004781205589738269,-0.004557721537533976,0.009809738053688788,0.006421325231784181,0.005214065662870082,0.008278727205586422,0.006773514816169168,0.001090084411990544,0.010979846936551407,0.005382361361004809,1.077349682953329
2025-07-01,-0.0007493430446371407,0.0018656640099536936,-0.016441747528263773,0.0019511814637247493,-0.007336315649282943,0.0019043453039384595,0.008923010663382636,-0.0003236793082248557,-0.00020808161689811477,-0.008924679372719457,0.014244476077009738,0.012473751223859075,0.005537637823085806,0.003336511363701389,0.018148925166974195,-0.014605609204940695,0.0010770396704900239,1.0785100313008595
2025-07-02,-0.0010906932350541743,0.004345082822211799,0.01896695804975357,-0.0009737762433252861,0.0005375127877311758,-0.003801346631781999,0.005527596405484614,0.0045332765158159205,-0.0027061004504106423,0.010559043058105289,-0.009874986797393293,0.002927616143099332,-0.0007596660503376151,0.0027804706514491517,0.007843115249491994,0.00037998058482013874,0.0018689060387487297,1.0805256652112087
2025-07-03,-0.0024569530874584133,0.004532264153590537,0.019139851363289218,0.0017329401052255111,0.001880177783522452,-0.011447240725010799,-0.006822911403597365,0.007881385954874975,-0.007096642739944703,0.013169296025054011,0.0010343309158382663,-0.0004865274007881393,0.010832376216637796,0.005599606446815786,0.0015918155468097606,0.01042638207069202,0.002149799751787014,1.0828485790180793
2025-07-07,-0.003284256099332805,-0.014150913825730194,-0.01011257058323789,-0.005081673282815724,-0.023860543988531324,0.001102822664669656,0.000748780548875283,-0.0074520170832973465,0.011982335473637473,-0.007938941861880378,-0.008413333047041838,-0.0008517902813178768,-0.00958829282522522,-0.007406611851643041,-0.007593200508999698,-0.003342081211880843,-0.005790571885890499,1.0765782664797408
2025-07-08,-0.0005489825870290677,0.006240927457166867,-0.005524808621455102,-0.0031514388984777986,0.0050810745948879354,0.010465433272335956,-0.010443411868664265,-0.0005477162177452977,-0.026796861900350133,0.00537427838694815,0.004540016037738903,-0.009255838959643214,-0.00892181340217102,0.001143652310938048,0.008362952151015346,-0.008970155246252665,-0.0009565205932516259,1.0755484971976057
2025-07-09,0.003983304859900727,-0.0016538666321948003,0.023899392406126596,0.007086063833657175,0.0015029472819991785,-0.013900265923065813,0.004471282664348264,0.005996626767211355,-0.0339381046824615,0.006008683727441344,0.003852738700714564,-0.006515097013988447,0.003639221021915384,0.006147804966025516,-0.0012352539502306081,0.006175227309498599,0.0009552669591957686,1.0765759331399911
2025-07-10,0.00013691012278949088,0.00269199547800536,-0.008701898901644078,-0.0015154377211969994,-0.004911315786461645,0.00939747129876789,0.0022257895319868215,0.0028203102183428364,-0.006849261380689531,-0.003296636775292461,0.0061259532249307025,0.0035881861096929146,0.005916038227475218,-5.412442681940188e-05,0.008127245966915275,-0.0011770315150333444,0.0012814705996030506,1.0779555335465503
2025-07-11,-0.004103849357783407,-0.003304397579337537,-0.014458340462614183,-0.005203892237027108,-0.007951752999106554,-0.0010952732513006547,0.009601575193336043,-0.0035154238705955576,0.005561735167001869,-0.004397252123809259,-0.008289436820357765,-0.003698701201497956,-0.010434480257143774,-0.005785973282204759,-0.008762586103074455,-0.005723673415068742,-0.004222200375200522,1.0734041892883606
2025-07-14,-0.00013756303269374381,0.0014505420250296996,-0.017604508702568133,0.0001089278167083485,0.0006909641317751625,0.011787335379563668,-0.0036553174266280575,0.0019082159291465839,0.014822968089298394,-0.0008208485115550612,-0.0011834326264392736,0.0008662310278395591,0.007477008489739534,0.0002176021762225755,-0.0021217846243278826,0.0125291882290397,0.001877973793418722,1.0754200142255899
2025-07-15,-0.0030221775878666035,0.007241804703686405,-0.0026667245335121326,-0.0027241023094738415,-0.009943363011778339,0.019777816897178058,-0.004155705135267751,-0.004273265144196681,-0.0056681562587191925,0.008879749284990801,-0.017995968164390752,-0.010014786901552886,-0.017126511933437616,-0.00696033336557933,-0.016831886881787606,-0.008277304890173975,-0.002717409830019123,1.072497657307534
2025-07-16,0.0019290730371932518,0.0047247758269011175,0.005026778109844976,0.000764839023495556,0.00460307185740394,-0.004516478343473018,0.004988096125243757,0.0033431911185151097,0.0065774881176488,0.0031017262993522365,0.012443358542400196,0.003496946457842709,0.006969946409623118,0.0041616724015818285,0.0016217962240638872,0.003920226290589968,0.0032423173271842135,1.0759750350451867
2025-07-17,0.0002751435727161855,0.005724742296015384,0.008832653650320044,0.0010918167405067347,0.005137515468154774,0.003202512200450869,-0.0021735334020257513,0.006119689977517551,-0.0013069347307873569,0.009083591159142701,-0.011396606611361992,0.00945858040342662,0.009613541353136856,0.005998465251496166,0.006477170510459596,0.004660700416691865,0.0035221862098083253,1.0797648194757208
2025-07-18,0.0016496537266692535,-0.0022361480234340814,-0.0030591477777121012,0.002181251953615293,-0.008012168699885636,0.012503362166755405,0.002600924347578637,-0.0007325109099923788,-0.018320614624709353,-0.0006511931605375221,-0.0066305350486630665,-0.0027123299650454458,0.0005713039810402165,-0.002439255324504508,-0.0032177781199007605,-0.0008358053682081534,-0.0006511694639387023,1.079061709597043
2025-07-21,0.002882972470047429,0.006519923323771826,0.009205360029385545,0.0038089686371993725,0.011140542156298228,0.003941109595754444,0.015370115792427752,0.001896273431369222,-0.0033325420301089093,0.0013033522816583432,-0.005688624187791813,-0.00012367959823655905,-0.002854961994999905,0.00211920166822388,0.0016140828203332624,0.0020077906386102295,0.0032610047710060035,1.0825805349802489
2025-07-22,0.0016425239439179506,0.000607258893820628,0.0019920202847389934,0.001734545220049677,0.005095769687081253,0.013870776777628269,0.009484882235462067,0.0001431211632245688,-0.0046812100226364395,-0.009263885607056488,0.018613177643613144,0.00914940131957187,0.005535376988144325,0.0022231908529097844,0.01647270038707438,-0.008307336794355358,0.0038160483143521674,1.0867117146059107
2025-07-23,-0.002049948598814799,0.010115334999091896,0.011928440804899632,0.000432949478782918,0.04809529325104833,0.008776471030886857,-0.01240118112003663,0.008507541122114937,-0.04120940850408339,0.00571847566280792,0.02051970857178831,0.0003676253989211009,0.007972664151641107,0.007682589189785816,0.011273572725179148,0.011786472466138065,0.00551131818469992,1.0927009286401448
2025-07-24,-0.0012323456091496432,-0.005407548854507116,-0.013855802285534069,-0.00021650906820536164,0.0007844495830495735,-0.004605914069050088,-0.006118276977772341,0.00033095546843742163,-0.0030366985270956492,0.004226053412358155,-0.003742668945110994,-0.0035518056055026115,-0.0005649561824438987,-0.0005369421392834584,-0.0064448848414485616,-0.003161823559018173,-0.0027044739064500567,1.0897457474910839
2025-07-25,0.002467732317385174,-0.003020631345299063,0.001048554361325893,0.0032462907003771857,-0.011365137935676506,-0.00642680835456344,-0.0092499926477293,0.004224350050175074,-0.00820052651402281,0.0022953236863003657,0.005303597597398735,0.0017207503842184835,0.006971900501083983,0.0039754568876160246,0.0036816555846801435,0.0070533658447831105,0.0003038430365233252,1.09007685914804
2025-07-28,-0.0016410693754180805,-0.006665241701564684,-0.0038755954444983365,-0.0006472253457087129,-0.01863118952343723,-0.0043984540859599575,-0.00647361832754334,-0.0002510035553040524,-0.0278762167288662,0.007977330378498237,-0.008719268846491435,-0.010306766932152045,-0.006923629644098983,-0.0005885807437510104,-0.00209607642624432,-0.0022794136124189013,-0.004938185607015119,1.0846938572916551
2025-07-29,0.005205565789397459,0.0004066764807166834,0.0010515313568564277,0.003777316197557834,-0.005251067951956734,-0.006756701911748264,0.002750389076383808,-0.0026376486020820433,0.023086194726985143,3.801057737029545e-05,-0.0063567742536704275,0.006570830298126662,-0.005087552214351754,-0.004015473791002866,-0.0038508898550126958,-0.00020767544733601984,0.0006328865554305743,1.0853803454506932
2025-07-30,-0.0025894108068713617,-0.007317122275317445,-0.01638656094782398,-0.0017203550667650447,0.0013536038591261956,-0.011512420451440741,-0.017273497289540862,-0.001259331011043141,0.006888383041287138,0.00223407947501042,-0.0017852419237556205,-0.00886802116147789,-0.0018939840293751287,-0.004031580174117755,-0.010718706778650944,0.0027421786969128448,-0.004505728966461473,1.080489915788568
2025-07-31,0.00013672305226619663,-0.005732947661540644,-0.019436146030649804,0.0002153831121798344,-0.0048661727600456395,-0.008999382492383079,0.0066454015709211944,-0.0037512265266995692,0.001651325686060634,-0.007329585291990126,-0.028020034139715877,-0.008574679939815866,-0.006261905410859248,-0.00626077130757241,-0.011545232073667977,-0.0002486824125248477,-0.005471484549543104,1.0745780319083935
2025-08-01,0.00866243553474777,-0.007413479065885742,-0.008821604568069241,0.0028229923566078785,0.006112460237561956,-0.01629266189590406,0.020299689958884537,-0.016390369519761472,0.081252963667658,-0.021580260982841604,0.005367015128056929,0.004763079177237728,-0.01852193545538805,-0.009721983636743037,-0.008984742405352741,-0.010402409065997098,-0.00039988443593800475,1.0741483248782324
2025-08-04,0.0006793484744829215,0.010373383859916263,0.007142075137339887,0.004960995699205384,0.016470964370096652,0.017377076059075458,0.005823229257701401,0.01519971367995021,-0.06512745999574077,0.02030566955198365,0.014336830884890794,0.004865305721858837,0.009922053867915226,0.0171118548131044,0.009428766126094112,0.014909125039214599,0.006956763581554646,1.0816209208259333
2025-08-05,0.0004075867083495055,0.0028747141235765383,-0.03251144233584813,0.0,-0.003453355210540132,0.004536969467819452,0.0008040912066364925,-0.005069869050569054,0.007688766196021435,-0.008273199102942441,-0.003834283937926508,-0.0009931324759511195,-0.004045425845475181,-0.008465792538584593,0.0003592494409327962,-0.004992982359682929,-0.0023550508071208142,1.0790736486033434
2025-08-06,-0.0008144175637918583,0.004709297549126079,0.006653063873949261,0.0006439616792228708,0.01332793509625585,0.003985085766065266,-0.00212110700071233,0.007659581475386812,-0.030520224157785436,0.011263820945953906,-0.015018932687186792,0.014290940779291272,0.004835629887333326,0.00821178999445027,-0.0041298849118823755,0.012151103616811598,0.0022953061674865923,1.081550453004155
2025-08-07,-0.0004076467101425951,0.00835535944084187,-0.006160994170310796,0.001501469882156714,0.007760164447528695,-0.0013230552842415921,0.008437987494967825,-0.0008376240775045396,0.006677767165728099,0.0009124520680541259,-0.01149342721326807,0.007596136887950022,-0.011164667197282374,-0.006850399519552908,-0.004327526671523363,-0.0007785195524262489,0.00021719697872464193,1.0817853624948859
2025-08-08,-0.002174401395282466,-0.0008084215978847453,-0.0074391637646157305,0.0,0.0170973147533513,-0.0018548947908660907,-0.00022357985855403495,0.007797670813968871,-0.03316744234890645,0.009989117046438789,0.008914136553842544,0.0029183605696392334,0.009344016823716217,0.008309733900615957,0.006700486278621076,0.007340075520723577,0.0015240254608845974,1.0834340309305404
2025-08-11,0.0006808150775508004,-0.0028316865901616417,-0.0009084247314848914,0.001285164882533163,-0.0017964588189136599,-0.009025661372736637,-0.014374701087597641,-0.001977539647394999,0.004655687829340005,-0.006769127512298745,0.0009986603711482633,-0.0008486920941327414,-0.00038569273288824313,-0.001885205386509492,-0.005576519403162505,0.0001627754482387278,-0.0022629408336876707,1.0809822838213408
2025-08-12,0.00013628282073785414,0.012170441433184243,-0.0063651929611153735,0.0019250210314241123,0.018511450905945637,0.01634067102011616,-0.0009074665058316222,0.010646017662282237,-0.04146343324242574,0.015485458289477227,0.006907795591350574,0.0026694494338062036,0.012155083256781385,0.010415513605472437,0.01284375096667878,0.008791192588743835,0.005528034212959563,1.0869579908699083
2025-08-13,0.003674461626107295,0.012024025253500437,0.0318005652293758,0.004910409548445127,0.0005047807824871686,0.030311081180163235,0.0030492830145867345,0.0034230516829947266,-0.007124651011006455,0.0003728835180578649,0.016007182151822397,0.0,0.005718631499386673,0.007851258469607547,0.01643144078820824,-0.006455208506418009,0.008205303915665315,1.0958768115285569
2025-08-14,-0.002847581079871264,-0.012277212338170918,0.003104266658009447,-0.0022307148866388404,-0.005929105345310881,-0.01918651474000832,-0.006338706734070332,9.315635788809118e-05,0.004100457343287234,-0.002161644519657391,0.005026762820179664,-0.008955535226417233,0.00473847745019329,-0.00047692472289617704,-0.004041419151368908,-0.0012182465963240796,-0.003995315112629507,1.0914984383418767
2025-08-15,-0.0013598329911995721,0.0012028303515070338,0.0045313569389164865,-0.0008516203865127636,0.017132054708552946,0.0,0.0005858183101099534,-0.002341289856780615,-0.0035732360530366103,-0.007582260028551335,0.016796023156958828,0.0015875388835446813,-0.010375428421309896,-0.002650954744799705,0.002822851126949688,-0.004472206992554906,0.0003064499148913056,1.0918329279454104
2025-08-18,-0.0010892202054705313,0.0058070313038114385,0.009241931199559295,0.0009588790839081263,0.0018714222048377138,0.0062598847895560805,-0.0015612675411803556,-0.00021763143719111255,-0.024077930823828253,0.0021452148635690005,-0.002349253944892049,-0.0013410712974112338,0.0007625622912947883,-5.3130593527406234e-05,-0.0005278502546260944,-8.174766476898299e-05,0.000289888422853813,1.0921494376709122
2025-08-19,0.0019083733965152838,-0.00816247958571259,-0.007958179820487965,0.00042589028333894774,-0.0034869736002477447,-0.009331313659336482,-0.005473279447945512,-0.005425130066677664,0.018897670591566662,-0.017463459138355897,0.00640211320145978,0.010255081431183255,0.001904660463327934,-0.0029239727839196483,0.0036966295516922543,-0.011150126938672122,-0.002116399198074033,1.0898380134768484
2025-08-20,0.0006803926613152544,-0.0014050439298548545,-0.005164791754082354,-0.0015961161702467974,-0.00474881695002527,0.005494495516142894,0.010122175284489776,-0.0026569874257286186,-0.0038640269721307297,-0.006765515697301883,0.005410921504549249,0.005679755266244868,0.005133157472321237,-0.002132799063683577,0.00017530376216057242,0.003097757947043478,0.0003934997620071082,1.090266864475778
2025-08-21,-0.002447451052835836,-0.0022110549949860836,0.005081118460634082,-0.0031973356596425306,-0.011803119154417896,-0.0015613060987764715,-0.0034698951143765644,-0.004011918361787603,0.015515963724565207,-0.00361737787625116,-0.0033454468917862856,-0.009012259788528154,-0.003215466317438409,-0.003152510058068936,-0.0005260235481913123,-0.005476437552216162,-0.0023785017047712946,1.0876736628799668
2025-08-22,0.005042954621917728,0.0199435913321091,0.017694305671969612,0.007270445351200916,0.016772563535607077,0.022674038523866402,0.01070642694476942,0.015356692851615561,-0.08377898846896781,0.013556822606256347,0.008245773151036584,0.0,0.0165085934674869,0.015062225958527131,0.018420991087939154,0.008818850697730252,0.008528452937985992,1.0969498365257255
2025-08-25,-0.0013562505635610345,-0.005727814738830661,0.00377967992013728,-0.003927486024624005,-0.01212184215443235,-0.002548527565449654,-0.0024148368614391735,-0.00440087174231707,0.004446910768419743,-0.0022484132826180447,-0.014257775246488746,-0.017097117176532062,-0.005786899956037428,-0.0050695224315976395,-0.0056846555340432925,-0.0033653889465431464,-0.004413546033377306,1.0921083979259136
2025-08-26,0.001222336217915343,-0.0025824460386532078,0.017643857239796334,-0.00021300468509877213,-0.0016446485742640515,0.0020440116183642054,0.007262047243691283,0.004186844335539952,-0.007747614389198798,0.004583050089905338,0.006240837298680635,-0.0065384058024315905,0.007698064923114201,0.003449948288316129,-0.001905763419374984,0.009594858536361661,0.00223518411584757,1.0945494612697415
2025-08-27,0.00094934534969493,-0.0059749326246086865,0.005603238357143825,-0.0011725706369796196,-0.0036746130173166414,-0.025497191247369377,0.0020187288833615202,0.002278608906543411,0.004182869733090344,0.005398803727852952,-0.0005837418515388659,0.0029803300142166034,0.0020496249391024346,0.0015339395407742984,0.005901715298161747,-0.0016315085894628156,-0.0015502158236526526,1.0928526733751107
2025-08-28,0.0012194745388689476,0.003806802597469794,0.0021025394038793888,0.005869316807500802,0.008393797842221717,0.008895878709659799,0.007419038046796889,0.003541362732142783,-0.015551168694692308,0.007903121636417154,-0.0039425870316533995,-0.006314154647032555,0.0013015869705901295,0.0017955846417747612,-0.0003451150163191752,0.006332380158793116,0.002590007664587678,1.0956831701754175
2025-08-29,-0.0012179892320119956,-0.004790348682333412,-0.005665099221494496,-0.0014853887474075567,-0.012738042213780831,0.009076746887515252,0.00964990177666114,-0.0059636816039791984,0.02313116155646111,-0.015344744087016138,0.007329877549905994,0.0064788304627076965,0.002599861409192883,-0.0039011040496517158,0.003107174544179969,-0.010514726543636499,-0.00026573730931439543,1.095392006277914
2025-09-02,-0.0021345034310675803,-0.0008022602973809523,-0.027220974341850446,-0.0038200078523032976,-0.0016607251297185988,0.008995001532630775,0.023642559312442524,-0.007410295555874247,0.03087948491175241,-0.01009734703558196,0.000945943660290105,-0.0016092573902135587,-0.0074088828201999135,-0.0070918361409813,-0.002753385134168118,-0.005087634009284803,-0.0009063949434805383,1.0943991485022948
2025-09-03,0.0032698034525435737,0.003813679571697204,0.01312375268685817,0.0042846491366579365,-0.002815117492872332,-0.008914812778029302,0.007831992196408066,0.0054195597134076845,-0.024872969252662136,0.005966318629450074,-0.004725136576187339,-0.0007439978270539216,-0.0016792998770052137,0.005649966627021108,-0.006212271487886389,0.0007422867318302995,0.0005127766364999159,1.094960330816652
2025-09-04,0.0038023906112913952,-0.0031993388244574428,0.013381824721533153,0.003946162173577905,0.010265653074429837,-0.01490620924071795,-0.004418882618094533,0.008357360441814565,-0.02962144935481814,0.0049359646612423536,0.00379803310480753,0.0006204117681649635,0.010467263393070692,0.00879847203348949,0.003648721786650766,0.009354250554246324,0.001410608366319581,1.09650489102009
2025-09-05,0.004734826163818484,0.012036163755722473,0.004120009921889212,0.006692932487944114,0.005715728774771112,0.01487090347946829,0.01334594055214322,-0.002896148488535144,0.002543814298213709,0.0008374382801461522,0.0034199587727621328,0.0028522014610823376,-0.018313047823674156,-0.005831939169457234,0.0010436104227371512,-0.0026128150519003634,0.0037605946090621904,1.1006284014020706
2025-09-08,0.0032315004844893913,0.009117944253877575,0.01862174097643221,-0.00010571935085856854,0.022480379785301263,0.01388168003251411,0.011388067271604019,0.002456541908713472,-0.018607268810210242,0.007494546711075412,-0.00036246424335451,-0.003709677851778337,0.0007537972100237766,0.002589589618953836,-0.0006951269044874753,0.008923443755480598,0.0049669283027728136,1.1060951437598303
2025-09-09,-0.0018789961552558854,0.005499845714902474,0.009192270260099944,-0.000949676395250898,-0.011116584730206047,0.013438193841045276,-0.002269905468609279,0.0023119206976098816,-0.004883710914559636,0.0019257691954353007,0.005368023997646798,0.0019858681688389446,0.004330635321832199,0.0015286027428125237,-0.002086562465132058,0.007952015627268327,0.00213136368119422,1.1084526347771853
2025-09-10,0.0017480294009488695,0.006837354752413871,-0.004093693990399938,0.0054932998463343985,0.0037472500410522525,-0.0062547622460995544,0.0035922056391106683,0.0028908542790047065,-0.005773694181969824,0.018127641906036107,-0.009091577558817399,-0.0097856409229361,-0.0033746288793868873,-0.0022630225561781625,-0.0005226808110201375,0.02386883156097519,0.0017094805323917828,1.1103475129774152
2025-09-11,0.0021477870881150274,0.014551795116033883,-0.0033912374080792285,0.0036771943616680236,0.01194625657006676,0.02567979629046957,-0.0014913797811720864,0.008310264731785644,-0.022067315674740073,0.003368555369382742,0.01740335297329465,0.008131029473843698,0.016365670303610802,0.0105501185379695,0.009065571913372539,-0.0016117860428706,0.007234104477224456,1.1183798828923202
2025-09-12,-0.001205625641777952,-0.0005737704614767747,0.0007218108202493578,-0.0029309613418944114,-0.006886375054918292,-0.006136450651273773,0.0019715725978484144,-0.0003347065098450175,0.0,-0.0006640880660709891,-0.011523019044871963,-0.0033503388484035224,-0.004256895383629167,-0.003967322343555901,-0.011402897918488142,-0.001732555327501828,-0.0029390347010752656,1.115092925607515
2025-09-15,0.001877380104485793,0.007271314605022061,-0.015971130606484807,0.003569480648981216,0.007305563834229867,0.007162222019263753,0.01040483601055886,0.005323952420932088,0.006828964968892404,0.009007750997387154,-0.00854402482810801,-0.011454066839652222,-0.0022304931435090936,0.0033017169605091823,-0.004369109127069892,0.00433884516446037,0.0023138605951395193,1.1176730951879972
2025-09-16,0.00013389191736346007,0.007408833943299831,0.005863814422982339,-0.0006276630889108237,0.0,0.006620907805426235,0.0020064107533963593,-0.0013767927852816886,0.018283660709956573,-0.0034758285310176884,0.0,0.004533971137881343,-0.0022354078181178183,-0.0009477472409512577,0.0024574080706012413,-0.0024250416462091584,0.0022051585163490647,1.1201377415323452
2025-09-17,-0.0017398413999180073,0.004337133986372033,-0.02071616614230476,-0.0005233537932219923,-0.00221265801503312,0.013885453672866976,-0.007715171664187115,-0.0012425285544682696,-0.03504196719514896,-0.0034512107495844324,0.0019718694941670556,0.006018009369718635,0.009708708624296847,0.002620675650025772,0.00367710987259251,-0.0011049657647353994,-0.0008432672771295224,1.1191931660290333
2025-09-18,-0.002547100502798161,-0.002440789939211596,0.012969032602964115,-0.004189350312427842,0.003942315624343662,-0.012974469099922836,-0.0040063094596702875,0.004672632334522309,-0.004501846556205336,0.017278945726456385,0.0019679888769359444,-0.008723747887073308,0.0009245780383209112,0.0038162592336448142,0.001570159590068565,0.00616310828924127,-0.0002774896119748945,1.1188826015516669
2025-09-19,0.0004032447770025982,-0.002258650348996971,0.0,-0.0010517437009091024,-0.008589987552234724,-0.0036514723177565322,0.010607227252210416,0.004952781371340809,0.00030154165760043483,0.010140533739601887,-0.0013093783425932592,-0.0020116812637844816,0.0022168949889942446,0.003593426902806396,-0.0031353961078696146,0.008363446309909373,0.0007894632692274943,1.1197659182681696
2025-09-22,-0.001881120106697165,0.004904747706145907,-0.006926252890554929,0.002211094202625219,0.00569372188738293,-0.006840841778436135,0.01730643093326134,0.004731100453688075,0.0186859230314127,0.014711168282625087,-0.00025609690599281976,-0.011149273056081155,-0.0013315840349240604,0.005552232557343828,-0.0010484192455784136,0.003426637202579963,0.0022287876640649596,1.122261638733446
2025-09-23,0.002019209556677559,0.0005631422830949528,-0.0004227179075797505,0.0038867982936536816,-0.0019692170893559346,-0.013530232146045207,0.004086375052867464,-0.005443566388828813,0.011834364938100972,-0.00863218959416312,0.00226889997605495,0.005002542160704504,-0.004444484457596043,-0.00469600662924663,0.004023158398076765,-0.0034924881998005253,-0.0008832659362797929,1.1212703832563593
2025-09-24,-0.0020151405655893795,-0.003377097183158484,-0.004545874472275502,-0.0006279419690944366,-0.0029597026378765934,0.01172073259458939,-0.009063049726670935,-0.003181633452613686,-0.009941524707693272,-0.006173852788884493,-0.0040163622111477615,0.002169761214367405,-0.002790132597520034,-0.0034738080629789225,0.0012195331374744711,-0.006386621955025373,-0.0019517698420706176,1.1190819215375127
2025-09-25,-0.0010768768623504732,-0.005835836133322614,0.0012744018241657162,-0.0025129366654305096,-0.0048237081230739776,0.0024647896360217025,0.004165188877066628,-0.0046134974884720625,0.012994643200758604,-0.0017593787530568727,-0.016570094015506687,-0.00955174516560553,-0.002611428979049979,-0.004682578089786671,-0.009222226541937828,-0.0061140138625847,-0.002778478705366804,1.1159725762489598
2025-09-26,0.0,-0.0018936138504829225,0.003818421108985781,-0.00031500078565460665,-0.000248482911487824,-0.00835988850195113,0.00577227044053652,0.005729144366994232,-0.04256557192267085,0.0030215349921083323,0.010213902093779703,0.002443153612319282,0.0072938034672198615,0.006795606937380461,0.010361690752793917,0.004219383802447796,6.577249232836923e-05,1.1160459765466697
2025-09-29,0.002560457637255542,0.009106444034685968,0.03634826938884195,0.0016802050737101393,0.0008702015307635591,0.016117046604084306,0.016496514338703028,0.0028103664411398555,0.013093797295305354,0.005343525088973733,0.002952002228335804,0.001924130560323034,0.005012970595884125,0.003945915128102273,-0.002085769878343746,0.003848305272385888,0.007039061762194644,1.1239018931050306
2025-09-30,-0.0004033493258169818,0.003948143247314073,0.022634617353358477,-0.0020965694326193773,-0.003726304946506609,0.0039042827795272572,0.008540004081594166,0.0037668667591119753,-0.003306300235589421,0.0054578414754302695,0.02406181105061278,0.0033285905815862993,-0.00480324753845951,0.005895767769385163,0.0010451320359565752,0.0031684990582800943,0.0036423549734029637,1.1279955427549988
2025-10-01,0.0025224211729002466,0.007865160967811757,-0.0058823669512453325,0.003407253976594804,0.0,0.0058338354206042276,0.0015753722020723782,0.0034074772846366397,-0.0057297535459371884,0.009792127521145,0.030897481493552537,-0.0015311532725347243,-0.008910348848141014,0.006889391754605789,0.006090103915765477,-0.00214471435636554,0.0036200390332233176,1.1320789306490737
2025-10-02,0.0010765590048542606,0.004645086651344776,0.002406933613410711,0.0005254864618460253,-0.0007479695045531365,0.008941447964576854,-0.003482825151325697,0.001151803537192908,0.014255304476929576,0.005410799025761914,-0.0019515988114386928,-0.0039616678730839405,-0.0007491868214818398,0.002655306614958164,-0.002248395600496056,-0.0003516379350065879,0.002045108558098106,1.1343941549585868
2025-10-03,-0.0012098394578785587,0.002959107271449213,0.0017009460519772368,0.0004204629790038883,0.020336792796500802,-0.007904230419783498,0.008032937892485048,-1.4767362221612679e-05,-0.005681777347838479,-0.005032207624090956,0.011383507478563315,0.0011546758451326244,0.0069353711606781054,0.000560150352447053,0.002253462275161544,-0.00602011650278067,0.0010416076791589057,1.1355757486215845
2025-10-06,-0.0022876958275453996,0.0046100395433683605,0.007590769160432886,-0.0012605315942305628,0.0182195650524406,-0.00048280448894599814,0.01884573861512795,0.003586228910336109,-0.00601506053953238,0.01011521027955875,-0.004833620949351913,-0.007304841206731805,-0.0003723279059444362,0.0017305677662839969,0.0015565147147198477,-0.0002359682174059019,0.002060878364909873,1.137916032113635
2025-10-07,0.0018884215506580482,-0.007709243748805994,-0.01001182939817058,-0.00042057100848025275,-0.01573191256831641,-0.01135268998722272,0.005159462258136571,-0.003707492250961897,0.021785211416760042,-0.006675909508848443,0.0007632112202469177,0.00929514521002317,0.0013035261215625926,-0.005081029467258635,-0.0077706789620145544,0.0011407822391464872,-0.002115397762622746,1.1355088870852492
2025-10-08,0.0,0.007954156596509554,0.007209309718605894,0.0005259554379155595,-0.002562189491932876,0.002931883545811864,0.01649095687844504,0.005963052412792269,-0.01569436695625004,0.017537098861290623,0.0019413151645273352,-0.004988562958031295,-0.004835406107903895,0.004494181525986685,-0.0010441553737641218,0.005579534206432868,0.002676264156975669,1.138547808819683
2025-10-09,-0.0006731725047079973,-0.010277152207017193,0.016502724445686123,-0.0005256789542110729,-0.0024464902271095212,-0.013154719426324513,-0.018452848086064955,-0.0028970083792374535,-0.00030090661027093457,-0.0016856441827191038,-0.00221431685960205,0.003213859576640221,-0.003550746254775916,-0.004677451868395632,-0.007839721195693206,0.0004689535627666608,-0.003486873779420126,1.1345778363184933
2025-10-10,0.003906696379048835,-0.0368997195788624,-0.026894921726361876,-0.004418877826262602,-0.0391170685807265,-0.053813845977966235,0.01009770001194199,-0.02702782789908964,0.12759559846149338,-0.04069607257475405,-0.01442542620988041,0.0007687646422267491,-0.02175544316840261,-0.02431426477503662,-0.023178217289525627,-0.023707209653774042,-0.014010318831364311,1.1186820390926717
2025-10-13,0.001610348515544091,0.02907203088755672,0.020402054424737193,0.006869085338363057,0.011868248103150902,0.03130698519388475,0.02430104394061705,0.015344074693208754,-0.07606090728504333,0.02435437002139107,-0.001125856428881744,-0.003329115482139766,0.00958592694099325,0.00979015700483088,0.01222362168525648,0.01908223540323739,0.010050326186400373,1.1299251584844205
2025-10-14,0.0014737535371331933,-0.008980295297978946,-0.006894481523043061,-0.00041989575109147026,0.009459000549618013,-0.0032885662233657076,0.007141189222626965,-0.0012216548034567065,0.04419418374346096,-0.012834422562449488,0.002747374934527258,0.016058581376052983,0.011014054233861925,0.0007775722029628174,0.007281110021063242,-0.002433839494519363,0.0024141254165352807,1.1326529395283005
2025-10-15,-0.0006688361659464848,0.01642434859441222,-0.012793868713261936,0.0034649205011232365,0.015617112273025091,0.010152224150492106,0.017332403569977117,0.004439523175783,0.0118948903741527,0.009910700229627922,0.0015456185154698598,0.0017702293801096225,0.0,0.003522816702286269,0.001763076823261267,0.0029119925255522983,0.005474113455726449,1.1388532102252404
2025-10-16,0.003748425267996458,0.006500676801987515,-0.016676725587479124,0.0014648090524624902,0.003198463958374198,0.004773916451375815,0.02338727694573106,-0.006810261153983976,0.09267357080257144,0.0007387791202013716,-0.0016834001652120678,-0.006941829707354241,-0.027798729042364134,-0.007330580442864276,-0.007391822155968675,-0.007729687525724782,0.0030704033776174466,1.1423499489685265
2025-10-17,-0.0013339824691953606,-0.00018450342588027802,0.003984472445534681,0.000313527350318088,0.005518078732224874,0.00025003452077076993,-0.01881705572696668,0.0056763938002961645,-0.07555667664576937,0.0017573873057530331,0.006675076505776367,0.013345268690692302,0.008114447448343665,0.006084598412117614,0.005141795350911416,-0.0003558838032418077,-0.0016363424636909323,1.1404806732386341
2025-10-20,0.0013357643554283705,0.013658201176697693,0.011600781247978365,0.004386868289502077,0.018780513230362894,0.012250074977145253,0.03640197438905224,0.010400475399621634,-0.0801082279663039,0.011157456935416254,0.010609304490097893,-0.0008779614318159545,0.011690309898009899,0.011113427091146821,0.012171532411211272,0.005617054581007475,0.006070668074017349,1.1474041528506975
2025-10-21,0.0012001705843007748,-0.011107012302391195,-0.007041589165569517,0.0012479164945597976,-0.011611270706276544,-0.013583698571260294,-0.06426889260666147,-1.4904481475785936e-05,-0.007943525873219448,0.000520515832462598,0.002348254329871846,-0.004644772552793497,-0.0011365890899049935,0.002658350102560103,0.008713852531579969,-0.0025568251297868327,-0.005830789922544109,1.1407138802791703
2025-10-22,0.0,-0.0009206924251087267,-0.0037483851848890692,-0.0020772685665585433,-0.004723226264335745,-0.005007433671175399,0.00010605594835544352,-0.0051989069274410715,0.0157176382001869,-0.009884231699416213,0.005719092011125859,0.0056752749882760245,-0.005689339376291791,-0.006526275863821818,-0.0038010327583787307,-0.010450760380598889,-0.0020006269800161595,1.1384317373138049
2025-10-23,-0.0019980586451128213,0.008846307546922949,0.013117735915234352,-0.0007285574076976165,0.000486757105507607,0.016859543073876493,0.004002358382396931,0.005929891190499692,-0.02277368698677007,0.012609883898197616,0.0005479222523625538,-0.004890872804419022,0.002098005591420371,0.006363771044046507,0.004856069349242542,0.008130093209257838,0.0036531013558337186,1.14259054383691
2025-10-24,0.0013348439071951823,0.006576517112162561,0.006423746856171864,0.0029165165983653374,0.003405449489298107,0.003464482895439769,-0.0033528327110016187,0.008172571104630766,-0.011652207213162624,0.015531549537064482,-6.841342653363114e-05,-0.00327667195268444,0.010848901674569866,0.003926842859641511,0.0006903812308107771,0.01004111297058774,0.003581025748070202,1.1466821899938915
2025-10-27,0.0005329984100999052,0.011070798420206751,0.012366704311535193,0.007684932488514429,0.01248485143856648,0.013070342205323104,-0.027839530498784404,0.011797712023148943,-0.03264817930090946,0.01846179152273808,0.002328314361474959,0.0016438191524719148,0.004142359170527632,0.011785016001380155,0.005864125263481235,0.009471746738885622,0.004859435621184254,1.1522544182741252
2025-10-28,0.0005329210727260669,-0.00035900824545187504,-0.0023644050233549985,0.0,0.004788712669375306,-0.005355461443315335,-0.007166030388359279,0.002655998956591077,0.029062509536743164,0.00989962581242132,-0.006285497782675953,-0.009972251893357154,-0.006375431586477465,-0.0002509669620746058,-0.0077161155621100486,0.00011625504385381902,-3.5535199190453036e-05,1.1522134726838538
2025-10-29,-0.004926713599449628,0.005746055900476499,0.0009875416650053648,-0.004431606281496081,-0.008340260682066059,0.002692195605512371,-0.0037872684129753864,0.0004803870398957244,0.019435146787649682,0.007186395455704764,-0.010106522573031795,-0.023587882519984005,-0.016984344737958068,-0.004067702141511087,-0.004319968503834093,0.0002713093937523059,-0.002232710569946374,1.149640913484558
2025-10-30,-0.0017396676173432324,-0.010355267796393619,0.0037486215955329083,-0.0011387130510835952,-0.0002403081726460865,-0.020014662045866438,0.01964188672951095,-0.010998143937076876,0.007745074131488838,-0.01229730070601498,0.0022225741501951113,-0.0010447289193076248,0.0026876311498889027,-0.008168709185554013,-0.0010413229860274376,-0.017285555156186794,-0.004284759721908681,1.144714978403801
2025-10-31,-0.00026805162431076113,-0.002345306486631449,0.006879574650556997,0.001865472867346174,0.002884200976359441,-0.010958925423122268,-0.005430550723012573,0.0032800997320787673,0.005025071230982281,0.0009652764020697813,-0.0003465103918605106,-0.0028757829838415017,0.0026804271503846344,-0.002033517242476246,0.006601785995864695,0.0026029790487938076,-7.65997180768302e-06,1.1447062099193388
2025-11-03,-0.0011569128558094333,0.0063291896500392575,0.010248929435243248,-0.002929797016933966,0.0022768618913393546,0.0030219589207800546,0.0017929035935666526,0.0018767772528909266,-0.009411755730124094,0.004090768630257369,0.0013864157811105393,-0.007865728603982158,-0.00420081887826218,-0.0014263938575439505,-0.0006903145144180334,-0.0027535039859243327,0.00029876740033575713,1.1450482108178248
2025-11-04,0.0005387416219744257,-0.01832888208802763,-0.017874397573990675,-0.0011461609305291054,-0.009684347192065457,-0.011549145344656009,-0.01751719582531963,-0.011853539942447533,0.035926338287078696,-0.026398551772200185,0.004499957725708992,0.004096099610378712,0.005177346050075249,-0.007652260571859415,-0.010189957280692052,-0.017000649231565412,-0.006398038614538568,1.1377221481495041
2025-11-05,-0.002826766534030356,0.00896941024417175,0.02213480259360967,-0.002190680358290842,-0.0003621552191536148,0.010160058234336633,0.011564369498526794,0.003465389196996238,-0.03525364183873436,0.0039123494799286895,0.003859350010434026,-0.0006579367504280231,0.0034337617922599595,0.0039583789854547025,0.009771316207786596,0.0037718965501667423,0.0026572975610085307,1.1407454144388873
2025-11-06,0.00391463132579295,-0.00743834111999464,-0.014436975460538681,0.0033454853702101772,0.0019323535731956554,0.009303422809447293,-0.0012005195756796816,-0.010729333212666003,0.039512829384547477,-0.020095568399972397,0.0019222563451712915,-0.004477239500817687,-0.0036121029501375856,-0.01034349319702954,-0.007603179301237106,-0.012872321845022072,-0.0013894363298249013,1.1391604213169848
2025-11-07,-0.0005377684386769221,-0.002924491525615469,0.004589880289251669,0.0005210042777619162,0.003977846408417918,-0.004982579799715059,0.006119021470095687,0.0009845075813768034,-0.005144335425584012,-0.003458359163478475,0.0013703609747739431,0.01468254186241591,0.0070596874644843766,-0.0003104647574883046,0.00766143053127033,0.005062195244850631,0.0012360627568452404,1.140568495087847
2025-11-10,-0.00026918485336646647,0.0175984865019303,0.021872291067823735,0.0022911281734789846,0.004682395971964848,0.02053081596790607,0.02734111859838051,0.015604343307994428,-0.056305740357533884,0.025576132520927386,0.007800819120086011,-0.0036501041153901292,0.0035999292416446504,0.013974459042442877,0.005183988923438632,0.017890257284056688,0.008145797301834613,1.149859334857691
2025-11-11,0.002826005994381653,0.00108090527541993,0.00475642526828568,0.002285971478656279,0.0008365083098929027,0.0,0.003937814406542062,0.0022892399865568347,-0.002130888830310429,-0.008527021868579232,0.023085221076130535,0.013083886641533704,0.004530762485396522,0.0031136226019137236,0.011346117795615562,-0.0033647173573768674,0.0032026355451570546,1.1535419152354371
2025-11-12,-0.00040248856366231767,0.00017999117799516462,0.014391202359862687,0.00041473438148020847,0.007044744613713849,0.0036801396674497333,0.016110762091908537,0.0005564884786124491,0.003965865556936565,0.003105725146766769,0.014202350003676312,-0.0014206211659343326,0.00864497377716722,0.0024933753375944168,0.0027197476532550002,-0.0007149339321731452,0.003590837871039183,1.1576840972304956
2025-11-13,-0.0029534283350879376,-0.011694814959204658,-0.011200297479693866,-0.0048705261768985375,-0.015769470939402064,-0.006355362460200631,-0.008083098515826892,-0.016594019980226582,0.07019147323006325,-0.024938894628394603,-0.0005235269249866947,0.0,-0.012856318132623112,-0.010659361115676669,-0.00627229169046184,-0.023053424186097127,-0.005957042842792012,1.1507877234648747
2025-11-14,-0.001481036427897875,0.0005461239463975254,-0.003964576886670956,-0.0006247660760984042,0.011685406414344568,-0.013038282345794072,-0.018047911171504505,-0.00016376876033719068,-0.01845546573964396,0.0054433525958546,-0.005957849307195007,-0.0007760228243410827,-0.010003744937596704,-0.002719206193878776,-0.0003411863565286888,0.0011392393469906725,-0.003318293673433079,1.1469690718426369
2025-11-17,0.0005392911931716426,-0.011826743200092582,-0.011751270316315732,0.00020838555092250743,-0.017980527260788803,-0.011216345580857268,-0.011463979297139493,-0.009316433429244597,0.051489696124104034,-0.015651479205273655,-0.0008562658291598746,-0.006342308889107029,-0.01906577825233835,-0.010597710961346984,-0.012798657269647462,-0.011013184330951664,-0.005850721146681543,1.1402584756394174
2025-11-18,0.0008086570044445462,-0.00497151111324845,-0.011891078624301943,-0.0003125535951861158,-0.020492354727734363,-0.004033212080350901,0.007264932736103624,-0.00839755277010068,0.03246218307315418,-0.016253027938932574,0.005866871710869859,0.004298603800262368,-0.0015549464767765642,-0.00649956677530239,0.005704439473170897,-0.00542403069111852,-0.0017964392065929129,1.1382100706081288
2025-11-19,-0.00040400180333421964,-0.0035159397622607225,-0.0015527899214266006,0.001667419809664672,-0.0012378848414368315,-0.010123959481128875,0.0016294519610446923,0.00386320014283692,-0.018651664561959436,0.0069525866299327,-0.001703901710971567,-0.007652300133832446,0.003698739924594463,0.00355887312813552,-0.007390850265701632,0.0037596865407294455,-0.0016373007837577436,1.136346478367441
2025-11-20,0.0014818345388529774,-0.013741828598946237,-0.03382576118186864,-0.0023928957111816196,-0.014749617034802154,-0.013551482450976149,-0.0002933255655774847,-0.015242245459799575,0.07195214714725284,-0.03139124720531028,-0.0059738851136939,0.0071885172696801725,-0.00872769983376731,-0.012464157916822649,-0.015238156564121752,-0.02029218272230271,-0.0067830349793900945,1.1286386004559679
2025-11-21,0.0024212984442915086,-0.00018832817039737826,0.011066390357062472,0.0027115149459624455,0.02138634997936406,0.003628716485847283,-0.0015473311468576778,0.009961222976632822,-0.05471124297003371,0.003858246095568285,0.021067296052313278,0.010900676844956436,0.010956658404933206,0.013836081949224477,0.020749095212314606,-0.0007983117584990929,0.0043751844013323275,1.1335766024554244
2025-11-24,0.0017445665080979555,0.010546178057930788,0.016019870872148623,0.002079954281330787,0.0067741796802684995,0.01627063245302862,0.01584423909859045,0.014718507062180475,-0.06806004652458797,0.02382862755715065,0.004204050207957666,-0.01155327963732733,0.004257877799973997,0.008854969906987975,0.0018949508552683625,0.01879495379125018,0.005151119856405287,1.139415791401089
2025-11-25,0.0022772796296886,0.0035407661492834475,-0.004211163897297476,0.002594828001800442,0.002202101010805313,0.00635321512451692,-0.0003156907704157108,0.009405991442055894,-0.031627329290646156,0.002681372639006474,0.022607344097739013,0.01376617910575062,0.012526487841339362,0.011926957954946804,0.015474619947064117,0.007882869004065762,0.00470614490757897,1.144778047225406
2025-11-26,0.0010692746832587918,0.007242430619929019,0.008261203356137559,0.0010350522607471824,0.016357440934200662,-0.005808015226552388,0.007998338908444147,0.006903483450626968,-0.027018997599957406,0.01183769525386058,-0.0022045105554177047,0.010889109993459156,0.007803599776059489,0.006888120072654047,0.006264791969923911,0.014208995918357337,0.0037836142857727143,1.1491094457989273
2025-11-28,-0.0016021988342372895,0.0014748805899580386,0.012095217535622593,0.0003103389542906676,-0.0030026273226728684,0.004063944937522601,0.012424331348639184,0.005458406338614941,-0.020445589694334187,0.008598228075503922,-0.004860522476422102,0.005829400967236387,0.007176597819244845,0.003749860482960665,0.0062257886988768,0.010376291587754771,0.002544341916385029,1.1520331731283875
2025-12-01,-0.003903824174752102,-0.0007363898760567311,0.0026021827201936354,-0.0035077463667535502,-0.005782490778869498,0.002782775529602377,0.004821066034977672,-0.004565505423429594,-0.0012460156614126916,0.00045415457465436404,-0.01496985791130201,-0.0010079079398863655,-0.008250541634254982,-0.002069837542145292,-0.0026755666485714924,-0.010389609276989176,-0.002830892220960779,1.1487718913802896
2025-12-02,0.0009426896369193472,0.0003684662728611343,0.01605302206951631,0.004165691231542201,-0.000726943379550149,-0.0037840219311595646,-0.006440050713598433,0.001852299674079072,-0.011228964283559795,0.010302056611519061,-0.005988791516342462,-0.00655830246115785,-0.0009453909008985129,0.0038447848805265306,-0.0005030267484358308,0.004684001785347558,0.0004784243067622797,1.1493214917760513
2025-12-03,0.0014801815813791919,0.000736661110948944,0.014664200360993362,0.0012446592653130306,0.0016975631216504805,-0.0070904873241659505,-0.0009296182229129313,0.0034627677932603795,-0.008832829019135513,0.002385101567018877,0.00466443719553622,0.0007618354698994967,0.013436790598289061,0.003477269164518626,0.011743068244911559,0.003978977546547524,0.0021906610210075976,1.1518392655686913
2025-12-04,-0.0018810266675429732,-0.00018399410763147994,0.003636293092020182,-0.0008286346563723956,0.012226211109546137,0.002550477754816427,0.0006461951944911615,0.0007310561539983773,-0.010502861963868515,0.0037242829127019927,-0.007609019046707188,-0.004820602034775634,0.0020541973257548474,0.0008035827837009624,0.0018238128231571338,0.007205782625077095,0.0003673911412768688,1.1522624411110363
2025-12-05,-0.0012114806849039539,0.007546428603985689,-0.0009289569837648282,-0.0013477681464004743,0.0009565601845880067,0.014754432043632582,-0.0017823532991586566,0.0018995368427094927,-0.011900959711079406,0.007317813073295598,-0.004158526018841369,0.00012753951666355512,0.0003726728900093068,0.0024086587332967646,0.004137646001681983,0.004729640363882792,0.001970479608350749,1.1545329507547142
2025-12-08,-0.0014824715569782265,-0.0021922194939447692,0.013948242749139306,-0.004152365895108812,-0.0060931182798749095,-0.010528936013692092,-0.002639449868615973,-0.0030042775146746914,0.01171877013014977,0.007025936651694931,-0.011940560260370048,-0.008284502513756786,-0.0037257684388491974,-0.006057240605065406,-0.005439228067841473,0.0023340603860657616,-0.00242526684650452,1.1517329002660517
2025-12-09,-0.0006748038935664447,-0.0016477414890538888,0.0019259321764031334,-0.0008339843006101022,0.0014424472033498503,-0.0164682161493912,0.005137202012788666,-0.0008630551776172002,0.0051480002511221645,0.002641705175143949,-0.009707313291980157,0.00231330890447512,-0.003739701701419018,-0.0007051534604894938,-0.0001656663371064626,0.00047359410664249424,-0.0016766386761415397,1.149801860340881
2025-12-10,0.0029713501622443683,0.011186521111993475,0.01199080246899209,0.004068875599979593,0.007202132746380263,0.006955193787160807,0.00425914796716631,0.006632177546088913,-0.039052475105406326,0.004796639915539469,0.01453714071766643,0.0029491328571187303,0.011448955974568076,0.004687229911441104,0.014254855625672525,0.009546293415651386,0.005146338321453125,1.1557191297168314
2025-12-11,0.0,-0.004715282438372825,0.01275328842818979,0.000727355618465042,0.003694355340841282,0.002558109894948979,0.010769830543307712,0.002326948130527251,-0.01798803821762407,-0.005109938373929479,0.009464999685748987,0.0074150115614677325,0.01818516582706664,0.0083776770509294,0.005556496129398347,0.0005470426784244253,0.0025209160484071665,1.1586326006183858
2025-12-12,-0.003097199211135382,-0.011661729470212157,-0.012414028521866793,-0.0005190933639784845,-0.002612223110317946,-0.0028067212536642128,0.005594579039939651,-0.01075196892753394,0.0016961039750880147,-0.028924754781091022,0.0031254178165978086,0.007867935564070061,0.0014580279932445706,-0.007462295924588469,-0.003575490353815436,-0.025775174396372225,-0.005536023925604342,1.1522183828203771
2025-12-15,0.0012158395041905745,-0.002949903852766167,-0.00922412151854135,0.0013504078989390322,0.010357158976265657,-0.008700114726028607,0.0009103412637567754,-0.0015108877827512135,0.0010158746562589638,-0.009673594745967184,0.013241640062767068,0.002770147211822227,0.0007279177893870781,0.0009021865280449681,0.001141758357048328,-0.004489732124988821,-0.0005588137253085672,1.1515745073735044
2025-12-16,0.001888685813705937,-0.0063207193212261314,0.002940880439621152,0.0026974139318276524,-0.011722422422581147,-0.009498022526859606,0.00022745542760294057,-0.00273229759527871,-0.0010148437022617918,0.0018270662908363988,-0.013004487870615922,-0.0045204019701616804,-0.006364804346536745,-0.004465542460444505,-0.010915606427792546,0.00016563173553385546,-0.0033131031313070806,1.147759222267192
2025-12-17,-0.00026930362915689177,-0.007172538153993324,-0.005423329003768185,-0.0038282733399473967,-0.013729135823136174,-0.0028978032930607744,0.008588228474273762,-0.011003620102041367,0.015577347571166245,-0.022236200646995274,-0.0018174282748395498,0.004667036063963126,-0.00018299439786328975,-0.009233550854470751,0.0011530423885226515,-0.023535602613785955,-0.0043993167173859,1.142709865933138
2025-12-18,0.002121908075692236,0.011406887951024736,0.019316118541897076,0.004362240460693112,0.002884416391966127,0.009511245042657324,-0.0018032036998042456,0.0075513325776148665,-0.035011645384263934,0.015424348563592538,0.0007802875316209601,-0.005775242244343004,-0.0016474612342792794,0.007180709046833655,-0.003126018379095319,0.017322643533270954,0.003980640407202378,1.1472585829991804
2025-12-19,-0.0014835056168606142,0.009774444554630835,0.00816031841878595,-0.00048792259764640633,0.00762786796348891,0.010206736430069974,0.0011289903434379411,0.009063445479451815,-0.03731858686163725,0.021619390456640852,0.0066922378066234245,-0.005177439370098957,0.005500529284427902,0.005410247250920319,0.004951269474155362,0.021050891130723892,0.0041958457627226785,1.1520723030634048
2025-12-22,-0.0002702421591663784,0.005398307785561274,0.007284805655262128,0.00041551210008172745,-0.0014892373275645632,0.0007772693051857349,0.02308160549906857,0.006229892278320159,-0.031227595842555078,0.005395388830069736,0.006591771352863818,-0.0034931816429072393,0.01227838488690458,0.005180032626868947,0.00591233910268496,0.008517386054028409,0.0028574061661601332,1.1553642415660406
2025-12-23,-0.00013495014883413425,0.005554583615645203,0.003482137407575303,-0.0005191144855949403,0.008451408313612685,-0.0025887208401060846,0.013252341857567629,0.004570454818432879,0.004075606198013837,0.005442224209167845,-0.0019961207501743017,-0.004750836289625804,0.00198844199129411,0.0014510260351530135,-0.001959154194201118,0.0036702981895024855,0.002124405851733518,1.1578187041217072
2025-12-24,0.002432127823442709,0.00202535063290199,0.0007118233961131981,0.0030127155587913457,-0.0017254053574259354,0.0005190879417937833,-0.004134082564786645,0.0035176203055324873,-0.0014760485226670284,0.002398123404139252,0.0052261276849201455,0.007869959921810166,0.0054122178497000295,0.004146690107967865,0.003108057007498388,0.004521807642117848,0.0023411455871706647,1.1605293262716054
2025-12-26,0.0,0.006982746800827444,-0.024628827619778026,-0.00010359668567128111,-0.00037035529996143346,0.009857356047621169,0.011676735474757116,-0.00010141503224314619,-0.003325948054846317,0.0015720828622107774,0.0016046212779401436,0.0014080978812609501,-0.0019738132290526567,0.00019895015184134834,0.00016308173673040827,-0.0017223147910793157,0.0008123860295950619,1.1614721240832038
2025-12-29,0.001482602243256137,-0.002554733423312805,0.0038286764815318453,0.0005177980012376349,0.0014819700553101445,-0.011816056533950237,-0.0435283019531133,-0.003563628207054803,-0.01112344251755304,-0.004504222122484802,-0.0015380037710377437,0.0006390824519739713,-0.005393729644402545,-0.0026364208996522143,-0.0019566617449686685,-0.006038501970036081,-0.0045979540559465655,1.1561317286194066
2025-12-30,-0.00040384141226279535,0.004024903426953497,0.005266928688649752,-0.0012422473054307659,-0.0013564309523298457,0.005198776758409851,0.0007275678386380324,-0.0012211007345822589,-0.014623149176332229,-0.003153434362622609,-0.0008343808795940877,-0.001660670100219086,-0.0025307192773093012,-0.0019949738982401044,0.0008582387828697247,-0.0027615034074005562,-0.0004433357586353659,1.1556191740824169
2025-12-31,-0.0026928124196875514,-0.0030977037232848836,-0.006052377483430127,-0.0019695705929351215,-0.002963762450171714,-0.009826668513347236,-0.006467991163222386,-0.007408967373390696,0.007229780127271157,-0.009903049344200499,-0.00565255437708112,-0.006014090998417765,-0.00743022553723427,-0.007396341971785625,-0.00783249025891919,-0.009810471333750015,-0.005226265111632732,1.1495796019105762
2026-01-02,-0.0004049917540072112,0.027965684876576358,0.017904219236198005,0.00020777442346386898,0.00730745581986092,0.03995818079692004,0.004970859258759619,0.0018330397334518356,-0.013978048412645494,0.002292156895580044,0.004586508017320412,0.00012876076456191932,0.002921304474618358,0.0028698115929735035,0.004487283687093502,0.009668006436998944,0.008266941007732833,1.1590831086632638
2026-01-05,0.0018908655142901853,0.011024162755709055,0.020357131958007812,0.001557584983458593,0.022131997809398563,0.0027624462881616907,0.026313174195160993,0.006660113816063129,0.010727922421628344,0.002217547184076629,-0.0030223216340121706,-0.004376418542934024,0.021845999568042673,0.009990417833730225,0.008272674545265701,0.009456746643719427,0.007890731100533621,1.1682291217968963
2026-01-06,0.0,0.007386531207121738,0.017763377677465053,-0.001036801714404345,-0.0007217317523883215,-0.0005008879942602906,0.010813149047262716,0.005947183373089304,-0.013646653315225854,0.014036778093180935,0.019672363156833406,0.0015514253257831179,0.004810269955919377,0.008599299809522565,0.010338052911079032,0.011719965750691674,0.00493310665469166,1.1739921206518371
2026-01-07,0.001078411006561364,-0.0075069887279958225,0.0069641922877714535,-0.0019718639852254194,-0.0018057244062834599,-0.015785544237632454,-0.009559953917112063,-0.0032233567922274053,0.016141432317639648,-0.0008182415423229061,0.0099310984919192,-0.01097196928782207,-0.014007108052379258,-0.004829777273632985,-0.005847020964602212,-0.006353833660703079,-0.003404417294272993,1.1699953615729497
2026-01-08,-0.0017505430188373694,0.0003518110518996309,-0.003927587719306902,-0.0015600125972400347,-0.0007235595745130885,0.0030550598348102476,0.005522515913727544,-0.00010153268198576093,-0.007186101748102303,-0.01562815331474887,-0.009645549978697376,0.023753584306748232,0.005214905814501236,0.002377121536103033,0.011599403475682557,-0.012243161809533776,-0.00012034367907652979,1.1698545600266355
2026-01-09,0.002158276734412823,0.004747678263315347,0.01131492931071243,0.0036454763437114845,0.021119961225071204,-0.0012691129396270595,0.007242001159325273,0.006613342394092614,-0.01904761904761909,0.013241738287446347,-0.005122676344591515,0.010326332654041037,-0.0030411803041521246,0.008201190947277892,0.0009690054821114291,0.014447440633585718,0.004254578287701448,1.1748317978374934
2026-01-12,-0.0009421479215644402,0.014000686832444487,0.0012713501628796031,-0.0008302479828876663,0.008036878622745158,0.032782743724265595,0.018722729613168898,0.0015704538117717881,0.003495151556811349,0.004379058613589448,0.0004450278132683838,0.011735019623669185,-0.007895184466590988,0.0007840145260364917,-0.0014521011292123465,0.007626903695082676,0.006334985347179225,1.1822743400621942
2026-01-13,0.0008083464721531097,-0.007421475929713872,-0.0038940074085146437,-0.0012462469745845306,-0.009848797728553293,-0.009596441818544355,-0.0014210408732292512,-0.0019994751058702853,0.026702806887890507,-0.002111843945584835,-0.004066586413725148,0.01159890623143034,-0.019171664961816437,-0.003427479389413568,-0.0003231790080920893,-0.00015452349848277258,-0.0020099841067753614,1.179897987428821
2026-01-14,0.0020194406696145695,0.0041732165792280895,0.009263227536726815,0.0020797767574523007,0.006986429705222674,-0.005217368558326885,0.010222226854542216,-0.0049152373416185835,0.022615848420355134,-0.012151821622167214,0.007145560022558062,0.013808442092886564,-0.0014751616638889464,-0.00452025085908403,0.006626785759346943,-0.012282269581359473,0.002024459706702377,1.1822866433623898
2026-01-15,-0.001478027950903238,0.0058874485296604995,0.004715371745710906,0.000415044144551846,0.0044684530729888206,-0.0009990238414763208,-0.0061276608305878,0.0027232143965294497,-0.029856228934711626,0.005252313625803584,-0.005701215589792419,0.0017025341594691934,0.004062740531977971,0.004343341406076062,-0.0003210938178257461,0.005787329006661901,-2.4924099276326262e-06,1.1822836966194226
2026-01-16,-0.0016146211596056448,-0.0037872477212125277,-0.0014247248523306943,-0.0019709211314685726,0.0007024723633171082,-0.017500019073486306,-0.004818883830700504,-0.0008378739908954103,0.0037994066348485678,0.0010998789765974681,-0.00777268838250722,-0.0031565148423071676,0.0012874691226665291,-0.0008845397244828801,-0.009476416393435216,0.0045489043737290125,-0.003142346539433981,1.1785685515367212
2026-01-20,-0.0036387469796537175,-0.009676819922752822,-0.017792721103084275,-0.004989014730968799,-0.02058963578746409,-0.010941483804668417,0.03783617488689295,-0.020356785723545046,0.11203630113266327,-0.025957965293536223,-0.0021832001071465656,0.003044696116693002,-0.022777330915676464,-0.018592305866965364,-0.010377814728851242,-0.02144138784969496,-0.004074529037227331,1.1737664397511218
2026-01-21,0.0028405184571906883,0.01657646005021607,0.00102540158791542,0.008043424865665783,0.012661222445510711,0.012091619079453775,0.014568979615140476,0.011541079202094462,-0.08917627660736804,0.013888897853678639,0.018404123054577948,0.000971367538390222,0.004887186424898049,0.012228745994659729,0.015402325732312816,0.010124986092052035,0.005455167340827284,1.180169532099011
2026-01-22,0.0004046093779692672,0.0075523936505783595,0.005719147761148902,-0.0002073007331668819,0.0009436403893205991,0.0035587033326238693,0.01846258414950319,0.005223230019727687,-0.028400606217543256,0.007440423770140203,0.00018955377441010057,-0.002062176046885411,0.006546993917177613,0.0032678471760172467,0.0019363854853893248,0.0026234079918177056,0.002278867401087731,1.1828589819734683
2026-01-23,0.0010786599854619716,0.006303218519178699,0.008148014657606728,0.0024875663549734917,-0.0035352704407265456,-0.001013194427334163,0.013745304981574558,0.0003627802397405677,0.020384641794058078,0.0014494163997853526,-0.005117174761196441,0.007779349035586858,-0.01375212153096328,0.0002466937826073323,-0.00048311456360217164,-0.0022650151862836365,0.002096247522634088,1.1853385471840556
2026-01-26,0.0012120298382078953,0.0016928808978791121,0.012965153488415204,0.0010339074222889266,0.0008278109844517267,0.0002536038686296038,0.014628847613605389,0.005078147060609828,0.0015076896774768311,0.006823389056117346,0.003937073868412133,-0.0015680240872056883,0.006406635661259541,0.005180574317506181,0.003383806489109853,0.005714576743648836,0.0036163955375561807,1.1896252002165852
2026-01-27,-0.0008070417334768987,0.019773568021785648,0.009142274575391518,-0.0004131517182272004,0.014297520072574343,0.012420731414277686,0.02453194232197564,0.003984264729684606,0.013925511610204167,0.013485769414087745,-0.01676160058803766,0.004590539845568786,-0.007676462246460347,0.0020125073734269527,0.0030511881487162995,0.012726162650950501,0.00647432058513676,1.197327215138945
2026-01-28,-0.0004038467879502461,0.006794826754645378,-0.005682711434830234,-0.001239808448600832,-0.007339204104088282,0.0140210664132705,0.038773348494905324,-0.00010066990364987483,-0.0025983553614160604,0.007970230675164114,-0.007333543982172008,-0.010101057362842503,-0.0001886475760981554,0.0006367793124097965,-0.004883151070319003,-0.000499691698321425,0.0021133311436305085,1.1998575640318145
2026-01-29,0.00013463551312575817,-0.0051029032640497185,-0.008697117721876646,0.00010331959161513637,0.010327394236274934,0.006913550106095956,0.0027094717415592218,-0.0019843824489698125,0.013397792771085104,-0.015814519050582843,-0.0031753628548204516,-0.002308095749643191,0.010567985296390692,0.0023009328520915417,-0.0015283552847016324,0.003960189764035116,0.0005456086594805565,1.2005122167088935
2026-01-30,-0.00040395555930528015,-0.022170750877478218,-0.005765394716300221,-0.0009308945318621253,-0.004297771319856092,-0.02869049053378836,-0.10274245274560034,-0.0029825802604032114,0.00991555131482369,-0.020358074036764928,0.005981004584183713,0.01680268999101986,-0.0020541664223860945,-0.011331493845203378,0.003383806489109853,-0.020029087405747603,-0.010966213054440965,1.1873471439660046
2026-02-02,-0.001013658636387138,0.0030456905215423546,0.01453906536677363,-0.0002600265778390787,0.0019831797308029753,-0.011108367448276701,-0.04004945911975233,0.004971362130935519,-0.050181787664240085,0.009591253664102961,0.006139310550070665,0.011854841796729243,0.0110404223007039,0.006471684407160394,0.0036132232491785654,0.009652528548513395,-0.0011404270830179055,1.1859930611260818
2026-02-03,0.00027054873558074455,0.0053981056243874725,0.0064612224271838326,0.00020805943025203888,0.00919782187846363,-0.011488306593768316,0.06358720612372104,-0.00845539643070059,0.04402754906511808,-0.02189173066250938,-0.010212578283496532,0.016213050255408756,-0.00925411829162559,-0.011583945305554288,-0.003600214869111551,-0.007392687800634623,0.002167642945638492,1.1885638706186081
2026-02-04,-0.0004057650938922297,-0.013422806334599247,-0.00699587221498843,0.00041595263191007703,0.009344687998869228,-0.011621920164063493,-0.0007044119795716064,-0.004843921678897134,0.01393469579713269,-0.027871668516558534,0.012524286822446884,0.013042914654292082,0.008032884643780047,0.0012414907122462182,0.01461377293253463,-0.03665433593923062,-0.002711556430091986,1.1853410126126571
2026-02-05,0.0043300905202756645,-0.004591844579370119,-0.015582303017287913,0.0024948373955802072,-0.015887523415108573,-0.0018291009664730407,-0.026631707613677613,-0.012489211256201727,0.06148284941747906,-0.018027731844780126,-0.007626754154433479,-0.0008046867058651985,-0.012416571169626023,-0.011804376044495357,-0.005539702310273786,-0.011819423993406741,-0.0038408317319808235,1.180788317238196
2026-02-06,0.0001348640332368145,0.026311309544603256,0.009598442799227946,0.00259229505374714,0.03832756225599332,0.02670158213068019,0.03073229479090611,0.019184711840951385,-0.05894376557925263,0.04055149894562149,0.01853532965548288,0.011734978071195723,0.018202240370448708,0.02208387517851751,0.018939909314315218,0.0383401889374122,0.015367588362706495,1.1989341860410057
2026-02-09,0.00026938241529728124,0.00732476492332812,0.011842199362670947,0.0003102742615297416,0.021140932409283275,0.004589502793813427,0.02540290594406658,0.004821832103010459,-0.03692977649424223,0.0157301859554706,-0.008813641053039278,-0.005799432818645589,-0.005897524967250711,0.0019151787206033166,-0.0024991735070871712,0.015543043755745778,0.003024354214401403,1.2025601876993488
2026-02-10,0.002962923874458845,0.0014873600245308705,0.013846536551735289,0.0025847112334500544,0.01982689824122774,0.0032994225478035766,-0.009913720520981939,-0.002637160432080843,0.02142855964849133,-0.005580767476076165,-0.00633319758686246,-0.003202548076398637,-0.007230244708521738,-0.0020095482207632687,0.0010961428033249287,-0.009206432150691835,0.0014126871306939593,1.2042590290003965
2026-02-11,-0.0020142167675812894,0.01584163239838854,0.001869731920533635,0.0001031787916232485,0.009344820202374704,-0.001517772842056897,0.011310577541873812,-0.00023105881441631837,-0.0018402369127769047,0.0029463217113563367,0.0059228620234355045,0.014343086381115144,-0.015126005044518664,0.0008349362311632635,0.00875954071907925,0.0003528606864338091,0.002775809282927417,1.2076018223921448
2026-02-12,0.004574882423050486,-0.011371032282711413,-0.0021908199265375794,0.002784039050328424,-0.0063850001737457696,-0.020521949537365303,-0.03472828959819363,-0.0154488742279012,0.06157817199909621,-0.02629918496700312,-0.0016000000000000458,0.00916286815172307,-0.01990904471636612,-0.014966341152110707,-0.015041040384364823,-0.019400372369255625,-0.006598638175586621,1.199633294906
2026-02-13,0.0029465501521859228,0.004272072279423833,-0.003822080312576248,0.0017480439278161342,0.005140791618501117,-0.008535903198652273,0.024878663914389865,0.0007044854938154099,0.015977737750767718,0.0025141213120256634,0.010705116467598197,0.0033628859414485124,-0.0007737880033411582,0.00503136624560363,0.010075623806188316,0.0051159102115672095,0.003791972564251673,1.2041822714474464
2026-02-17,-0.0001334709330762518,-0.004090314207606749,0.0031836684869259724,0.002053021540172617,-0.021097450822921693,0.004956916713608095,-0.03117025433910059,0.0016134664707250224,-0.03350425785423339,-0.0005732432821310418,-0.0019027275654329712,-0.014635293897038548,0.010648581235471521,0.0024287354787670967,-0.00483177618976971,0.0006759894627994534,-0.0037323755023679394,1.19968781103711
2026-02-18,-0.0010685232709936043,0.00525710038507321,-0.0024412324293906495,0.00040981014222829515,-0.005333683231900421,0.005192127740464292,0.022489929267582198,0.005037758541617032,-0.00035373996179355327,0.010252423131440924,0.0019063548393352114,-0.0018140140391244008,0.0074712525660598494,0.006180750099370691,0.007204344025691034,0.007311788463251867,0.003702827115286709,1.2041300475936974
2026-02-19,0.00040109925753673004,-0.002451343594509603,-0.007749383935241716,-0.001126398565138187,-0.001969799853206111,-0.0028409247645567737,0.0027930496262249527,-0.0026374339404172664,0.025477682502587085,-0.004967688099141054,-0.0026003911135334956,-0.004202666319109261,-0.008366583484167078,-0.002260532154608419,-0.002954341145806727,-0.0007495552283511842,-0.001111777870953931,1.202791322453032
2026-02-20,-0.00013368024054671857,0.021297497011174782,0.009289684800131148,0.0010251034507888779,0.002960573262016153,0.0051800248582702935,0.019714504323102178,0.007231864589122949,-0.02104895488745262,0.004778533177825173,-0.0027978328754046933,0.002509424264834248,0.006519657576983473,0.006698523295668446,0.0023393358921466323,0.005842909324718315,0.004812468056892822,1.2085797172714452
2026-02-23,0.0021387606379250634,-0.011068312881297615,-0.0030951964145014,0.000614447904592863,-0.0008746237016183933,-0.003349679554628948,0.027015500392687075,-0.010211314710874664,0.03771588520168456,-0.016751849294118548,0.010967898747498817,0.012288108300770872,-0.033530235853516555,-0.010421324665991327,-0.007312899329255496,-0.019742530845100692,-0.002061577456004665,1.206088136572534
2026-02-24,-0.0005335490258264741,0.01573393969177239,-0.01094857704529062,-0.0006140705902054622,-0.0017506951940406967,-0.008014513206959117,-0.01385890426498504,0.00726845293039502,-0.03226904706881528,0.012994535058036272,-0.004226051452746682,0.008654564825241629,0.004928050507705173,0.008454494154704673,0.007366771789735438,0.009569583680212546,0.0007300770710128937,1.206968673866666
2026-02-25,-0.00026686586114643696,0.011018882995459611,-0.0026435331413199314,0.0009215934033777184,0.013263170447759043,0.0013030815338126445,-0.0025072627221415233,0.008438348943581309,-0.038961060697404015,0.01917037515827502,-0.00025333050845488536,-0.008134563683043994,0.017457814783051973,0.007256008677193115,-0.0018670890296447196,0.01681600639730596,0.0028254432659363315,1.2103788953784387
2026-02-26,0.0014683072724881452,-0.009477211748592507,-0.01590330278268448,-0.0006138037735724522,0.00043272300379593176,-0.02680892317505157,0.008575889154321725,-0.005554476391621099,0.012417829182225892,-0.013985036548647689,-0.0025977549094136076,-0.0016852210120086308,0.012145769830119946,-0.00316381856258241,0.005611864017028845,-0.005811674602932526,-0.003839392799590356,1.2057317753627466
2026-02-27,0.001999551982843073,-0.002072990835845112,-0.000252493728754577,0.0005119088010197004,-0.0011894529234280915,-0.0029419794636853513,0.01313141674919538,-0.004801943258527341,0.04256855463222564,-0.015956315776545327,0.01765975614047033,0.01294172313729347,-0.020380946568080316,0.00029298548400280566,0.0066656448209982955,-0.007571881524869095,0.0016044380398618876,1.2076662972890087
2026-03-02,-0.00402980902182859,-0.017257938629825165,0.055396547387417394,-0.003462611641044666,-0.023492537986528728,-0.010193059706563146,0.012919896640826822,0.0005685787823312971,0.012456768688700492,0.005621207914205062,-0.010424458182011431,-0.01444287324635607,-0.0025277283170102027,-0.001903698559962197,-0.0021558261753336083,0.0029253511109610386,-0.0017457654627627526,1.2055579951766588
2026-03-03,-0.0010718359017802825,-0.05008133058625508,-0.012284627536928827,-0.004536496769798171,-0.03736136619961594,-0.022764230836109234,-0.04461221500318879,-0.00881433848279567,0.04169512316511392,-0.014619416542107189,-0.011291195987611191,-0.010934519566159095,-0.0017543889654265676,-0.010661795637387561,-0.006481569513002383,-0.026369716618990235,-0.014103817702752774,1.1885550249825911
2026-03-04,-0.0006705394849830792,0.010783996711080546,0.016233259095335573,0.0033143416334509013,0.02026942842014856,0.004159670146123284,0.007818116439543887,0.007055308353084655,-0.033136490946539365,0.0170181551846591,0.001977781981175708,-0.006610374011641662,0.005662974432961265,0.0056849303160251274,0.0001553694899256719,0.01497914805345757,0.004484877894890044,1.193885549140996
2026-03-05,-0.002281650697432691,-0.024047386744995958,-0.00015897855972191177,-0.005058382154132679,-0.030477447340037656,-0.017398433287674986,-0.012017768242597704,-0.005575546846393831,0.06447239803693905,0.0024313239902344908,-0.019993628326219204,-0.020078016595595494,-0.005242727335216912,-0.008651242583553986,-0.006698926678894601,-0.014678344347914263,-0.007368082188239599,1.1850889022915736
2026-03-06,-0.0013451503772825557,-0.005379166537314739,-0.0007948372630286471,-0.006536597544835598,-0.013039966870892927,0.006745302175899859,0.01583250339069653,-0.013107135070836495,0.13707354844358344,-0.02061634712974081,-0.007861780813959385,0.00433198807309787,-0.01288307345909645,-0.014974162790870382,-0.004077765501530717,-0.022466903730041787,0.0009060253300997778,1.18616262285547
2026-03-09,0.002828651542501559,0.019713905689662248,-0.014477763965309087,0.0021932019266073244,0.01026309757030286,0.01842545653364347,-0.0020696732193965506,0.008760025013039074,-0.09503783469772664,0.01799112347216214,0.010216094235565132,0.0022149970169049737,-0.00474585456234633,0.010319188781816369,0.00031496783879791934,0.023852952225790425,0.0029778376204531868,1.1896948225377846
2026-03-10,-0.0030892644320583695,0.003934979285443507,-0.016546961513094538,-0.00010423235020717847,0.009574961474408061,0.0030153676461592838,0.01127967872100144,-0.0016071269053671289,0.0442998872135314,0.0,-0.007195647931274696,-0.002907991118415776,-0.005364602581776068,-0.002142440565959136,-0.008501273797792308,0.004206414262867497,0.0012687366463353515,1.1912042319570937
2026-03-11,-0.004446265502925373,0.0025562632089093373,-0.008453700018509758,-0.0032308240589208337,-0.008443161407228894,-0.005192638040903308,-0.003390104145245987,-0.0012551629285171284,-0.043013966250961544,0.004793919542638081,-0.0019587842306511005,-0.013182511277654796,-0.00838997147664211,-0.0037946751014156233,0.0006351368024466453,0.0020541061639427483,-0.005033055979405561,1.1852088343747489
2026-03-12,-0.0036540349884510714,-0.03195650194800492,-0.02574290765003273,-0.008364732924124207,-0.01796338335734815,-0.00659345242873588,-0.019653925633074443,-0.015184948869363502,0.0678860060555071,-0.018443327444090274,-0.01759896849192455,-0.004019344516017265,-0.016317436916863937,-0.01653971995260828,-0.009203456471623128,-0.019655129167723273,-0.010564225947800418,1.172688020453085
2026-03-13,-0.0009508243984338582,-0.00263391613466879,0.0018691692982784058,-0.004850264679827854,-0.009858674509866439,0.0022124400274412537,-0.012936961278600778,-0.005660109501006372,0.018867857671599708,-0.007544931179361392,-0.002464107398459814,0.005815998383021048,0.0012287027717372556,-0.005453062662216013,-0.003203026147355348,-0.001885983738798891,-0.0018309632982476073,1.1705408717273407
2026-03-16,0.003806917303590618,0.0278169340189669,0.009752387582564914,0.00392035131754187,0.020513424567565552,0.017660026490250225,-0.0008896876689684641,0.010176866111483163,-0.07521366109445515,0.014473652656205926,0.008144744478175259,0.002832257484238987,0.00838617002517128,0.00937738915777131,0.00514138313294632,0.013719999929735494,0.006673053092645801,1.178351953111489
2026-03-17,0.0020317150502333625,0.006337768501461172,0.022759713541768534,0.003693915294153971,0.00011757536459788831,0.0002711041551961557,-0.00251939204778584,0.00263055486997521,-0.014479338466134362,0.005476253880392079,-0.009072214866715167,-0.003294968199934245,0.005273877084261969,0.0016280389102232284,0.007352926380673752,0.006777304067397294,0.0023628002927735562,1.1811361634512911
2026-03-18,-0.004055191107661615,-0.020255295773769944,-0.0016422807542038065,-0.007781260522006228,-0.010930891927135922,-0.018704218978724096,-0.03163716142328721,-0.013953645387120184,0.08408879503920019,-0.011322822475889005,-0.016706762965764455,-0.024321105464177983,-0.011904764653736577,-0.01422187617998305,-0.013646471026732887,-0.008016719448197485,-0.00880983981482427,1.1707305430517891
2026-03-19,0.001085801177026724,0.0010423481091434983,0.010445769237865221,0.0028613463471807155,-0.0008318442490187206,-0.000276302099990966,-0.041215062676522196,-0.0024643404851918405,-0.02623990309701052,0.003406682654697457,-0.003602003408287091,-0.008107431920301278,0.00040842265193208327,0.0006698520279573295,0.0,0.0025178488602848326,-0.002589280120229086,1.1676991937305201
2026-03-20,-0.00799896895604002,-0.03436306107150355,-0.021733807098969993,-0.015639815814171842,-0.03425314962051751,-0.028460868150923524,-0.0305574415876555,-0.01433577587250423,0.06514660151370166,-0.02268294123949477,-0.008730637568843291,-0.008295721545067303,0.0018371126659391113,-0.011945869131433917,-0.00796330329954742,-0.02163167918936948,-0.014109399308526581,1.1512236595339316
2026-03-23,0.0038266883463680124,0.03001441412584338,0.0027458964071951364,0.009769146729021072,0.028940962953650784,0.006257145098347294,-0.02259421410703788,0.01050001924493782,-0.04559353166506175,0.012269966327801862,-0.003853282539999836,-0.001353187466018979,0.0038712025187570553,0.010735304419959624,0.0067299263661058095,0.012421331347012066,0.005858267727171231,1.1579678359453351
2026-03-24,-0.002586723211787212,-0.013784695456237062,-0.010870510038721859,-0.005103080374205593,-0.0032316488641379593,-0.0011306080926999362,0.00022274115430986896,-0.0033568497522664664,0.01980764503960475,-0.005841570424131914,0.00013807427700451846,-0.0008622775875963828,0.00020292919505404683,-0.0033513478046500733,0.0008054000577613074,0.004171392916120453,-0.0024236276847983177,1.155161353040032
2026-03-25,0.0038219870479418994,0.015923526254289166,0.010151063295685825,0.00908312093919017,0.01765131174651935,0.018675717163622485,0.030089336389747867,0.0055727589473859585,-0.021708036502982586,0.004480357236118282,0.010014588536969793,0.004931593180482086,0.0012175603647988087,0.004242069593812348,0.003701907907327495,0.006679153842515939,0.008246686970172567,1.164687607118594
2026-03-26,-0.005847162086246138,-0.03396024051593949,-0.01544722659066644,-0.01027217216528975,-0.024070807262859484,-0.029722213745117188,-0.0375939695290467,-0.017858744158138706,0.06919704910612445,-0.03114941999082199,-0.0034190370706965734,-0.004539353906084176,-0.005877602647557656,-0.020451274060183544,0.0006414514935189075,-0.03628928808036547,-0.014098532089379421,1.14826722151553
2026-03-27,0.0,-0.004867504089091312,-0.03930833860944605,-0.005456902859259594,-0.015475744087357524,-0.002290347276144522,0.03509384246336822,-0.017051883523327982,0.07618790270084119,-0.0194717119324882,-0.017016679654540345,0.007887594213244364,-0.02528028303887575,-0.014988119569849134,-0.010737211013764347,-0.01028509356441154,-0.004214868981314814,1.1434274256213037
2026-03-30,0.005060904711983394,-0.008152187621735973,-0.032136237179113625,0.0017213950227288333,0.0011051987910271066,0.004304204661308431,-0.00028942761329309175,-0.0033434623831846144,-0.006343567646991954,-0.018626833459452485,0.003909066305011644,0.0012227742188033464,0.011503853195197866,-0.0043245998152487974,0.0025919301571133424,-0.021165551198850108,-0.002650490034164237,1.1403967826249044
