date,FCI,REAL_RATE,T10Y2Y,T10YIE,VIX,DFII10,DGS2
2022-01-01,,,,,,,
2022-01-02,,,,,,,
2022-01-03,,-0.97,0.85,2.6,16.6,-0.97,0.78
2022-01-04,,-0.91,0.89,2.57,16.91,-0.91,0.77
2022-01-05,,-0.82,0.88,2.53,19.73,-0.82,0.83
2022-01-06,,-0.73,0.85,2.46,19.61,-0.73,0.88
2022-01-07,-0.562,-0.72,0.89,2.48,18.76,-0.72,0.87
2022-01-08,-0.562,-0.72,0.89,2.48,18.76,-0.72,0.87
2022-01-09,-0.562,-0.72,0.89,2.48,18.76,-0.72,0.87
2022-01-10,-0.562,-0.7,0.86,2.48,19.4,-0.7,0.92
2022-01-11,-0.562,-0.79,0.85,2.54,18.41,-0.79,0.9
2022-01-12,-0.562,-0.74,0.82,2.48,17.62,-0.74,0.92
2022-01-13,-0.562,-0.73,0.79,2.43,20.31,-0.73,0.91
2022-01-14,-0.562,-0.66,0.79,2.44,19.19,-0.66,0.99
2022-01-15,-0.562,-0.66,0.79,2.44,19.19,-0.66,0.99
2022-01-16,-0.562,-0.66,0.79,2.44,19.19,-0.66,0.99
2022-01-17,-0.562,-0.66,0.79,2.44,19.19,-0.66,0.99
2022-01-18,-0.562,-0.59,0.81,2.46,22.79,-0.59,1.06
2022-01-19,-0.562,-0.57,0.79,2.4,23.85,-0.57,1.04
2022-01-20,-0.562,-0.5,0.75,2.33,25.59,-0.5,1.08
2022-01-21,-0.556,-0.59,0.74,2.34,28.85,-0.59,1.01
2022-01-22,-0.556,-0.59,0.74,2.34,28.85,-0.59,1.01
2022-01-23,-0.556,-0.59,0.74,2.34,28.85,-0.59,1.01
2022-01-24,-0.556,-0.63,0.76,2.38,29.9,-0.63,0.99
2022-01-25,-0.556,-0.63,0.76,2.41,31.16,-0.63,1.02
2022-01-26,-0.556,-0.53,0.72,2.38,31.96,-0.53,1.13
2022-01-27,-0.556,-0.59,0.63,2.4,30.49,-0.59,1.18
2022-01-28,-0.542,-0.66,0.63,2.44,27.66,-0.66,1.15
2022-01-29,-0.542,-0.66,0.63,2.44,27.66,-0.66,1.15
2022-01-30,-0.542,-0.66,0.63,2.44,27.66,-0.66,1.15
2022-01-31,-0.542,-0.65,0.61,2.44,24.83,-0.65,1.18
2022-02-01,-0.542,-0.62,0.63,2.43,21.96,-0.62,1.18
2022-02-02,-0.542,-0.63,0.62,2.41,22.09,-0.63,1.16
2022-02-03,-0.542,-0.56,0.63,2.38,24.35,-0.56,1.19
2022-02-04,-0.523,-0.48,0.62,2.41,23.22,-0.48,1.31
2022-02-05,-0.523,-0.48,0.62,2.41,23.22,-0.48,1.31
2022-02-06,-0.523,-0.48,0.62,2.41,23.22,-0.48,1.31
2022-02-07,-0.523,-0.48,0.62,2.4,22.86,-0.48,1.3
2022-02-08,-0.523,-0.46,0.61,2.42,21.44,-0.46,1.35
2022-02-09,-0.523,-0.48,0.58,2.42,19.96,-0.48,1.36
2022-02-10,-0.523,-0.42,0.42,2.45,23.91,-0.42,1.61
2022-02-11,-0.498,-0.51,0.42,2.43,27.36,-0.51,1.5
2022-02-12,-0.498,-0.51,0.42,2.43,27.36,-0.51,1.5
2022-02-13,-0.498,-0.51,0.42,2.43,27.36,-0.51,1.5
2022-02-14,-0.498,-0.5,0.4,2.48,28.33,-0.5,1.58
2022-02-15,-0.498,-0.43,0.47,2.48,25.7,-0.43,1.58
2022-02-16,-0.498,-0.43,0.51,2.46,24.29,-0.43,1.52
2022-02-17,-0.498,-0.46,0.48,2.43,28.11,-0.46,1.49
2022-02-18,-0.468,-0.49,0.45,2.41,27.75,-0.49,1.47
2022-02-19,-0.468,-0.49,0.45,2.41,27.75,-0.49,1.47
2022-02-20,-0.468,-0.49,0.45,2.41,27.75,-0.49,1.47
2022-02-21,-0.468,-0.49,0.45,2.41,27.75,-0.49,1.47
2022-02-22,-0.468,-0.51,0.38,2.45,28.81,-0.51,1.56
2022-02-23,-0.468,-0.54,0.41,2.53,31.02,-0.54,1.58
2022-02-24,-0.468,-0.59,0.42,2.55,30.32,-0.59,1.54
2022-02-25,-0.439,-0.57,0.42,2.54,27.59,-0.57,1.55
2022-02-26,-0.439,-0.57,0.42,2.54,27.59,-0.57,1.55
2022-02-27,-0.439,-0.57,0.42,2.54,27.59,-0.57,1.55
2022-02-28,-0.439,-0.79,0.39,2.62,30.15,-0.79,1.44
2022-03-01,-0.439,-0.9,0.41,2.62,33.32,-0.9,1.31
2022-03-02,-0.439,-0.85,0.36,2.71,30.74,-0.85,1.5
2022-03-03,-0.439,-0.83,0.33,2.69,30.48,-0.83,1.53
2022-03-04,-0.412,-0.93,0.24,2.67,31.98,-0.93,1.5
2022-03-05,-0.412,-0.93,0.24,2.67,31.98,-0.93,1.5
2022-03-06,-0.412,-0.93,0.24,2.67,31.98,-0.93,1.5
2022-03-07,-0.412,-0.99,0.23,2.77,36.45,-0.99,1.55
2022-03-08,-0.412,-1.04,0.23,2.9,35.13,-1.04,1.63
2022-03-09,-0.412,-0.9,0.26,2.84,32.45,-0.9,1.68
2022-03-10,-0.412,-0.88,0.26,2.86,30.23,-0.88,1.72
2022-03-11,-0.391,-0.94,0.25,2.94,30.75,-0.94,1.75
2022-03-12,-0.391,-0.94,0.25,2.94,30.75,-0.94,1.75
2022-03-13,-0.391,-0.94,0.25,2.94,30.75,-0.94,1.75
2022-03-14,-0.391,-0.79,0.27,2.93,31.77,-0.79,1.87
2022-03-15,-0.391,-0.69,0.3,2.84,29.83,-0.69,1.85
2022-03-16,-0.391,-0.61,0.24,2.8,26.67,-0.61,1.95
2022-03-17,-0.391,-0.71,0.26,2.91,25.67,-0.71,1.94
2022-03-18,-0.379,-0.72,0.17,2.86,23.87,-0.72,1.97
2022-03-19,-0.379,-0.72,0.17,2.86,23.87,-0.72,1.97
2022-03-20,-0.379,-0.72,0.17,2.86,23.87,-0.72,1.97
2022-03-21,-0.379,-0.58,0.18,2.9,23.53,-0.58,2.14
2022-03-22,-0.379,-0.53,0.2,2.91,22.94,-0.53,2.18
2022-03-23,-0.379,-0.62,0.19,2.94,23.57,-0.62,2.13
2022-03-24,-0.379,-0.58,0.21,2.92,21.67,-0.58,2.13
2022-03-25,-0.373,-0.47,0.18,2.95,20.81,-0.47,2.3
2022-03-26,-0.373,-0.47,0.18,2.95,20.81,-0.47,2.3
2022-03-27,-0.373,-0.47,0.18,2.95,20.81,-0.47,2.3
2022-03-28,-0.373,-0.49,0.11,2.95,19.63,-0.49,2.35
2022-03-29,-0.373,-0.45,0.06,2.86,18.9,-0.45,2.35
2022-03-30,-0.373,-0.51,0.04,2.86,19.33,-0.51,2.31
2022-03-31,-0.373,-0.52,0.04,2.84,20.56,-0.52,2.28
2022-04-01,-0.371,-0.41,-0.05,2.8,19.63,-0.41,2.44
2022-04-02,-0.371,-0.41,-0.05,2.8,19.63,-0.41,2.44
2022-04-03,-0.371,-0.41,-0.05,2.8,19.63,-0.41,2.44
2022-04-04,-0.371,-0.38,-0.01,2.8,18.57,-0.38,2.43
2022-04-05,-0.371,-0.3,0.03,2.84,21.03,-0.3,2.51
2022-04-06,-0.371,-0.22,0.11,2.83,22.1,-0.22,2.5
2022-04-07,-0.371,-0.16,0.19,2.82,21.55,-0.16,2.47
2022-04-08,-0.368,-0.15,0.19,2.87,21.16,-0.15,2.53
2022-04-09,-0.368,-0.15,0.19,2.87,21.16,-0.15,2.53
2022-04-10,-0.368,-0.15,0.19,2.87,21.16,-0.15,2.53
2022-04-11,-0.368,-0.12,0.29,2.91,24.37,-0.12,2.5
2022-04-12,-0.368,-0.14,0.33,2.86,24.26,-0.14,2.39
2022-04-13,-0.368,-0.1,0.33,2.8,21.82,-0.1,2.37
2022-04-14,-0.368,-0.06,0.36,2.89,22.7,-0.06,2.47
2022-04-15,-0.361,-0.06,0.36,2.89,22.7,-0.06,2.47
2022-04-16,-0.361,-0.06,0.36,2.89,22.7,-0.06,2.47
2022-04-17,-0.361,-0.06,0.36,2.89,22.7,-0.06,2.47
2022-04-18,-0.361,-0.07,0.39,2.92,22.17,-0.07,2.46
2022-04-19,-0.361,0.0,0.32,2.93,21.37,0.0,2.61
2022-04-20,-0.361,-0.07,0.25,2.92,20.32,-0.07,2.6
2022-04-21,-0.361,-0.12,0.22,3.02,22.68,-0.12,2.68
2022-04-22,-0.351,-0.08,0.18,2.98,28.21,-0.08,2.72
2022-04-23,-0.351,-0.08,0.18,2.98,28.21,-0.08,2.72
2022-04-24,-0.351,-0.08,0.18,2.98,28.21,-0.08,2.72
2022-04-25,-0.351,-0.1,0.18,2.91,27.02,-0.1,2.63
2022-04-26,-0.351,-0.08,0.23,2.85,33.52,-0.08,2.54
2022-04-27,-0.351,-0.06,0.24,2.88,31.6,-0.06,2.58
2022-04-28,-0.351,-0.12,0.22,2.97,29.99,-0.12,2.63
2022-04-29,-0.336,0.01,0.19,2.88,33.4,0.01,2.7
2022-04-30,-0.336,0.01,0.19,2.88,33.4,0.01,2.7
2022-05-01,-0.336,0.01,0.19,2.88,33.4,0.01,2.7
2022-05-02,-0.336,0.18,0.26,2.81,32.34,0.18,2.73
2022-05-03,-0.336,0.14,0.19,2.83,29.25,0.14,2.78
2022-05-04,-0.336,0.07,0.27,2.86,25.42,0.07,2.66
2022-05-05,-0.336,0.18,0.34,2.87,31.2,0.18,2.71
2022-05-06,-0.319,0.26,0.4,2.86,30.19,0.26,2.72
2022-05-07,-0.319,0.26,0.4,2.86,30.19,0.26,2.72
2022-05-08,-0.319,0.26,0.4,2.86,30.19,0.26,2.72
2022-05-09,-0.319,0.3,0.44,2.75,34.75,0.3,2.61
2022-05-10,-0.319,0.34,0.37,2.65,32.99,0.34,2.62
2022-05-11,-0.319,0.21,0.25,2.7,32.56,0.21,2.66
2022-05-12,-0.319,0.25,0.28,2.59,31.77,0.25,2.56
2022-05-13,-0.3,0.24,0.32,2.69,28.87,0.24,2.61
2022-05-14,-0.3,0.24,0.32,2.69,28.87,0.24,2.61
2022-05-15,-0.3,0.24,0.32,2.69,28.87,0.24,2.61
2022-05-16,-0.3,0.2,0.3,2.68,27.47,0.2,2.58
2022-05-17,-0.3,0.27,0.27,2.71,26.1,0.27,2.71
2022-05-18,-0.3,0.17,0.21,2.72,30.96,0.17,2.68
2022-05-19,-0.3,0.25,0.21,2.59,29.35,0.25,2.63
2022-05-20,-0.281,0.23,0.18,2.55,29.43,0.23,2.6
2022-05-21,-0.281,0.23,0.18,2.55,29.43,0.23,2.6
2022-05-22,-0.281,0.23,0.18,2.55,29.43,0.23,2.6
2022-05-23,-0.281,0.26,0.21,2.6,28.48,0.26,2.65
2022-05-24,-0.281,0.21,0.26,2.55,29.45,0.21,2.5
2022-05-25,-0.281,0.19,0.27,2.56,28.37,0.19,2.48
2022-05-26,-0.281,0.13,0.29,2.62,27.5,0.13,2.46
2022-05-27,-0.259,0.11,0.27,2.63,25.72,0.11,2.47
2022-05-28,-0.259,0.11,0.27,2.63,25.72,0.11,2.47
2022-05-29,-0.259,0.11,0.27,2.63,25.72,0.11,2.47
2022-05-30,-0.259,0.11,0.27,2.63,26.54,0.11,2.47
2022-05-31,-0.259,0.21,0.32,2.64,26.19,0.21,2.53
2022-06-01,-0.259,0.29,0.28,2.65,25.69,0.29,2.66
2022-06-02,-0.259,0.26,0.27,2.66,24.72,0.26,2.65
2022-06-03,-0.236,0.22,0.3,2.74,24.79,0.22,2.66
2022-06-04,-0.236,0.22,0.3,2.74,24.79,0.22,2.66
2022-06-05,-0.236,0.22,0.3,2.74,24.79,0.22,2.66
2022-06-06,-0.236,0.28,0.31,2.76,25.07,0.28,2.73
2022-06-07,-0.236,0.25,0.23,2.73,24.02,0.25,2.75
2022-06-08,-0.236,0.28,0.25,2.75,23.96,0.28,2.78
2022-06-09,-0.236,0.29,0.21,2.75,26.09,0.29,2.83
2022-06-10,-0.212,0.39,0.09,2.76,27.75,0.39,3.06
2022-06-11,-0.212,0.39,0.09,2.76,27.75,0.39,3.06
2022-06-12,-0.212,0.39,0.09,2.76,27.75,0.39,3.06
2022-06-13,-0.212,0.69,0.03,2.74,34.02,0.69,3.4
2022-06-14,-0.212,0.89,0.04,2.6,32.69,0.89,3.45
2022-06-15,-0.212,0.63,0.13,2.7,29.62,0.63,3.2
2022-06-16,-0.212,0.66,0.14,2.62,32.95,0.66,3.14
2022-06-17,-0.188,0.67,0.08,2.58,31.13,0.67,3.17
2022-06-18,-0.188,0.67,0.08,2.58,31.13,0.67,3.17
2022-06-19,-0.188,0.67,0.08,2.58,31.13,0.67,3.17
2022-06-20,-0.188,0.67,0.08,2.58,31.03,0.67,3.17
2022-06-21,-0.188,0.7,0.1,2.61,30.19,0.7,3.21
2022-06-22,-0.188,0.62,0.1,2.54,28.95,0.62,3.06
2022-06-23,-0.188,0.59,0.08,2.5,29.05,0.59,3.01
2022-06-24,-0.173,0.57,0.09,2.56,27.23,0.57,3.04
2022-06-25,-0.173,0.57,0.09,2.56,27.23,0.57,3.04
2022-06-26,-0.173,0.57,0.09,2.56,27.23,0.57,3.04
2022-06-27,-0.173,0.65,0.12,2.55,26.95,0.65,3.08
2022-06-28,-0.173,0.72,0.1,2.48,28.36,0.72,3.1
2022-06-29,-0.173,0.74,0.04,2.36,28.16,0.74,3.06
2022-06-30,-0.173,0.65,0.06,2.33,28.71,0.65,2.92
2022-07-01,-0.167,0.54,0.04,2.34,26.7,0.54,2.84
2022-07-02,-0.167,0.54,0.04,2.34,26.7,0.54,2.84
2022-07-03,-0.167,0.54,0.04,2.34,26.7,0.54,2.84
2022-07-04,-0.167,0.54,0.04,2.34,27.53,0.54,2.84
2022-07-05,-0.167,0.52,0.0,2.3,27.54,0.52,2.82
2022-07-06,-0.167,0.64,-0.04,2.29,26.73,0.64,2.97
2022-07-07,-0.167,0.68,-0.02,2.33,26.08,0.68,3.03
2022-07-08,-0.17,0.72,-0.03,2.37,24.64,0.72,3.12
2022-07-09,-0.17,0.72,-0.03,2.37,24.64,0.72,3.12
2022-07-10,-0.17,0.72,-0.03,2.37,24.64,0.72,3.12
2022-07-11,-0.17,0.67,-0.08,2.32,26.17,0.67,3.07
2022-07-12,-0.17,0.64,-0.07,2.32,27.29,0.64,3.03
2022-07-13,-0.17,0.6,-0.22,2.31,26.82,0.6,3.13
2022-07-14,-0.17,0.62,-0.19,2.34,26.4,0.62,3.15
2022-07-15,-0.183,0.57,-0.2,2.36,24.23,0.57,3.13
2022-07-16,-0.183,0.57,-0.2,2.36,24.23,0.57,3.13
2022-07-17,-0.183,0.57,-0.2,2.36,24.23,0.57,3.13
2022-07-18,-0.183,0.59,-0.19,2.37,25.3,0.59,3.15
2022-07-19,-0.183,0.62,-0.22,2.39,24.5,0.62,3.23
2022-07-20,-0.183,0.66,-0.21,2.38,23.88,0.66,3.25
2022-07-21,-0.183,0.58,-0.19,2.33,23.11,0.58,3.1
2022-07-22,-0.202,0.43,-0.21,2.34,23.03,0.43,2.98
2022-07-23,-0.202,0.43,-0.21,2.34,23.03,0.43,2.98
2022-07-24,-0.202,0.43,-0.21,2.34,23.03,0.43,2.98
2022-07-25,-0.202,0.45,-0.19,2.36,23.36,0.45,3.0
2022-07-26,-0.202,0.45,-0.21,2.36,24.69,0.45,3.02
2022-07-27,-0.202,0.36,-0.18,2.42,23.24,0.36,2.96
2022-07-28,-0.202,0.2,-0.17,2.48,22.33,0.2,2.85
2022-07-29,-0.22,0.14,-0.22,2.53,21.33,0.14,2.89
2022-07-30,-0.22,0.14,-0.22,2.53,21.33,0.14,2.89
2022-07-31,-0.22,0.14,-0.22,2.53,21.33,0.14,2.89
2022-08-01,-0.22,0.09,-0.3,2.51,22.84,0.09,2.9
2022-08-02,-0.22,0.27,-0.31,2.48,23.93,0.27,3.06
2022-08-03,-0.22,0.23,-0.37,2.5,21.95,0.23,3.1
2022-08-04,-0.22,0.22,-0.35,2.46,21.44,0.22,3.03
2022-08-05,-0.233,0.37,-0.41,2.46,21.15,0.37,3.24
2022-08-06,-0.233,0.37,-0.41,2.46,21.15,0.37,3.24
2022-08-07,-0.233,0.37,-0.41,2.46,21.15,0.37,3.24
2022-08-08,-0.233,0.29,-0.44,2.48,21.29,0.29,3.21
2022-08-09,-0.233,0.33,-0.48,2.47,21.77,0.33,3.28
2022-08-10,-0.233,0.35,-0.45,2.43,19.74,0.35,3.23
2022-08-11,-0.233,0.4,-0.36,2.47,20.2,0.4,3.23
2022-08-12,-0.241,0.37,-0.41,2.47,19.53,0.37,3.25
2022-08-13,-0.241,0.37,-0.41,2.47,19.53,0.37,3.25
2022-08-14,-0.241,0.37,-0.41,2.47,19.53,0.37,3.25
2022-08-15,-0.241,0.35,-0.41,2.44,19.95,0.35,3.2
2022-08-16,-0.241,0.38,-0.43,2.44,19.69,0.38,3.25
2022-08-17,-0.241,0.43,-0.39,2.46,19.9,0.43,3.28
2022-08-18,-0.241,0.36,-0.34,2.52,19.56,0.36,3.22
2022-08-19,-0.239,0.43,-0.27,2.55,20.6,0.43,3.25
2022-08-20,-0.239,0.43,-0.27,2.55,20.6,0.43,3.25
2022-08-21,-0.239,0.43,-0.27,2.55,20.6,0.43,3.25
2022-08-22,-0.239,0.46,-0.29,2.57,23.8,0.46,3.32
2022-08-23,-0.239,0.47,-0.24,2.58,24.11,0.47,3.29
2022-08-24,-0.239,0.49,-0.25,2.62,22.82,0.49,3.36
2022-08-25,-0.239,0.43,-0.32,2.6,21.78,0.43,3.35
2022-08-26,-0.226,0.47,-0.33,2.57,25.56,0.47,3.37
2022-08-27,-0.226,0.47,-0.33,2.57,25.56,0.47,3.37
2022-08-28,-0.226,0.47,-0.33,2.57,25.56,0.47,3.37
2022-08-29,-0.226,0.54,-0.3,2.58,26.21,0.54,3.42
2022-08-30,-0.226,0.56,-0.35,2.55,26.21,0.56,3.46
2022-08-31,-0.226,0.67,-0.3,2.48,25.87,0.67,3.45
2022-09-01,-0.226,0.81,-0.25,2.45,25.56,0.81,3.51
2022-09-02,-0.205,0.73,-0.2,2.47,25.47,0.73,3.4
2022-09-03,-0.205,0.73,-0.2,2.47,25.47,0.73,3.4
2022-09-04,-0.205,0.73,-0.2,2.47,25.47,0.73,3.4
2022-09-05,-0.205,0.73,-0.2,2.47,25.99,0.73,3.4
2022-09-06,-0.205,0.85,-0.17,2.48,26.91,0.85,3.5
2022-09-07,-0.205,0.82,-0.18,2.45,24.64,0.82,3.45
2022-09-08,-0.205,0.88,-0.19,2.41,23.61,0.88,3.48
2022-09-09,-0.18,0.91,-0.23,2.42,22.79,0.91,3.56
2022-09-10,-0.18,0.91,-0.23,2.42,22.79,0.91,3.56
2022-09-11,-0.18,0.91,-0.23,2.42,22.79,0.91,3.56
2022-09-12,-0.18,0.95,-0.21,2.42,23.87,0.95,3.58
2022-09-13,-0.18,0.98,-0.33,2.44,27.27,0.98,3.75
2022-09-14,-0.18,0.95,-0.37,2.46,26.16,0.95,3.78
2022-09-15,-0.18,1.02,-0.42,2.43,26.27,1.02,3.87
2022-09-16,-0.152,1.07,-0.4,2.38,26.3,1.07,3.85
2022-09-17,-0.152,1.07,-0.4,2.38,26.3,1.07,3.85
2022-09-18,-0.152,1.07,-0.4,2.38,26.3,1.07,3.85
2022-09-19,-0.152,1.15,-0.46,2.34,25.76,1.15,3.95
2022-09-20,-0.152,1.17,-0.39,2.4,27.16,1.17,3.96
2022-09-21,-0.152,1.13,-0.51,2.38,27.99,1.13,4.02
2022-09-22,-0.152,1.29,-0.41,2.41,27.35,1.29,4.11
2022-09-23,-0.127,1.32,-0.51,2.37,29.92,1.32,4.2
2022-09-24,-0.127,1.32,-0.51,2.37,29.92,1.32,4.2
2022-09-25,-0.127,1.32,-0.51,2.37,29.92,1.32,4.2
2022-09-26,-0.127,1.56,-0.39,2.32,32.26,1.56,4.27
2022-09-27,-0.127,1.64,-0.33,2.33,32.6,1.64,4.3
2022-09-28,-0.127,1.39,-0.35,2.33,30.18,1.39,4.07
2022-09-29,-0.127,1.57,-0.4,2.19,31.84,1.57,4.16
2022-09-30,-0.108,1.68,-0.39,2.15,31.62,1.68,4.22
2022-10-01,-0.108,1.68,-0.39,2.15,31.62,1.68,4.22
2022-10-02,-0.108,1.68,-0.39,2.15,31.62,1.68,4.22
2022-10-03,-0.108,1.43,-0.45,2.24,30.1,1.43,4.12
2022-10-04,-0.108,1.38,-0.48,2.24,29.07,1.38,4.1
2022-10-05,-0.108,1.54,-0.39,2.22,28.55,1.54,4.15
2022-10-06,-0.108,1.61,-0.4,2.22,30.52,1.61,4.23
2022-10-07,-0.101,1.62,-0.41,2.27,31.36,1.62,4.3
2022-10-08,-0.101,1.62,-0.41,2.27,31.36,1.62,4.3
2022-10-09,-0.101,1.62,-0.41,2.27,31.36,1.62,4.3
2022-10-10,-0.101,1.62,-0.41,2.27,32.45,1.62,4.3
2022-10-11,-0.101,1.62,-0.37,2.31,33.63,1.62,4.3
2022-10-12,-0.101,1.62,-0.37,2.29,33.57,1.62,4.28
2022-10-13,-0.101,1.63,-0.5,2.34,31.94,1.63,4.47
2022-10-14,-0.102,1.59,-0.48,2.41,32.02,1.59,4.48
2022-10-15,-0.102,1.59,-0.48,2.41,32.02,1.59,4.48
2022-10-16,-0.102,1.59,-0.48,2.41,32.02,1.59,4.48
2022-10-17,-0.102,1.57,-0.43,2.45,31.37,1.57,4.45
2022-10-18,-0.102,1.6,-0.42,2.41,30.5,1.6,4.43
2022-10-19,-0.102,1.72,-0.41,2.42,30.76,1.72,4.55
2022-10-20,-0.102,1.73,-0.38,2.51,29.98,1.73,4.62
2022-10-21,-0.113,1.69,-0.28,2.52,29.69,1.69,4.49
2022-10-22,-0.113,1.69,-0.28,2.52,29.69,1.69,4.49
2022-10-23,-0.113,1.69,-0.28,2.52,29.69,1.69,4.49
2022-10-24,-0.113,1.66,-0.25,2.59,29.85,1.66,4.5
2022-10-25,-0.113,1.59,-0.32,2.51,28.46,1.59,4.42
2022-10-26,-0.113,1.6,-0.35,2.44,27.28,1.6,4.39
2022-10-27,-0.113,1.51,-0.34,2.45,27.39,1.51,4.3
2022-10-28,-0.128,1.51,-0.39,2.51,25.75,1.51,4.41
2022-10-29,-0.128,1.51,-0.39,2.51,25.75,1.51,4.41
2022-10-30,-0.128,1.51,-0.39,2.51,25.75,1.51,4.41
2022-10-31,-0.128,1.58,-0.41,2.52,25.88,1.58,4.51
2022-11-01,-0.128,1.56,-0.47,2.51,25.81,1.56,4.54
2022-11-02,-0.128,1.57,-0.51,2.53,25.86,1.57,4.61
2022-11-03,-0.128,1.74,-0.57,2.4,25.3,1.74,4.71
2022-11-04,-0.145,1.69,-0.49,2.48,24.55,1.69,4.66
2022-11-05,-0.145,1.69,-0.49,2.48,24.55,1.69,4.66
2022-11-06,-0.145,1.69,-0.49,2.48,24.55,1.69,4.66
2022-11-07,-0.145,1.69,-0.5,2.53,24.35,1.69,4.72
2022-11-08,-0.145,1.64,-0.53,2.5,25.54,1.64,4.67
2022-11-09,-0.145,1.7,-0.49,2.42,26.09,1.7,4.61
2022-11-10,-0.145,1.43,-0.52,2.39,23.53,1.43,4.34
2022-11-11,-0.162,1.43,-0.52,2.39,22.52,1.43,4.34
2022-11-12,-0.162,1.43,-0.52,2.39,22.52,1.43,4.34
2022-11-13,-0.162,1.43,-0.52,2.39,22.52,1.43,4.34
2022-11-14,-0.162,1.51,-0.52,2.37,23.73,1.51,4.4
2022-11-15,-0.162,1.45,-0.57,2.35,24.54,1.45,4.37
2022-11-16,-0.162,1.38,-0.68,2.29,24.11,1.38,4.35
2022-11-17,-0.162,1.49,-0.66,2.28,23.93,1.49,4.43
2022-11-18,-0.175,1.57,-0.69,2.25,23.12,1.57,4.51
2022-11-19,-0.175,1.57,-0.69,2.25,23.12,1.57,4.51
2022-11-20,-0.175,1.57,-0.69,2.25,23.12,1.57,4.51
2022-11-21,-0.175,1.52,-0.65,2.31,22.36,1.52,4.48
2022-11-22,-0.175,1.44,-0.71,2.32,21.29,1.44,4.47
2022-11-23,-0.175,1.39,-0.75,2.32,20.35,1.39,4.46
2022-11-24,-0.175,1.39,-0.75,2.32,20.42,1.39,4.46
2022-11-25,-0.183,1.36,-0.74,2.32,20.5,1.36,4.42
2022-11-26,-0.183,1.36,-0.74,2.32,20.5,1.36,4.42
2022-11-27,-0.183,1.36,-0.74,2.32,20.5,1.36,4.42
2022-11-28,-0.183,1.43,-0.77,2.26,22.21,1.43,4.46
2022-11-29,-0.183,1.5,-0.73,2.25,21.89,1.5,4.48
2022-11-30,-0.183,1.34,-0.7,2.34,20.58,1.34,4.38
2022-12-01,-0.183,1.17,-0.72,2.36,19.84,1.17,4.25
2022-12-02,-0.187,1.08,-0.77,2.43,19.06,1.08,4.28
2022-12-03,-0.187,1.08,-0.77,2.43,19.06,1.08,4.28
2022-12-04,-0.187,1.08,-0.77,2.43,19.06,1.08,4.28
2022-12-05,-0.187,1.21,-0.81,2.39,20.75,1.21,4.41
2022-12-06,-0.187,1.2,-0.83,2.31,22.17,1.2,4.34
2022-12-07,-0.187,1.16,-0.84,2.26,22.68,1.16,4.26
2022-12-08,-0.187,1.2,-0.83,2.28,22.29,1.2,4.31
2022-12-09,-0.191,1.31,-0.76,2.26,22.83,1.31,4.33
2022-12-10,-0.191,1.31,-0.76,2.26,22.83,1.31,4.33
2022-12-11,-0.191,1.31,-0.76,2.26,22.83,1.31,4.33
2022-12-12,-0.191,1.33,-0.78,2.28,25.0,1.33,4.39
2022-12-13,-0.191,1.27,-0.71,2.24,22.55,1.27,4.22
2022-12-14,-0.191,1.3,-0.74,2.19,21.14,1.3,4.23
2022-12-15,-0.191,1.28,-0.79,2.16,22.83,1.28,4.23
2022-12-16,-0.197,1.35,-0.69,2.13,22.62,1.35,4.17
2022-12-17,-0.197,1.35,-0.69,2.13,22.62,1.35,4.17
2022-12-18,-0.197,1.35,-0.69,2.13,22.62,1.35,4.17
2022-12-19,-0.197,1.42,-0.68,2.15,22.42,1.42,4.25
2022-12-20,-0.197,1.45,-0.56,2.24,21.48,1.45,4.25
2022-12-21,-0.197,1.41,-0.53,2.27,20.07,1.41,4.21
2022-12-22,-0.197,1.48,-0.57,2.19,21.97,1.48,4.24
2022-12-23,-0.207,1.55,-0.56,2.2,20.87,1.55,4.31
2022-12-24,-0.207,1.55,-0.56,2.2,20.87,1.55,4.31
2022-12-25,-0.207,1.55,-0.56,2.2,20.87,1.55,4.31
2022-12-26,-0.207,1.55,-0.56,2.2,20.87,1.55,4.31
2022-12-27,-0.207,1.58,-0.48,2.26,21.65,1.58,4.32
2022-12-28,-0.207,1.6,-0.43,2.28,22.14,1.6,4.31
2022-12-29,-0.207,1.56,-0.51,2.27,21.44,1.56,4.34
2022-12-30,-0.225,1.58,-0.53,2.3,21.67,1.58,4.41
2022-12-31,-0.225,1.58,-0.53,2.3,21.67,1.58,4.41
2023-01-01,-0.225,1.58,-0.53,2.3,21.67,1.58,4.41
2023-01-02,-0.225,1.58,-0.53,2.3,21.67,1.58,4.41
2023-01-03,-0.225,1.53,-0.61,2.26,22.9,1.53,4.4
2023-01-04,-0.225,1.47,-0.67,2.22,22.01,1.47,4.36
2023-01-05,-0.225,1.49,-0.74,2.22,22.46,1.49,4.45
2023-01-06,-0.247,1.34,-0.69,2.21,21.13,1.34,4.24
2023-01-07,-0.247,1.34,-0.69,2.21,21.13,1.34,4.24
2023-01-08,-0.247,1.34,-0.69,2.21,21.13,1.34,4.24
2023-01-09,-0.247,1.31,-0.66,2.22,21.97,1.31,4.19
2023-01-10,-0.247,1.37,-0.63,2.24,20.58,1.37,4.24
2023-01-11,-0.247,1.31,-0.66,2.23,21.09,1.31,4.2
2023-01-12,-0.247,1.22,-0.69,2.21,18.83,1.22,4.12
2023-01-13,-0.272,1.31,-0.73,2.18,18.35,1.31,4.22
2023-01-14,-0.272,1.31,-0.73,2.18,18.35,1.31,4.22
2023-01-15,-0.272,1.31,-0.73,2.18,18.35,1.31,4.22
2023-01-16,-0.272,1.31,-0.73,2.18,19.49,1.31,4.22
2023-01-17,-0.272,1.36,-0.65,2.17,19.36,1.36,4.18
2023-01-18,-0.272,1.25,-0.69,2.12,20.34,1.25,4.06
2023-01-19,-0.272,1.19,-0.7,2.2,20.52,1.19,4.09
2023-01-20,-0.293,1.25,-0.66,2.23,19.85,1.25,4.14
2023-01-21,-0.293,1.25,-0.66,2.23,19.85,1.25,4.14
2023-01-22,-0.293,1.25,-0.66,2.23,19.85,1.25,4.14
2023-01-23,-0.293,1.24,-0.69,2.28,19.81,1.24,4.21
2023-01-24,-0.293,1.19,-0.66,2.27,19.2,1.19,4.12
2023-01-25,-0.293,1.17,-0.65,2.29,19.08,1.17,4.11
2023-01-26,-0.293,1.16,-0.68,2.33,18.73,1.16,4.17
2023-01-27,-0.309,1.19,-0.67,2.33,18.51,1.19,4.19
2023-01-28,-0.309,1.19,-0.67,2.33,18.51,1.19,4.19
2023-01-29,-0.309,1.19,-0.67,2.33,18.51,1.19,4.19
2023-01-30,-0.309,1.26,-0.7,2.29,19.94,1.26,4.25
2023-01-31,-0.309,1.28,-0.69,2.24,19.4,1.28,4.21
2023-02-01,-0.309,1.14,-0.7,2.25,17.87,1.14,4.09
2023-02-02,-0.309,1.18,-0.69,2.22,18.73,1.18,4.09
2023-02-03,-0.316,1.31,-0.77,2.22,18.33,1.31,4.3
2023-02-04,-0.316,1.31,-0.77,2.22,18.33,1.31,4.3
2023-02-05,-0.316,1.31,-0.77,2.22,18.33,1.31,4.3
2023-02-06,-0.316,1.38,-0.81,2.25,19.43,1.38,4.44
2023-02-07,-0.316,1.36,-0.8,2.31,18.66,1.36,4.47
2023-02-08,-0.316,1.29,-0.82,2.34,19.63,1.29,4.45
2023-02-09,-0.316,1.34,-0.81,2.33,20.71,1.34,4.48
2023-02-10,-0.312,1.41,-0.76,2.33,20.53,1.41,4.5
2023-02-11,-0.312,1.41,-0.76,2.33,20.53,1.41,4.5
2023-02-12,-0.312,1.41,-0.76,2.33,20.53,1.41,4.5
2023-02-13,-0.312,1.41,-0.8,2.31,20.34,1.41,4.52
2023-02-14,-0.312,1.46,-0.83,2.31,18.91,1.46,4.6
2023-02-15,-0.312,1.46,-0.81,2.35,18.23,1.46,4.62
2023-02-16,-0.312,1.49,-0.76,2.37,20.17,1.49,4.62
2023-02-17,-0.298,1.46,-0.78,2.36,20.02,1.46,4.6
2023-02-18,-0.298,1.46,-0.78,2.36,20.02,1.46,4.6
2023-02-19,-0.298,1.46,-0.78,2.36,20.02,1.46,4.6
2023-02-20,-0.298,1.46,-0.78,2.36,21.23,1.46,4.6
2023-02-21,-0.298,1.53,-0.72,2.42,22.87,1.53,4.67
2023-02-22,-0.298,1.52,-0.73,2.41,22.29,1.52,4.66
2023-02-23,-0.298,1.49,-0.78,2.39,21.14,1.49,4.66
2023-02-24,-0.272,1.57,-0.83,2.38,21.67,1.57,4.78
2023-02-25,-0.272,1.57,-0.83,2.38,21.67,1.57,4.78
2023-02-26,-0.272,1.57,-0.83,2.38,21.67,1.57,4.78
2023-02-27,-0.272,1.56,-0.86,2.36,20.95,1.56,4.78
2023-02-28,-0.272,1.49,-0.89,2.43,20.7,1.49,4.81
2023-03-01,-0.272,1.57,-0.88,2.44,20.58,1.57,4.89
2023-03-02,-0.272,1.6,-0.81,2.48,19.59,1.6,4.89
2023-03-03,-0.241,1.45,-0.89,2.52,18.49,1.45,4.86
2023-03-04,-0.241,1.45,-0.89,2.52,18.49,1.45,4.86
2023-03-05,-0.241,1.45,-0.89,2.52,18.49,1.45,4.86
2023-03-06,-0.241,1.49,-0.91,2.49,18.61,1.49,4.89
2023-03-07,-0.241,1.59,-1.03,2.38,19.59,1.59,5.0
2023-03-08,-0.241,1.66,-1.07,2.32,19.11,1.66,5.05
2023-03-09,-0.241,1.63,-0.97,2.3,22.61,1.63,4.9
2023-03-10,-0.209,1.44,-0.9,2.26,24.8,1.44,4.6
2023-03-11,-0.209,1.44,-0.9,2.26,24.8,1.44,4.6
2023-03-12,-0.209,1.44,-0.9,2.26,24.8,1.44,4.6
2023-03-13,-0.209,1.31,-0.48,2.24,26.52,1.31,4.03
2023-03-14,-0.209,1.33,-0.56,2.31,23.73,1.33,4.2
2023-03-15,-0.209,1.22,-0.42,2.29,26.14,1.22,3.93
2023-03-16,-0.209,1.34,-0.58,2.22,22.99,1.34,4.14
2023-03-17,-0.178,1.29,-0.42,2.1,25.51,1.29,3.81
2023-03-18,-0.178,1.29,-0.42,2.1,25.51,1.29,3.81
2023-03-19,-0.178,1.29,-0.42,2.1,25.51,1.29,3.81
2023-03-20,-0.178,1.33,-0.45,2.14,24.15,1.33,3.92
2023-03-21,-0.178,1.36,-0.58,2.23,21.38,1.36,4.17
2023-03-22,-0.178,1.2,-0.48,2.28,22.26,1.2,3.96
2023-03-23,-0.178,1.19,-0.38,2.19,22.61,1.19,3.76
2023-03-24,-0.159,1.16,-0.38,2.22,21.74,1.16,3.76
2023-03-25,-0.159,1.16,-0.38,2.22,21.74,1.16,3.76
2023-03-26,-0.159,1.16,-0.38,2.22,21.74,1.16,3.76
2023-03-27,-0.159,1.29,-0.41,2.24,20.6,1.29,3.94
2023-03-28,-0.159,1.24,-0.47,2.31,19.97,1.24,4.02
2023-03-29,-0.159,1.24,-0.51,2.33,19.12,1.24,4.08
2023-03-30,-0.159,1.21,-0.55,2.34,19.02,1.21,4.1
2023-03-31,-0.155,1.16,-0.58,2.32,18.7,1.16,4.06
2023-04-01,-0.155,1.16,-0.58,2.32,18.7,1.16,4.06
2023-04-02,-0.155,1.16,-0.58,2.32,18.7,1.16,4.06
2023-04-03,-0.155,1.14,-0.54,2.29,18.55,1.14,3.97
2023-04-04,-0.155,1.1,-0.49,2.25,19.0,1.1,3.84
2023-04-05,-0.155,1.07,-0.49,2.23,19.08,1.07,3.79
2023-04-06,-0.155,1.06,-0.52,2.24,18.4,1.06,3.82
2023-04-07,-0.158,1.14,-0.58,2.25,18.4,1.14,3.97
2023-04-08,-0.158,1.14,-0.58,2.25,18.4,1.14,3.97
2023-04-09,-0.158,1.14,-0.58,2.25,18.4,1.14,3.97
2023-04-10,-0.158,1.14,-0.59,2.27,18.97,1.14,4.0
2023-04-11,-0.158,1.14,-0.6,2.29,19.1,1.14,4.03
2023-04-12,-0.158,1.14,-0.54,2.27,19.09,1.14,3.95
2023-04-13,-0.158,1.16,-0.51,2.29,17.8,1.16,3.96
2023-04-14,-0.169,1.22,-0.56,2.3,17.07,1.22,4.08
2023-04-15,-0.169,1.22,-0.56,2.3,17.07,1.22,4.08
2023-04-16,-0.169,1.22,-0.56,2.3,17.07,1.22,4.08
2023-04-17,-0.169,1.28,-0.58,2.32,16.95,1.28,4.18
2023-04-18,-0.169,1.3,-0.61,2.28,16.83,1.3,4.19
2023-04-19,-0.169,1.32,-0.64,2.28,16.46,1.32,4.24
2023-04-20,-0.169,1.28,-0.6,2.26,17.17,1.28,4.14
2023-04-21,-0.182,1.29,-0.6,2.28,16.77,1.29,4.17
2023-04-22,-0.182,1.29,-0.6,2.28,16.77,1.29,4.17
2023-04-23,-0.182,1.29,-0.6,2.28,16.77,1.29,4.17
2023-04-24,-0.182,1.24,-0.6,2.28,16.89,1.24,4.12
2023-04-25,-0.182,1.15,-0.46,2.25,18.76,1.15,3.86
2023-04-26,-0.182,1.18,-0.47,2.25,18.84,1.18,3.9
2023-04-27,-0.182,1.26,-0.54,2.27,17.03,1.26,4.07
2023-04-28,-0.193,1.26,-0.6,2.18,15.78,1.26,4.04
2023-04-29,-0.193,1.26,-0.6,2.18,15.78,1.26,4.04
2023-04-30,-0.193,1.26,-0.6,2.18,15.78,1.26,4.04
2023-05-01,-0.193,1.36,-0.55,2.23,16.08,1.36,4.14
2023-05-02,-0.193,1.24,-0.53,2.2,17.78,1.24,3.97
2023-05-03,-0.193,1.18,-0.51,2.2,18.34,1.18,3.89
2023-05-04,-0.193,1.18,-0.38,2.19,20.09,1.18,3.75
2023-05-05,-0.202,1.23,-0.48,2.21,17.19,1.23,3.92
2023-05-06,-0.202,1.23,-0.48,2.21,17.19,1.23,3.92
2023-05-07,-0.202,1.23,-0.48,2.21,17.19,1.23,3.92
2023-05-08,-0.202,1.29,-0.48,2.23,16.98,1.29,4.0
2023-05-09,-0.202,1.3,-0.48,2.23,17.71,1.3,4.01
2023-05-10,-0.202,1.26,-0.47,2.17,16.94,1.26,3.9
2023-05-11,-0.202,1.23,-0.5,2.16,16.93,1.23,3.89
2023-05-12,-0.209,1.28,-0.52,2.18,17.03,1.28,3.98
2023-05-13,-0.209,1.28,-0.52,2.18,17.03,1.28,3.98
2023-05-14,-0.209,1.28,-0.52,2.18,17.03,1.28,3.98
2023-05-15,-0.209,1.31,-0.49,2.19,17.12,1.31,3.99
2023-05-16,-0.209,1.35,-0.52,2.19,17.99,1.35,4.06
2023-05-17,-0.209,1.35,-0.55,2.22,16.87,1.35,4.12
2023-05-18,-0.209,1.42,-0.59,2.23,16.05,1.42,4.24
2023-05-19,-0.213,1.46,-0.58,2.24,16.81,1.46,4.28
2023-05-20,-0.213,1.46,-0.58,2.24,16.81,1.46,4.28
2023-05-21,-0.213,1.46,-0.58,2.24,16.81,1.46,4.28
2023-05-22,-0.213,1.48,-0.57,2.24,17.21,1.48,4.29
2023-05-23,-0.213,1.44,-0.56,2.26,18.53,1.44,4.26
2023-05-24,-0.213,1.48,-0.58,2.25,20.03,1.48,4.31
2023-05-25,-0.213,1.58,-0.67,2.25,19.14,1.58,4.5
2023-05-26,-0.215,1.57,-0.74,2.23,17.95,1.57,4.54
2023-05-27,-0.215,1.57,-0.74,2.23,17.95,1.57,4.54
2023-05-28,-0.215,1.57,-0.74,2.23,17.95,1.57,4.54
2023-05-29,-0.215,1.57,-0.74,2.23,17.46,1.57,4.54
2023-05-30,-0.215,1.47,-0.77,2.22,17.46,1.47,4.46
2023-05-31,-0.215,1.46,-0.76,2.18,17.94,1.46,4.4
2023-06-01,-0.215,1.45,-0.72,2.16,15.65,1.45,4.33
2023-06-02,-0.216,1.51,-0.81,2.18,14.6,1.51,4.5
2023-06-03,-0.216,1.51,-0.81,2.18,14.6,1.51,4.5
2023-06-04,-0.216,1.51,-0.81,2.18,14.6,1.51,4.5
2023-06-05,-0.216,1.5,-0.77,2.19,14.73,1.5,4.46
2023-06-06,-0.216,1.5,-0.81,2.2,13.96,1.5,4.51
2023-06-07,-0.216,1.58,-0.77,2.21,13.94,1.58,4.56
2023-06-08,-0.216,1.53,-0.79,2.2,13.65,1.53,4.52
2023-06-09,-0.217,1.55,-0.84,2.2,13.83,1.55,4.59
2023-06-10,-0.217,1.55,-0.84,2.2,13.83,1.55,4.59
2023-06-11,-0.217,1.55,-0.84,2.2,13.83,1.55,4.59
2023-06-12,-0.217,1.56,-0.82,2.17,15.01,1.56,4.55
2023-06-13,-0.217,1.64,-0.83,2.2,14.61,1.64,4.67
2023-06-14,-0.217,1.62,-0.91,2.21,13.88,1.62,4.74
2023-06-15,-0.217,1.51,-0.9,2.21,14.5,1.51,4.62
2023-06-16,-0.219,1.55,-0.93,2.22,13.54,1.55,4.7
2023-06-17,-0.219,1.55,-0.93,2.22,13.54,1.55,4.7
2023-06-18,-0.219,1.55,-0.93,2.22,13.54,1.55,4.7
2023-06-19,-0.219,1.55,-0.93,2.22,14.19,1.55,4.7
2023-06-20,-0.219,1.52,-0.94,2.22,13.88,1.52,4.68
2023-06-21,-0.219,1.51,-0.96,2.21,13.2,1.51,4.68
2023-06-22,-0.219,1.56,-0.97,2.24,12.91,1.56,4.77
2023-06-23,-0.223,1.53,-0.97,2.21,13.44,1.53,4.71
2023-06-24,-0.223,1.53,-0.97,2.21,13.44,1.53,4.71
2023-06-25,-0.223,1.53,-0.97,2.21,13.44,1.53,4.71
2023-06-26,-0.223,1.54,-0.93,2.18,14.25,1.54,4.65
2023-06-27,-0.223,1.57,-0.97,2.2,13.74,1.57,4.74
2023-06-28,-0.223,1.53,-1.0,2.18,13.43,1.53,4.71
2023-06-29,-0.223,1.65,-1.02,2.2,13.54,1.65,4.87
2023-06-30,-0.23,1.59,-1.06,2.22,13.59,1.59,4.87
2023-07-01,-0.23,1.59,-1.06,2.22,13.59,1.59,4.87
2023-07-02,-0.23,1.59,-1.06,2.22,13.59,1.59,4.87
2023-07-03,-0.23,1.61,-1.08,2.25,13.57,1.61,4.94
2023-07-04,-0.23,1.61,-1.08,2.25,13.7,1.61,4.94
2023-07-05,-0.23,1.69,-0.99,2.26,14.18,1.69,4.94
2023-07-06,-0.23,1.78,-0.94,2.27,15.44,1.78,4.99
2023-07-07,-0.238,1.79,-0.88,2.27,14.83,1.79,4.94
2023-07-08,-0.238,1.79,-0.88,2.27,14.83,1.79,4.94
2023-07-09,-0.238,1.79,-0.88,2.27,14.83,1.79,4.94
2023-07-10,-0.238,1.76,-0.84,2.25,15.07,1.76,4.85
2023-07-11,-0.238,1.75,-0.89,2.24,14.84,1.75,4.88
2023-07-12,-0.238,1.6,-0.86,2.26,13.54,1.6,4.72
2023-07-13,-0.238,1.52,-0.83,2.24,13.61,1.52,4.59
2023-07-14,-0.251,1.59,-0.91,2.24,13.34,1.59,4.74
2023-07-15,-0.251,1.59,-0.91,2.24,13.34,1.59,4.74
2023-07-16,-0.251,1.59,-0.91,2.24,13.34,1.59,4.74
2023-07-17,-0.251,1.56,-0.93,2.25,13.48,1.56,4.74
2023-07-18,-0.251,1.57,-0.94,2.23,13.3,1.57,4.74
2023-07-19,-0.251,1.53,-0.99,2.22,13.76,1.53,4.74
2023-07-20,-0.251,1.5,-0.95,2.35,13.99,1.5,4.8
2023-07-21,-0.266,1.49,-0.98,2.35,13.6,1.49,4.82
2023-07-22,-0.266,1.49,-0.98,2.35,13.6,1.49,4.82
2023-07-23,-0.266,1.49,-0.98,2.35,13.6,1.49,4.82
2023-07-24,-0.266,1.48,-0.95,2.38,13.91,1.48,4.81
2023-07-25,-0.266,1.52,-0.94,2.39,13.86,1.52,4.85
2023-07-26,-0.266,1.5,-0.96,2.36,13.19,1.5,4.82
2023-07-27,-0.266,1.64,-0.9,2.37,14.41,1.64,4.91
2023-07-28,-0.282,1.58,-0.91,2.38,13.33,1.58,4.87
2023-07-29,-0.282,1.58,-0.91,2.38,13.33,1.58,4.87
2023-07-30,-0.282,1.58,-0.91,2.38,13.33,1.58,4.87
2023-07-31,-0.282,1.6,-0.91,2.37,13.63,1.6,4.88
2023-08-01,-0.282,1.68,-0.87,2.37,13.93,1.68,4.92
2023-08-02,-0.282,1.72,-0.8,2.36,16.09,1.72,4.88
2023-08-03,-0.282,1.83,-0.7,2.37,15.92,1.83,4.9
2023-08-04,-0.3,1.67,-0.73,2.38,17.1,1.67,4.78
2023-08-05,-0.3,1.67,-0.73,2.38,17.1,1.67,4.78
2023-08-06,-0.3,1.67,-0.73,2.38,17.1,1.67,4.78
2023-08-07,-0.3,1.68,-0.67,2.41,15.77,1.68,4.76
2023-08-08,-0.3,1.66,-0.72,2.36,15.99,1.66,4.74
2023-08-09,-0.3,1.66,-0.79,2.34,15.96,1.66,4.79
2023-08-10,-0.3,1.76,-0.73,2.33,15.85,1.76,4.82
2023-08-11,-0.315,1.8,-0.73,2.36,14.84,1.8,4.89
2023-08-12,-0.315,1.8,-0.73,2.36,14.84,1.8,4.89
2023-08-13,-0.315,1.8,-0.73,2.36,14.84,1.8,4.89
2023-08-14,-0.315,1.83,-0.77,2.36,14.82,1.83,4.96
2023-08-15,-0.315,1.89,-0.71,2.32,16.46,1.89,4.92
2023-08-16,-0.315,1.96,-0.69,2.32,16.78,1.96,4.97
2023-08-17,-0.315,1.97,-0.64,2.33,17.89,1.97,4.94
2023-08-18,-0.328,1.94,-0.66,2.32,17.3,1.94,4.92
2023-08-19,-0.328,1.94,-0.66,2.32,17.3,1.94,4.92
2023-08-20,-0.328,1.94,-0.66,2.32,17.3,1.94,4.92
2023-08-21,-0.328,2.0,-0.63,2.34,17.13,2.0,4.97
2023-08-22,-0.328,1.99,-0.68,2.35,16.97,1.99,5.02
2023-08-23,-0.328,1.84,-0.76,2.35,15.98,1.84,4.95
2023-08-24,-0.328,1.91,-0.75,2.32,17.2,1.91,4.98
2023-08-25,-0.336,1.92,-0.78,2.33,15.68,1.92,5.03
2023-08-26,-0.336,1.92,-0.78,2.33,15.68,1.92,5.03
2023-08-27,-0.336,1.92,-0.78,2.33,15.68,1.92,5.03
2023-08-28,-0.336,1.9,-0.78,2.3,15.08,1.9,4.98
2023-08-29,-0.336,1.83,-0.75,2.29,14.45,1.83,4.87
2023-08-30,-0.336,1.86,-0.78,2.26,13.88,1.86,4.9
2023-08-31,-0.336,1.85,-0.76,2.24,13.57,1.85,4.85
2023-09-01,-0.342,1.92,-0.69,2.26,13.09,1.92,4.87
2023-09-02,-0.342,1.92,-0.69,2.26,13.09,1.92,4.87
2023-09-03,-0.342,1.92,-0.69,2.26,13.09,1.92,4.87
2023-09-04,-0.342,1.92,-0.69,2.26,13.82,1.92,4.87
2023-09-05,-0.342,1.98,-0.67,2.29,14.01,1.98,4.94
2023-09-06,-0.342,2.0,-0.71,2.3,14.45,2.0,5.01
2023-09-07,-0.342,1.95,-0.67,2.32,14.4,1.95,4.94
2023-09-08,-0.342,1.93,-0.72,2.33,13.84,1.93,4.98
2023-09-09,-0.342,1.93,-0.72,2.33,13.84,1.93,4.98
2023-09-10,-0.342,1.93,-0.72,2.33,13.84,1.93,4.98
2023-09-11,-0.342,1.94,-0.68,2.35,13.8,1.94,4.97
2023-09-12,-0.342,1.93,-0.71,2.34,14.23,1.93,4.98
2023-09-13,-0.342,1.9,-0.71,2.35,13.48,1.9,4.96
2023-09-14,-0.342,1.95,-0.71,2.34,12.82,1.95,5.0
2023-09-15,-0.337,1.98,-0.69,2.35,13.79,1.98,5.02
2023-09-16,-0.337,1.98,-0.69,2.35,13.79,1.98,5.02
2023-09-17,-0.337,1.98,-0.69,2.35,13.79,1.98,5.02
2023-09-18,-0.337,1.96,-0.73,2.36,14.0,1.96,5.05
2023-09-19,-0.337,2.0,-0.71,2.37,14.11,2.0,5.08
2023-09-20,-0.337,2.0,-0.77,2.35,15.14,2.0,5.12
2023-09-21,-0.337,2.11,-0.63,2.38,17.54,2.11,5.12
2023-09-22,-0.328,2.07,-0.66,2.37,17.2,2.07,5.1
2023-09-23,-0.328,2.07,-0.66,2.37,17.2,2.07,5.1
2023-09-24,-0.328,2.07,-0.66,2.37,17.2,2.07,5.1
2023-09-25,-0.328,2.18,-0.54,2.37,16.9,2.18,5.09
2023-09-26,-0.328,2.23,-0.48,2.33,18.94,2.23,5.04
2023-09-27,-0.328,2.27,-0.49,2.34,18.22,2.27,5.1
2023-09-28,-0.328,2.2,-0.45,2.39,17.34,2.2,5.04
2023-09-29,-0.316,2.24,-0.44,2.35,17.52,2.24,5.03
2023-09-30,-0.316,2.24,-0.44,2.35,17.52,2.24,5.03
2023-10-01,-0.316,2.24,-0.44,2.35,17.52,2.24,5.03
2023-10-02,-0.316,2.34,-0.43,2.35,17.61,2.34,5.12
2023-10-03,-0.316,2.45,-0.34,2.36,19.78,2.45,5.15
2023-10-04,-0.316,2.4,-0.32,2.33,18.58,2.4,5.05
2023-10-05,-0.316,2.41,-0.31,2.31,18.49,2.41,5.03
2023-10-06,-0.305,2.47,-0.3,2.31,17.45,2.47,5.08
2023-10-07,-0.305,2.47,-0.3,2.31,17.45,2.47,5.08
2023-10-08,-0.305,2.47,-0.3,2.31,17.45,2.47,5.08
2023-10-09,-0.305,2.47,-0.3,2.31,17.7,2.47,5.08
2023-10-10,-0.305,2.34,-0.3,2.32,17.03,2.34,4.96
2023-10-11,-0.305,2.26,-0.41,2.32,16.09,2.26,4.99
2023-10-12,-0.305,2.36,-0.36,2.34,16.69,2.36,5.06
2023-10-13,-0.295,2.29,-0.41,2.34,19.32,2.29,5.04
2023-10-14,-0.295,2.29,-0.41,2.34,19.32,2.29,5.04
2023-10-15,-0.295,2.29,-0.41,2.34,19.32,2.29,5.04
2023-10-16,-0.295,2.33,-0.38,2.38,17.21,2.33,5.09
2023-10-17,-0.295,2.42,-0.36,2.41,17.88,2.42,5.19
2023-10-18,-0.295,2.47,-0.28,2.44,19.22,2.47,5.19
2023-10-19,-0.295,2.49,-0.16,2.49,21.4,2.49,5.14
2023-10-20,-0.289,2.46,-0.14,2.47,21.71,2.46,5.07
2023-10-21,-0.289,2.46,-0.14,2.47,21.71,2.46,5.07
2023-10-22,-0.289,2.46,-0.14,2.47,21.71,2.46,5.07
2023-10-23,-0.289,2.45,-0.19,2.41,20.37,2.45,5.05
2023-10-24,-0.289,2.43,-0.19,2.4,18.97,2.43,5.02
2023-10-25,-0.289,2.52,-0.13,2.43,20.19,2.52,5.08
2023-10-26,-0.289,2.44,-0.16,2.42,20.68,2.44,5.02
2023-10-27,-0.288,2.42,-0.15,2.42,21.27,2.42,4.99
2023-10-28,-0.288,2.42,-0.15,2.42,21.27,2.42,4.99
2023-10-29,-0.288,2.42,-0.15,2.42,21.27,2.42,4.99
2023-10-30,-0.288,2.44,-0.15,2.44,19.75,2.44,5.03
2023-10-31,-0.288,2.46,-0.19,2.42,18.14,2.46,5.07
2023-11-01,-0.288,2.36,-0.18,2.41,16.87,2.36,4.95
2023-11-02,-0.288,2.27,-0.31,2.4,15.66,2.27,4.98
2023-11-03,-0.293,2.18,-0.26,2.39,14.91,2.18,4.83
2023-11-04,-0.293,2.18,-0.26,2.39,14.91,2.18,4.83
2023-11-05,-0.293,2.18,-0.26,2.39,14.91,2.18,4.83
2023-11-06,-0.293,2.25,-0.26,2.42,14.89,2.25,4.93
2023-11-07,-0.293,2.19,-0.33,2.39,14.81,2.19,4.91
2023-11-08,-0.293,2.15,-0.44,2.34,14.45,2.15,4.93
2023-11-09,-0.293,2.29,-0.41,2.33,15.29,2.29,5.03
2023-11-10,-0.302,2.29,-0.43,2.32,14.17,2.29,5.04
2023-11-11,-0.302,2.29,-0.43,2.32,14.17,2.29,5.04
2023-11-12,-0.302,2.29,-0.43,2.32,14.17,2.29,5.04
2023-11-13,-0.302,2.32,-0.39,2.31,14.76,2.32,5.02
2023-11-14,-0.302,2.16,-0.36,2.28,14.16,2.16,4.8
2023-11-15,-0.302,2.22,-0.37,2.31,14.18,2.22,4.9
2023-11-16,-0.302,2.18,-0.38,2.27,14.32,2.18,4.83
2023-11-17,-0.312,2.16,-0.44,2.28,13.8,2.16,4.88
2023-11-18,-0.312,2.16,-0.44,2.28,13.8,2.16,4.88
2023-11-19,-0.312,2.16,-0.44,2.28,13.8,2.16,4.88
2023-11-20,-0.312,2.12,-0.47,2.3,13.41,2.12,4.89
2023-11-21,-0.312,2.16,-0.45,2.25,13.35,2.16,4.86
2023-11-22,-0.312,2.16,-0.47,2.26,12.85,2.16,4.89
2023-11-23,-0.312,2.16,-0.47,2.26,12.8,2.16,4.89
2023-11-24,-0.323,2.21,-0.45,2.26,12.46,2.21,4.92
2023-11-25,-0.323,2.21,-0.45,2.26,12.46,2.21,4.92
2023-11-26,-0.323,2.21,-0.45,2.26,12.46,2.21,4.92
2023-11-27,-0.323,2.18,-0.45,2.21,12.69,2.18,4.84
2023-11-28,-0.323,2.12,-0.39,2.22,12.69,2.12,4.73
2023-11-29,-0.323,2.06,-0.37,2.21,12.98,2.06,4.64
2023-11-30,-0.323,2.14,-0.36,2.23,12.92,2.14,4.73
2023-12-01,-0.334,2.0,-0.34,2.22,12.63,2.0,4.56
2023-12-02,-0.334,2.0,-0.34,2.22,12.63,2.0,4.56
2023-12-03,-0.334,2.0,-0.34,2.22,12.63,2.0,4.56
2023-12-04,-0.334,2.07,-0.36,2.21,13.08,2.07,4.64
2023-12-05,-0.334,2.01,-0.39,2.17,12.85,2.01,4.57
2023-12-06,-0.334,1.98,-0.48,2.14,12.97,1.98,4.6
2023-12-07,-0.334,1.97,-0.44,2.17,13.06,1.97,4.58
2023-12-08,-0.342,2.02,-0.48,2.21,12.35,2.02,4.71
2023-12-09,-0.342,2.02,-0.48,2.21,12.35,2.02,4.71
2023-12-10,-0.342,2.02,-0.48,2.21,12.35,2.02,4.71
2023-12-11,-0.342,2.04,-0.48,2.19,12.63,2.04,4.71
2023-12-12,-0.342,2.04,-0.53,2.16,12.07,2.04,4.73
2023-12-13,-0.342,1.88,-0.42,2.16,12.19,1.88,4.46
2023-12-14,-0.342,1.7,-0.45,2.22,12.48,1.7,4.37
2023-12-15,-0.351,1.69,-0.53,2.22,12.28,1.69,4.44
2023-12-16,-0.351,1.69,-0.53,2.22,12.28,1.69,4.44
2023-12-17,-0.351,1.69,-0.53,2.22,12.28,1.69,4.44
2023-12-18,-0.351,1.74,-0.48,2.21,12.56,1.74,4.43
2023-12-19,-0.351,1.74,-0.48,2.19,12.53,1.74,4.41
2023-12-20,-0.351,1.67,-0.48,2.19,13.67,1.67,4.34
2023-12-21,-0.351,1.7,-0.44,2.19,13.65,1.7,4.33
2023-12-22,-0.36,1.71,-0.41,2.19,13.03,1.71,4.31
2023-12-23,-0.36,1.71,-0.41,2.19,13.03,1.71,4.31
2023-12-24,-0.36,1.71,-0.41,2.19,13.03,1.71,4.31
2023-12-25,-0.36,1.71,-0.41,2.19,13.03,1.71,4.31
2023-12-26,-0.36,1.71,-0.37,2.18,12.99,1.71,4.26
2023-12-27,-0.36,1.64,-0.41,2.15,12.43,1.64,4.2
2023-12-28,-0.36,1.68,-0.42,2.16,12.47,1.68,4.26
2023-12-29,-0.369,1.72,-0.35,2.16,12.45,1.72,4.23
2023-12-30,-0.369,1.72,-0.35,2.16,12.45,1.72,4.23
2023-12-31,-0.369,1.72,-0.35,2.16,12.45,1.72,4.23
2024-01-01,-0.369,1.72,-0.35,2.16,12.45,1.72,4.23
2024-01-02,-0.369,1.74,-0.38,2.21,13.2,1.74,4.33
2024-01-03,-0.369,1.71,-0.42,2.2,14.04,1.71,4.33
2024-01-04,-0.369,1.77,-0.39,2.22,14.13,1.77,4.38
2024-01-05,-0.377,1.83,-0.35,2.22,13.35,1.83,4.4
2024-01-06,-0.377,1.83,-0.35,2.22,13.35,1.83,4.4
2024-01-07,-0.377,1.83,-0.35,2.22,13.35,1.83,4.4
2024-01-08,-0.377,1.79,-0.35,2.22,13.08,1.79,4.36
2024-01-09,-0.377,1.8,-0.34,2.22,12.76,1.8,4.36
2024-01-10,-0.377,1.82,-0.33,2.22,12.69,1.82,4.37
2024-01-11,-0.377,1.76,-0.28,2.22,12.44,1.76,4.26
2024-01-12,-0.385,1.69,-0.18,2.27,12.7,1.69,4.14
2024-01-13,-0.385,1.69,-0.18,2.27,12.7,1.69,4.14
2024-01-14,-0.385,1.69,-0.18,2.27,12.7,1.69,4.14
2024-01-15,-0.385,1.69,-0.18,2.27,13.25,1.69,4.14
2024-01-16,-0.385,1.77,-0.15,2.3,13.84,1.77,4.22
2024-01-17,-0.385,1.8,-0.24,2.3,14.79,1.8,4.34
2024-01-18,-0.385,1.8,-0.2,2.34,14.13,1.8,4.34
2024-01-19,-0.392,1.81,-0.24,2.34,13.3,1.81,4.39
2024-01-20,-0.392,1.81,-0.24,2.34,13.3,1.81,4.39
2024-01-21,-0.392,1.81,-0.24,2.34,13.3,1.81,4.39
2024-01-22,-0.392,1.8,-0.26,2.31,13.19,1.8,4.37
2024-01-23,-0.392,1.85,-0.17,2.29,12.55,1.85,4.31
2024-01-24,-0.392,1.88,-0.16,2.3,13.14,1.88,4.34
2024-01-25,-0.392,1.85,-0.14,2.29,13.45,1.85,4.28
2024-01-26,-0.399,1.85,-0.19,2.3,13.26,1.85,4.34
2024-01-27,-0.399,1.85,-0.19,2.3,13.26,1.85,4.34
2024-01-28,-0.399,1.85,-0.19,2.3,13.26,1.85,4.34
2024-01-29,-0.399,1.78,-0.21,2.3,13.6,1.78,4.29
2024-01-30,-0.399,1.8,-0.3,2.26,13.31,1.8,4.36
2024-01-31,-0.399,1.73,-0.28,2.26,14.35,1.73,4.27
2024-02-01,-0.399,1.68,-0.33,2.19,13.88,1.68,4.2
2024-02-02,-0.405,1.82,-0.33,2.21,13.85,1.82,4.36
2024-02-03,-0.405,1.82,-0.33,2.21,13.85,1.82,4.36
2024-02-04,-0.405,1.82,-0.33,2.21,13.85,1.82,4.36
2024-02-05,-0.405,1.9,-0.29,2.27,13.67,1.9,4.46
2024-02-06,-0.405,1.85,-0.3,2.24,13.06,1.85,4.39
2024-02-07,-0.405,1.86,-0.32,2.23,12.83,1.86,4.41
2024-02-08,-0.405,1.91,-0.31,2.24,12.79,1.91,4.46
2024-02-09,-0.412,1.92,-0.31,2.25,12.93,1.92,4.48
2024-02-10,-0.412,1.92,-0.31,2.25,12.93,1.92,4.48
2024-02-11,-0.412,1.92,-0.31,2.25,12.93,1.92,4.48
2024-02-12,-0.412,1.93,-0.29,2.24,13.93,1.93,4.46
2024-02-13,-0.412,2.02,-0.33,2.29,15.85,2.02,4.64
2024-02-14,-0.412,1.97,-0.29,2.3,14.38,1.97,4.56
2024-02-15,-0.412,1.94,-0.32,2.3,14.01,1.94,4.56
2024-02-16,-0.42,1.97,-0.34,2.33,14.24,1.97,4.64
2024-02-17,-0.42,1.97,-0.34,2.33,14.24,1.97,4.64
2024-02-18,-0.42,1.97,-0.34,2.33,14.24,1.97,4.64
2024-02-19,-0.42,1.97,-0.34,2.33,14.71,1.97,4.64
2024-02-20,-0.42,1.95,-0.32,2.32,15.42,1.95,4.59
2024-02-21,-0.42,1.98,-0.32,2.34,15.34,1.98,4.64
2024-02-22,-0.42,2.02,-0.36,2.31,14.54,2.02,4.69
2024-02-23,-0.428,1.96,-0.41,2.3,13.75,1.96,4.67
2024-02-24,-0.428,1.96,-0.41,2.3,13.75,1.96,4.67
2024-02-25,-0.428,1.96,-0.41,2.3,13.75,1.96,4.67
2024-02-26,-0.428,1.97,-0.41,2.31,13.74,1.97,4.69
2024-02-27,-0.428,1.99,-0.39,2.32,13.43,1.99,4.7
2024-02-28,-0.428,1.94,-0.37,2.33,13.84,1.94,4.64
2024-02-29,-0.428,1.92,-0.39,2.33,13.4,1.92,4.64
2024-03-01,-0.434,1.87,-0.35,2.32,13.11,1.87,4.54
2024-03-02,-0.434,1.87,-0.35,2.32,13.11,1.87,4.54
2024-03-03,-0.434,1.87,-0.35,2.32,13.11,1.87,4.54
2024-03-04,-0.434,1.88,-0.39,2.34,13.49,1.88,4.61
2024-03-05,-0.434,1.81,-0.41,2.32,14.46,1.81,4.54
2024-03-06,-0.434,1.81,-0.44,2.3,14.5,1.81,4.55
2024-03-07,-0.434,1.81,-0.41,2.28,14.44,1.81,4.5
2024-03-08,-0.438,1.81,-0.39,2.28,14.74,1.81,4.48
2024-03-09,-0.438,1.81,-0.39,2.28,14.74,1.81,4.48
2024-03-10,-0.438,1.81,-0.39,2.28,14.74,1.81,4.48
2024-03-11,-0.438,1.83,-0.41,2.27,15.22,1.83,4.51
2024-03-12,-0.438,1.86,-0.42,2.3,13.84,1.86,4.58
2024-03-13,-0.438,1.89,-0.42,2.3,13.75,1.89,4.61
2024-03-14,-0.438,1.99,-0.39,2.3,14.4,1.99,4.68
2024-03-15,-0.44,1.99,-0.41,2.32,14.41,1.99,4.72
2024-03-16,-0.44,1.99,-0.41,2.32,14.41,1.99,4.72
2024-03-17,-0.44,1.99,-0.41,2.32,14.41,1.99,4.72
2024-03-18,-0.44,2.03,-0.39,2.31,14.33,2.03,4.73
2024-03-19,-0.44,2.0,-0.38,2.3,13.82,2.0,4.68
2024-03-20,-0.44,1.96,-0.32,2.31,13.04,1.96,4.59
2024-03-21,-0.44,1.93,-0.35,2.34,12.92,1.93,4.62
2024-03-22,-0.439,1.87,-0.37,2.35,13.06,1.87,4.59
2024-03-23,-0.439,1.87,-0.37,2.35,13.06,1.87,4.59
2024-03-24,-0.439,1.87,-0.37,2.35,13.06,1.87,4.59
2024-03-25,-0.439,1.92,-0.29,2.33,13.19,1.92,4.54
2024-03-26,-0.439,1.92,-0.32,2.32,13.24,1.92,4.56
2024-03-27,-0.439,1.88,-0.34,2.32,12.78,1.88,4.54
2024-03-28,-0.439,1.88,-0.39,2.32,13.01,1.88,4.59
2024-03-29,-0.435,1.88,-0.39,2.32,13.01,1.88,4.59
2024-03-30,-0.435,1.88,-0.39,2.32,13.01,1.88,4.59
2024-03-31,-0.435,1.88,-0.39,2.32,13.01,1.88,4.59
2024-04-01,-0.435,1.98,-0.39,2.35,13.65,1.98,4.72
2024-04-02,-0.435,2.0,-0.34,2.36,14.61,2.0,4.7
2024-04-03,-0.435,2.0,-0.32,2.36,14.33,2.0,4.68
2024-04-04,-0.435,1.97,-0.34,2.34,16.35,1.97,4.65
2024-04-05,-0.43,2.02,-0.34,2.37,16.03,2.02,4.73
2024-04-06,-0.43,2.02,-0.34,2.37,16.03,2.02,4.73
2024-04-07,-0.43,2.02,-0.34,2.37,16.03,2.02,4.73
2024-04-08,-0.43,2.04,-0.36,2.38,15.19,2.04,4.78
2024-04-09,-0.43,2.0,-0.38,2.36,14.98,2.0,4.74
2024-04-10,-0.43,2.15,-0.42,2.4,15.8,2.15,4.97
2024-04-11,-0.43,2.16,-0.37,2.4,14.91,2.16,4.93
2024-04-12,-0.425,2.11,-0.38,2.39,17.31,2.11,4.88
2024-04-13,-0.425,2.11,-0.38,2.39,17.31,2.11,4.88
2024-04-14,-0.425,2.11,-0.38,2.39,17.31,2.11,4.88
2024-04-15,-0.425,2.2,-0.3,2.43,19.23,2.2,4.93
2024-04-16,-0.425,2.24,-0.3,2.43,18.4,2.24,4.97
2024-04-17,-0.425,2.2,-0.34,2.39,18.21,2.2,4.93
2024-04-18,-0.425,2.24,-0.34,2.4,18.0,2.24,4.98
2024-04-19,-0.42,2.21,-0.35,2.41,18.71,2.21,4.97
2024-04-20,-0.42,2.21,-0.35,2.41,18.71,2.21,4.97
2024-04-21,-0.42,2.21,-0.35,2.41,18.71,2.21,4.97
2024-04-22,-0.42,2.21,-0.35,2.41,16.94,2.21,4.97
2024-04-23,-0.42,2.2,-0.25,2.41,15.69,2.2,4.86
2024-04-24,-0.42,2.24,-0.24,2.41,15.97,2.24,4.89
2024-04-25,-0.42,2.28,-0.26,2.42,15.37,2.28,4.96
2024-04-26,-0.418,2.24,-0.29,2.43,15.03,2.24,4.96
2024-04-27,-0.418,2.24,-0.29,2.43,15.03,2.24,4.96
2024-04-28,-0.418,2.24,-0.29,2.43,15.03,2.24,4.96
2024-04-29,-0.418,2.22,-0.34,2.41,14.67,2.22,4.97
2024-04-30,-0.418,2.28,-0.35,2.41,15.65,2.28,5.04
2024-05-01,-0.418,2.25,-0.33,2.38,15.39,2.25,4.96
2024-05-02,-0.418,2.21,-0.29,2.37,14.68,2.21,4.87
2024-05-03,-0.418,2.15,-0.31,2.35,13.49,2.15,4.81
2024-05-04,-0.418,2.15,-0.31,2.35,13.49,2.15,4.81
2024-05-05,-0.418,2.15,-0.31,2.35,13.49,2.15,4.81
2024-05-06,-0.418,2.14,-0.33,2.35,13.49,2.14,4.82
2024-05-07,-0.418,2.15,-0.35,2.32,13.23,2.15,4.82
2024-05-08,-0.418,2.17,-0.36,2.31,13.0,2.17,4.84
2024-05-09,-0.418,2.13,-0.35,2.32,12.69,2.13,4.8
2024-05-10,-0.419,2.16,-0.37,2.34,12.55,2.16,4.87
2024-05-11,-0.419,2.16,-0.37,2.34,12.55,2.16,4.87
2024-05-12,-0.419,2.16,-0.37,2.34,12.55,2.16,4.87
2024-05-13,-0.419,2.15,-0.37,2.33,13.6,2.15,4.85
2024-05-14,-0.419,2.12,-0.36,2.33,13.42,2.12,4.81
2024-05-15,-0.419,2.05,-0.37,2.31,12.45,2.05,4.73
2024-05-16,-0.419,2.07,-0.4,2.31,12.42,2.07,4.78
2024-05-17,-0.419,2.1,-0.41,2.32,11.99,2.1,4.83
2024-05-18,-0.419,2.1,-0.41,2.32,11.99,2.1,4.83
2024-05-19,-0.419,2.1,-0.41,2.32,11.99,2.1,4.83
2024-05-20,-0.419,2.11,-0.38,2.33,12.15,2.11,4.82
2024-05-21,-0.419,2.09,-0.41,2.32,11.86,2.09,4.82
2024-05-22,-0.419,2.1,-0.43,2.33,12.29,2.1,4.86
2024-05-23,-0.419,2.17,-0.44,2.3,12.77,2.17,4.91
2024-05-24,-0.418,2.14,-0.47,2.32,11.93,2.14,4.93
2024-05-25,-0.418,2.14,-0.47,2.32,11.93,2.14,4.93
2024-05-26,-0.418,2.14,-0.47,2.32,11.93,2.14,4.93
2024-05-27,-0.418,2.14,-0.47,2.32,12.36,2.14,4.93
2024-05-28,-0.418,2.2,-0.4,2.34,12.92,2.2,4.94
2024-05-29,-0.418,2.25,-0.35,2.36,14.28,2.25,4.96
2024-05-30,-0.418,2.19,-0.37,2.36,14.47,2.19,4.92
2024-05-31,-0.415,2.16,-0.38,2.35,12.92,2.16,4.89
2024-06-01,-0.415,2.16,-0.38,2.35,12.92,2.16,4.89
2024-06-02,-0.415,2.16,-0.38,2.35,12.92,2.16,4.89
2024-06-03,-0.415,2.08,-0.41,2.33,13.11,2.08,4.82
2024-06-04,-0.415,2.02,-0.44,2.31,13.16,2.02,4.77
2024-06-05,-0.415,1.99,-0.43,2.3,12.63,1.99,4.72
2024-06-06,-0.415,2.0,-0.44,2.28,12.58,2.0,4.72
2024-06-07,-0.409,2.13,-0.44,2.3,12.22,2.13,4.87
2024-06-08,-0.409,2.13,-0.44,2.3,12.22,2.13,4.87
2024-06-09,-0.409,2.13,-0.44,2.3,12.22,2.13,4.87
2024-06-10,-0.409,2.16,-0.4,2.31,12.74,2.16,4.87
2024-06-11,-0.409,2.12,-0.42,2.27,12.85,2.12,4.81
2024-06-12,-0.409,2.09,-0.44,2.22,12.04,2.09,4.75
2024-06-13,-0.409,2.03,-0.44,2.21,11.94,2.03,4.68
2024-06-14,-0.402,2.03,-0.47,2.17,12.66,2.03,4.67
2024-06-15,-0.402,2.03,-0.47,2.17,12.66,2.03,4.67
2024-06-16,-0.402,2.03,-0.47,2.17,12.66,2.03,4.67
2024-06-17,-0.402,2.06,-0.47,2.22,12.75,2.06,4.75
2024-06-18,-0.402,2.01,-0.47,2.21,12.3,2.01,4.69
2024-06-19,-0.402,2.01,-0.47,2.21,12.48,2.01,4.69
2024-06-20,-0.402,2.0,-0.45,2.25,13.28,2.0,4.7
2024-06-21,-0.394,2.02,-0.45,2.23,13.2,2.02,4.7
2024-06-22,-0.394,2.02,-0.45,2.23,13.2,2.02,4.7
2024-06-23,-0.394,2.02,-0.45,2.23,13.2,2.02,4.7
2024-06-24,-0.394,2.03,-0.46,2.22,13.33,2.03,4.71
2024-06-25,-0.394,2.01,-0.42,2.22,12.84,2.01,4.65
2024-06-26,-0.394,2.06,-0.39,2.26,12.55,2.06,4.71
2024-06-27,-0.394,2.03,-0.41,2.26,12.24,2.03,4.7
2024-06-28,-0.387,2.08,-0.35,2.28,12.44,2.08,4.71
2024-06-29,-0.387,2.08,-0.35,2.28,12.44,2.08,4.71
2024-06-30,-0.387,2.08,-0.35,2.28,12.44,2.08,4.71
2024-07-01,-0.387,2.16,-0.29,2.32,12.22,2.16,4.77
2024-07-02,-0.387,2.13,-0.31,2.3,12.03,2.13,4.74
2024-07-03,-0.387,2.09,-0.35,2.27,12.09,2.09,4.71
2024-07-04,-0.387,2.09,-0.35,2.27,12.26,2.09,4.71
2024-07-05,-0.382,2.0,-0.32,2.28,12.48,2.0,4.6
2024-07-06,-0.382,2.0,-0.32,2.28,12.48,2.0,4.6
2024-07-07,-0.382,2.0,-0.32,2.28,12.48,2.0,4.6
2024-07-08,-0.382,2.01,-0.34,2.27,12.37,2.01,4.62
2024-07-09,-0.382,2.04,-0.32,2.26,12.51,2.04,4.62
2024-07-10,-0.382,2.01,-0.34,2.27,12.85,2.01,4.62
2024-07-11,-0.382,1.95,-0.3,2.25,12.92,1.95,4.5
2024-07-12,-0.377,1.94,-0.27,2.24,12.46,1.94,4.45
2024-07-13,-0.377,1.94,-0.27,2.24,12.46,1.94,4.45
2024-07-14,-0.377,1.94,-0.27,2.24,12.46,1.94,4.45
2024-07-15,-0.377,1.96,-0.21,2.27,13.12,1.96,4.44
2024-07-16,-0.377,1.91,-0.26,2.26,13.19,1.91,4.43
2024-07-17,-0.377,1.9,-0.26,2.26,14.48,1.9,4.42
2024-07-18,-0.377,1.89,-0.26,2.31,15.93,1.89,4.46
2024-07-19,-0.372,1.93,-0.24,2.32,16.52,1.93,4.49
2024-07-20,-0.372,1.93,-0.24,2.32,16.52,1.93,4.49
2024-07-21,-0.372,1.93,-0.24,2.32,16.52,1.93,4.49
2024-07-22,-0.372,1.96,-0.24,2.3,14.91,1.96,4.5
2024-07-23,-0.372,1.96,-0.15,2.29,14.72,1.96,4.4
2024-07-24,-0.372,2.0,-0.09,2.28,18.04,2.0,4.37
2024-07-25,-0.372,1.99,-0.14,2.28,18.46,1.99,4.41
2024-07-26,-0.368,1.93,-0.16,2.27,16.39,1.93,4.36
2024-07-27,-0.368,1.93,-0.16,2.27,16.39,1.93,4.36
2024-07-28,-0.368,1.93,-0.16,2.27,16.39,1.93,4.36
2024-07-29,-0.368,1.92,-0.19,2.25,16.6,1.92,4.36
2024-07-30,-0.368,1.9,-0.2,2.25,17.69,1.9,4.35
2024-07-31,-0.368,1.85,-0.2,2.24,16.36,1.85,4.29
2024-08-01,-0.368,1.79,-0.17,2.2,18.59,1.79,4.16
2024-08-02,-0.366,1.76,-0.08,2.04,23.39,1.76,3.88
2024-08-03,-0.366,1.76,-0.08,2.04,23.39,1.76,3.88
2024-08-04,-0.366,1.76,-0.08,2.04,23.39,1.76,3.88
2024-08-05,-0.366,1.71,-0.11,2.07,38.57,1.71,3.89
2024-08-06,-0.366,1.78,-0.09,2.12,27.71,1.78,3.99
2024-08-07,-0.366,1.85,-0.04,2.11,27.85,1.85,4.0
2024-08-08,-0.366,1.87,-0.05,2.12,23.79,1.87,4.04
2024-08-09,-0.368,1.84,-0.11,2.1,20.37,1.84,4.05
2024-08-10,-0.368,1.84,-0.11,2.1,20.37,1.84,4.05
2024-08-11,-0.368,1.84,-0.11,2.1,20.37,1.84,4.05
2024-08-12,-0.368,1.79,-0.11,2.11,20.71,1.79,4.01
2024-08-13,-0.368,1.76,-0.08,2.09,18.12,1.76,3.93
2024-08-14,-0.368,1.77,-0.11,2.06,16.19,1.77,3.94
2024-08-15,-0.368,1.8,-0.16,2.12,15.23,1.8,4.08
2024-08-16,-0.376,1.81,-0.17,2.08,14.8,1.81,4.06
2024-08-17,-0.376,1.81,-0.17,2.08,14.8,1.81,4.06
2024-08-18,-0.376,1.81,-0.17,2.08,14.8,1.81,4.06
2024-08-19,-0.376,1.79,-0.2,2.07,14.65,1.79,4.06
2024-08-20,-0.376,1.75,-0.17,2.07,15.88,1.75,3.99
2024-08-21,-0.376,1.72,-0.13,2.07,16.27,1.72,3.92
2024-08-22,-0.376,1.76,-0.13,2.1,17.55,1.76,3.99
2024-08-23,-0.386,1.68,-0.09,2.13,15.86,1.68,3.9
2024-08-24,-0.386,1.68,-0.09,2.13,15.86,1.68,3.9
2024-08-25,-0.386,1.68,-0.09,2.13,15.86,1.68,3.9
2024-08-26,-0.386,1.67,-0.09,2.15,16.15,1.67,3.91
2024-08-27,-0.386,1.68,0.0,2.15,15.43,1.68,3.83
2024-08-28,-0.386,1.69,0.01,2.15,17.11,1.69,3.83
2024-08-29,-0.386,1.71,0.0,2.16,15.65,1.71,3.87
2024-08-30,-0.398,1.76,0.0,2.15,15.0,1.76,3.91
2024-08-31,-0.398,1.76,0.0,2.15,15.0,1.76,3.91
2024-09-01,-0.398,1.76,0.0,2.15,15.0,1.76,3.91
2024-09-02,-0.398,1.76,0.0,2.15,15.55,1.76,3.91
2024-09-03,-0.398,1.73,-0.04,2.11,20.72,1.73,3.88
2024-09-04,-0.398,1.7,0.01,2.07,21.32,1.7,3.76
2024-09-05,-0.398,1.7,-0.02,2.03,19.9,1.7,3.75
2024-09-06,-0.409,1.69,0.06,2.03,22.38,1.69,3.66
2024-09-07,-0.409,1.69,0.06,2.03,22.38,1.69,3.66
2024-09-08,-0.409,1.69,0.06,2.03,22.38,1.69,3.66
2024-09-09,-0.409,1.66,0.02,2.04,19.45,1.66,3.68
2024-09-10,-0.409,1.63,0.06,2.02,19.08,1.63,3.59
2024-09-11,-0.409,1.61,0.03,2.04,17.69,1.61,3.62
2024-09-12,-0.409,1.63,0.04,2.05,17.07,1.63,3.64
2024-09-13,-0.419,1.58,0.09,2.08,16.56,1.58,3.57
2024-09-14,-0.419,1.58,0.09,2.08,16.56,1.58,3.57
2024-09-15,-0.419,1.58,0.09,2.08,16.56,1.58,3.57
2024-09-16,-0.419,1.54,0.07,2.09,17.14,1.54,3.56
2024-09-17,-0.419,1.53,0.06,2.12,17.61,1.53,3.59
2024-09-18,-0.419,1.58,0.09,2.12,18.23,1.58,3.61
2024-09-19,-0.419,1.56,0.14,2.17,16.33,1.56,3.59
2024-09-20,-0.427,1.58,0.18,2.15,16.15,1.58,3.55
2024-09-21,-0.427,1.58,0.18,2.15,16.15,1.58,3.55
2024-09-22,-0.427,1.58,0.18,2.15,16.15,1.58,3.55
2024-09-23,-0.427,1.58,0.18,2.17,15.89,1.58,3.57
2024-09-24,-0.427,1.55,0.25,2.19,15.39,1.55,3.49
2024-09-25,-0.427,1.61,0.26,2.18,15.41,1.61,3.53
2024-09-26,-0.427,1.63,0.19,2.16,15.37,1.63,3.6
2024-09-27,-0.433,1.6,0.2,2.15,16.96,1.6,3.55
2024-09-28,-0.433,1.6,0.2,2.15,16.96,1.6,3.55
2024-09-29,-0.433,1.6,0.2,2.15,16.96,1.6,3.55
2024-09-30,-0.433,1.63,0.15,2.18,16.73,1.63,3.66
2024-10-01,-0.433,1.55,0.13,2.19,19.26,1.55,3.61
2024-10-02,-0.433,1.58,0.16,2.21,18.9,1.58,3.63
2024-10-03,-0.433,1.64,0.15,2.21,20.49,1.64,3.7
2024-10-04,-0.437,1.75,0.05,2.23,19.21,1.75,3.93
2024-10-05,-0.437,1.75,0.05,2.23,19.21,1.75,3.93
2024-10-06,-0.437,1.75,0.05,2.23,19.21,1.75,3.93
2024-10-07,-0.437,1.76,0.04,2.27,22.64,1.76,3.99
2024-10-08,-0.437,1.77,0.06,2.27,21.42,1.77,3.98
2024-10-09,-0.437,1.77,0.07,2.29,20.86,1.77,3.99
2024-10-10,-0.437,1.76,0.11,2.33,20.93,1.76,3.98
2024-10-11,-0.441,1.75,0.13,2.33,20.46,1.75,3.95
2024-10-12,-0.441,1.75,0.13,2.33,20.46,1.75,3.95
2024-10-13,-0.441,1.75,0.13,2.33,20.46,1.75,3.95
2024-10-14,-0.441,1.75,0.13,2.33,19.7,1.75,3.95
2024-10-15,-0.441,1.75,0.08,2.28,20.64,1.75,3.95
2024-10-16,-0.441,1.75,0.09,2.27,19.58,1.75,3.93
2024-10-17,-0.441,1.79,0.13,2.3,19.11,1.79,3.96
2024-10-18,-0.445,1.77,0.13,2.31,18.03,1.77,3.95
2024-10-19,-0.445,1.77,0.13,2.31,18.03,1.77,3.95
2024-10-20,-0.445,1.77,0.13,2.31,18.03,1.77,3.95
2024-10-21,-0.445,1.88,0.17,2.31,18.37,1.88,4.02
2024-10-22,-0.445,1.87,0.17,2.33,18.2,1.87,4.03
2024-10-23,-0.445,1.93,0.17,2.31,19.24,1.93,4.07
2024-10-24,-0.445,1.91,0.14,2.3,19.08,1.91,4.07
2024-10-25,-0.45,1.96,0.14,2.29,20.33,1.96,4.11
2024-10-26,-0.45,1.96,0.14,2.29,20.33,1.96,4.11
2024-10-27,-0.45,1.96,0.14,2.29,20.33,1.96,4.11
2024-10-28,-0.45,1.99,0.16,2.29,19.8,1.99,4.12
2024-10-29,-0.45,1.98,0.17,2.3,19.34,1.98,4.11
2024-10-30,-0.45,1.95,0.14,2.34,20.35,1.95,4.15
2024-10-31,-0.45,1.95,0.12,2.33,23.16,1.95,4.16
2024-11-01,-0.456,2.04,0.16,2.33,21.88,2.04,4.21
2024-11-02,-0.456,2.04,0.16,2.33,21.88,2.04,4.21
2024-11-03,-0.456,2.04,0.16,2.33,21.88,2.04,4.21
2024-11-04,-0.456,2.03,0.14,2.28,21.98,2.03,4.17
2024-11-05,-0.456,1.99,0.07,2.27,20.49,1.99,4.19
2024-11-06,-0.456,2.04,0.15,2.38,16.27,2.04,4.27
2024-11-07,-0.456,1.98,0.1,2.33,15.2,1.98,4.21
2024-11-08,-0.464,1.95,0.04,2.35,14.94,1.95,4.26
2024-11-09,-0.464,1.95,0.04,2.35,14.94,1.95,4.26
2024-11-10,-0.464,1.95,0.04,2.35,14.94,1.95,4.26
2024-11-11,-0.464,1.95,0.04,2.35,14.97,1.95,4.26
2024-11-12,-0.464,2.08,0.09,2.35,14.71,2.08,4.34
2024-11-13,-0.464,2.09,0.17,2.35,14.02,2.09,4.27
2024-11-14,-0.464,2.1,0.09,2.33,14.31,2.1,4.34
2024-11-15,-0.471,2.1,0.12,2.33,16.14,2.1,4.31
2024-11-16,-0.471,2.1,0.12,2.33,16.14,2.1,4.31
2024-11-17,-0.471,2.1,0.12,2.33,16.14,2.1,4.31
2024-11-18,-0.471,2.08,0.13,2.34,15.58,2.08,4.29
2024-11-19,-0.471,2.05,0.12,2.34,16.35,2.05,4.27
2024-11-20,-0.471,2.06,0.1,2.35,17.16,2.06,4.31
2024-11-21,-0.471,2.09,0.09,2.34,16.87,2.09,4.34
2024-11-22,-0.476,2.07,0.04,2.34,15.24,2.07,4.37
2024-11-23,-0.476,2.07,0.04,2.34,15.24,2.07,4.37
2024-11-24,-0.476,2.07,0.04,2.34,15.24,2.07,4.37
2024-11-25,-0.476,1.98,0.06,2.29,14.6,1.98,4.21
2024-11-26,-0.476,2.02,0.09,2.28,14.1,2.02,4.21
2024-11-27,-0.476,1.99,0.06,2.26,14.1,1.99,4.19
2024-11-28,-0.476,1.99,0.06,2.26,13.9,1.99,4.19
2024-11-29,-0.479,1.92,0.05,2.26,13.51,1.92,4.13
2024-11-30,-0.479,1.92,0.05,2.26,13.51,1.92,4.13
2024-12-01,-0.479,1.92,0.05,2.26,13.51,1.92,4.13
2024-12-02,-0.479,1.93,0.02,2.26,13.34,1.93,4.17
2024-12-03,-0.479,1.95,0.06,2.28,13.3,1.95,4.17
2024-12-04,-0.479,1.9,0.06,2.29,13.45,1.9,4.13
2024-12-05,-0.479,1.92,0.02,2.25,13.54,1.92,4.15
2024-12-06,-0.481,1.91,0.05,2.24,12.77,1.91,4.1
2024-12-07,-0.481,1.91,0.05,2.24,12.77,1.91,4.1
2024-12-08,-0.481,1.91,0.05,2.24,12.77,1.91,4.1
2024-12-09,-0.481,1.93,0.07,2.27,14.19,1.93,4.13
2024-12-10,-0.481,1.93,0.07,2.29,14.18,1.93,4.15
2024-12-11,-0.481,1.96,0.11,2.3,13.58,1.96,4.15
2024-12-12,-0.481,2.0,0.14,2.32,13.92,2.0,4.18
2024-12-13,-0.483,2.07,0.15,2.33,13.81,2.07,4.25
2024-12-14,-0.483,2.07,0.15,2.33,13.81,2.07,4.25
2024-12-15,-0.483,2.07,0.15,2.33,13.81,2.07,4.25
2024-12-16,-0.483,2.07,0.14,2.32,14.69,2.07,4.25
2024-12-17,-0.483,2.09,0.15,2.31,15.87,2.09,4.25
2024-12-18,-0.483,2.18,0.15,2.32,27.62,2.18,4.35
2024-12-19,-0.483,2.28,0.25,2.29,24.09,2.28,4.32
2024-12-20,-0.484,2.23,0.22,2.29,18.36,2.23,4.3
2024-12-21,-0.484,2.23,0.22,2.29,18.36,2.23,4.3
2024-12-22,-0.484,2.23,0.22,2.29,18.36,2.23,4.3
2024-12-23,-0.484,2.27,0.29,2.32,16.78,2.27,4.3
2024-12-24,-0.484,2.24,0.3,2.35,14.27,2.24,4.29
2024-12-25,-0.484,2.24,0.3,2.35,14.27,2.24,4.29
2024-12-26,-0.484,2.23,0.28,2.35,14.73,2.23,4.3
2024-12-27,-0.488,2.28,0.31,2.34,15.95,2.28,4.31
2024-12-28,-0.488,2.28,0.31,2.34,15.95,2.28,4.31
2024-12-29,-0.488,2.28,0.31,2.34,15.95,2.28,4.31
2024-12-30,-0.488,2.24,0.31,2.31,17.4,2.24,4.24
2024-12-31,-0.488,2.24,0.33,2.34,17.35,2.24,4.25
2025-01-01,-0.488,2.24,0.33,2.34,17.35,2.24,4.25
2025-01-02,-0.488,2.23,0.32,2.34,17.93,2.23,4.25
2025-01-03,-0.493,2.26,0.32,2.34,16.13,2.26,4.28
2025-01-04,-0.493,2.26,0.32,2.34,16.13,2.26,4.28
2025-01-05,-0.493,2.26,0.32,2.34,16.13,2.26,4.28
2025-01-06,-0.493,2.28,0.34,2.34,16.04,2.28,4.28
2025-01-07,-0.493,2.29,0.37,2.38,17.82,2.29,4.3
2025-01-08,-0.493,2.27,0.39,2.4,17.7,2.27,4.28
2025-01-09,-0.493,2.29,0.41,2.39,18.07,2.29,4.27
2025-01-10,-0.499,2.34,0.37,2.43,19.54,2.34,4.4
2025-01-11,-0.499,2.34,0.37,2.43,19.54,2.34,4.4
2025-01-12,-0.499,2.34,0.37,2.43,19.54,2.34,4.4
2025-01-13,-0.499,2.34,0.39,2.45,19.19,2.34,4.4
2025-01-14,-0.499,2.34,0.41,2.44,18.71,2.34,4.37
2025-01-15,-0.499,2.24,0.39,2.42,16.12,2.24,4.27
2025-01-16,-0.499,2.19,0.38,2.42,16.6,2.19,4.23
2025-01-17,-0.504,2.2,0.34,2.41,15.97,2.2,4.27
2025-01-18,-0.504,2.2,0.34,2.41,15.97,2.2,4.27
2025-01-19,-0.504,2.2,0.34,2.41,15.97,2.2,4.27
2025-01-20,-0.504,2.2,0.34,2.41,15.81,2.2,4.27
2025-01-21,-0.504,2.19,0.28,2.38,15.06,2.19,4.29
2025-01-22,-0.504,2.2,0.31,2.4,15.1,2.2,4.29
2025-01-23,-0.504,2.23,0.36,2.42,15.02,2.23,4.29
2025-01-24,-0.509,2.2,0.36,2.43,14.85,2.2,4.27
2025-01-25,-0.509,2.2,0.36,2.43,14.85,2.2,4.27
2025-01-26,-0.509,2.2,0.36,2.43,14.85,2.2,4.27
2025-01-27,-0.509,2.13,0.36,2.4,17.9,2.13,4.17
2025-01-28,-0.509,2.13,0.36,2.42,16.41,2.13,4.19
2025-01-29,-0.509,2.15,0.34,2.4,16.56,2.15,4.21
2025-01-30,-0.509,2.14,0.34,2.38,15.84,2.14,4.18
2025-01-31,-0.512,2.16,0.36,2.42,16.43,2.16,4.22
2025-02-01,-0.512,2.16,0.36,2.42,16.43,2.16,4.22
2025-02-02,-0.512,2.16,0.36,2.42,16.43,2.16,4.22
2025-02-03,-0.512,2.09,0.28,2.45,18.62,2.09,4.26
2025-02-04,-0.512,2.08,0.31,2.44,17.21,2.08,4.21
2025-02-05,-0.512,2.01,0.26,2.42,15.77,2.01,4.17
2025-02-06,-0.512,2.03,0.24,2.42,15.5,2.03,4.21
2025-02-07,-0.511,2.07,0.2,2.42,16.54,2.07,4.29
2025-02-08,-0.511,2.07,0.2,2.42,16.54,2.07,4.29
2025-02-09,-0.511,2.07,0.2,2.42,16.54,2.07,4.29
2025-02-10,-0.511,2.07,0.23,2.44,15.81,2.07,4.28
2025-02-11,-0.511,2.08,0.25,2.46,16.02,2.08,4.29
2025-02-12,-0.511,2.16,0.26,2.46,15.89,2.16,4.36
2025-02-13,-0.511,2.08,0.21,2.44,15.1,2.08,4.31
2025-02-14,-0.507,2.04,0.21,2.43,14.77,2.04,4.26
2025-02-15,-0.507,2.04,0.21,2.43,14.77,2.04,4.26
2025-02-16,-0.507,2.04,0.21,2.43,14.77,2.04,4.26
2025-02-17,-0.507,2.04,0.21,2.43,15.37,2.04,4.26
2025-02-18,-0.507,2.1,0.26,2.45,15.35,2.1,4.29
2025-02-19,-0.507,2.08,0.25,2.45,15.27,2.08,4.28
2025-02-20,-0.507,2.05,0.22,2.45,15.66,2.05,4.28
2025-02-21,-0.497,2.0,0.23,2.42,18.21,2.0,4.19
2025-02-22,-0.497,2.0,0.23,2.42,18.21,2.0,4.19
2025-02-23,-0.497,2.0,0.23,2.42,18.21,2.0,4.19
2025-02-24,-0.497,1.98,0.27,2.42,18.98,1.98,4.13
2025-02-25,-0.497,1.92,0.23,2.38,19.43,1.92,4.07
2025-02-26,-0.497,1.89,0.2,2.36,19.1,1.89,4.05
2025-02-27,-0.497,1.92,0.22,2.37,21.13,1.92,4.07
2025-02-28,-0.484,1.86,0.25,2.38,19.63,1.86,3.99
2025-03-01,-0.484,1.86,0.25,2.38,19.63,1.86,3.99
2025-03-02,-0.484,1.86,0.25,2.38,19.63,1.86,3.99
2025-03-03,-0.484,1.8,0.2,2.36,22.78,1.8,3.96
2025-03-04,-0.484,1.87,0.26,2.35,23.51,1.87,3.96
2025-03-05,-0.484,1.94,0.29,2.34,21.93,1.94,3.99
2025-03-06,-0.484,1.95,0.33,2.34,24.87,1.95,3.96
2025-03-07,-0.467,1.99,0.33,2.33,23.37,1.99,3.99
2025-03-08,-0.467,1.99,0.33,2.33,23.37,1.99,3.99
2025-03-09,-0.467,1.99,0.33,2.33,23.37,1.99,3.99
2025-03-10,-0.467,1.91,0.33,2.31,27.86,1.91,3.89
2025-03-11,-0.467,1.97,0.34,2.31,26.92,1.97,3.94
2025-03-12,-0.467,1.99,0.31,2.33,24.23,1.99,4.01
2025-03-13,-0.467,1.98,0.33,2.29,24.66,1.98,3.94
2025-03-14,-0.449,2.01,0.29,2.3,21.77,2.01,4.02
2025-03-15,-0.449,2.01,0.29,2.3,21.77,2.01,4.02
2025-03-16,-0.449,2.01,0.29,2.3,21.77,2.01,4.02
2025-03-17,-0.449,2.02,0.25,2.29,20.51,2.02,4.06
2025-03-18,-0.449,1.99,0.25,2.3,21.7,1.99,4.04
2025-03-19,-0.449,1.94,0.26,2.31,19.9,1.94,3.99
2025-03-20,-0.449,1.93,0.29,2.31,19.8,1.93,3.95
2025-03-21,-0.431,1.92,0.31,2.33,19.28,1.92,3.94
2025-03-22,-0.431,1.92,0.31,2.33,19.28,1.92,3.94
2025-03-23,-0.431,1.92,0.31,2.33,19.28,1.92,3.94
2025-03-24,-0.431,1.98,0.3,2.36,17.48,1.98,4.04
2025-03-25,-0.431,1.96,0.35,2.35,17.15,1.96,3.96
2025-03-26,-0.431,1.98,0.37,2.37,18.33,1.98,3.98
2025-03-27,-0.431,1.99,0.41,2.39,18.69,1.99,3.97
2025-03-28,-0.414,1.9,0.38,2.37,21.65,1.9,3.89
2025-03-29,-0.414,1.9,0.38,2.37,21.65,1.9,3.89
2025-03-30,-0.414,1.9,0.38,2.37,21.65,1.9,3.89
2025-03-31,-0.414,1.85,0.34,2.38,22.28,1.85,3.89
2025-04-01,-0.414,1.84,0.3,2.33,21.77,1.84,3.87
2025-04-02,-0.414,1.88,0.29,2.32,21.51,1.88,3.91
2025-04-03,-0.414,1.78,0.35,2.28,30.02,1.78,3.71
2025-04-04,-0.4,1.83,0.33,2.18,45.31,1.83,3.68
2025-04-05,-0.4,1.83,0.33,2.18,45.31,1.83,3.68
2025-04-06,-0.4,1.83,0.33,2.18,45.31,1.83,3.68
2025-04-07,-0.4,1.96,0.42,2.19,46.98,1.96,3.73
2025-04-08,-0.4,2.04,0.55,2.22,52.33,2.04,3.71
2025-04-09,-0.4,2.07,0.43,2.27,33.62,2.07,3.91
2025-04-10,-0.4,2.21,0.56,2.19,40.72,2.21,3.84
2025-04-11,-0.389,2.28,0.52,2.2,37.56,2.28,3.96
2025-04-12,-0.389,2.28,0.52,2.2,37.56,2.28,3.96
2025-04-13,-0.389,2.28,0.52,2.2,37.56,2.28,3.96
2025-04-14,-0.389,2.15,0.54,2.23,30.89,2.15,3.84
2025-04-15,-0.389,2.16,0.51,2.19,30.12,2.16,3.84
2025-04-16,-0.389,2.12,0.52,2.17,32.64,2.12,3.77
2025-04-17,-0.389,2.11,0.53,2.23,29.65,2.11,3.81
2025-04-18,-0.389,2.11,0.53,2.23,29.65,2.11,3.81
2025-04-19,-0.389,2.11,0.53,2.23,29.65,2.11,3.81
2025-04-20,-0.389,2.11,0.53,2.23,29.65,2.11,3.81
2025-04-21,-0.389,2.2,0.67,2.22,33.82,2.2,3.75
2025-04-22,-0.389,2.14,0.65,2.27,30.57,2.14,3.76
2025-04-23,-0.389,2.11,0.59,2.29,28.45,2.11,3.81
2025-04-24,-0.389,2.02,0.55,2.3,26.47,2.02,3.77
2025-04-25,-0.396,2.02,0.55,2.27,24.84,2.02,3.74
2025-04-26,-0.396,2.02,0.55,2.27,24.84,2.02,3.74
2025-04-27,-0.396,2.02,0.55,2.27,24.84,2.02,3.74
2025-04-28,-0.396,1.98,0.56,2.25,25.15,1.98,3.67
2025-04-29,-0.396,1.96,0.54,2.23,24.17,1.96,3.65
2025-04-30,-0.396,1.94,0.57,2.23,24.7,1.94,3.6
2025-05-01,-0.396,2.0,0.55,2.25,24.6,2.0,3.7
2025-05-02,-0.409,2.06,0.5,2.27,22.68,2.06,3.83
2025-05-03,-0.409,2.06,0.5,2.27,22.68,2.06,3.83
2025-05-04,-0.409,2.06,0.5,2.27,22.68,2.06,3.83
2025-05-05,-0.409,2.08,0.53,2.28,23.64,2.08,3.83
2025-05-06,-0.409,2.04,0.52,2.26,24.76,2.04,3.78
2025-05-07,-0.409,2.01,0.48,2.25,23.55,2.01,3.78
2025-05-08,-0.409,2.08,0.47,2.29,22.48,2.08,3.9
2025-05-09,-0.426,2.08,0.49,2.29,21.9,2.08,3.88
2025-05-10,-0.426,2.08,0.49,2.29,21.9,2.08,3.88
2025-05-11,-0.426,2.08,0.49,2.29,21.9,2.08,3.88
2025-05-12,-0.426,2.16,0.47,2.29,18.39,2.16,3.98
2025-05-13,-0.426,2.17,0.47,2.32,18.22,2.17,4.02
2025-05-14,-0.426,2.16,0.48,2.37,18.62,2.16,4.05
2025-05-15,-0.426,2.11,0.49,2.34,17.83,2.11,3.96
2025-05-16,-0.444,2.09,0.45,2.34,17.24,2.09,3.98
2025-05-17,-0.444,2.09,0.45,2.34,17.24,2.09,3.98
2025-05-18,-0.444,2.09,0.45,2.34,17.24,2.09,3.98
2025-05-19,-0.444,2.1,0.49,2.36,18.14,2.1,3.97
2025-05-20,-0.444,2.13,0.51,2.35,18.09,2.13,3.97
2025-05-21,-0.444,2.23,0.58,2.35,20.87,2.23,4.0
2025-05-22,-0.444,2.2,0.54,2.34,20.28,2.2,4.0
2025-05-23,-0.458,2.18,0.51,2.33,22.29,2.18,4.0
2025-05-24,-0.458,2.18,0.51,2.33,22.29,2.18,4.0
2025-05-25,-0.458,2.18,0.51,2.33,22.29,2.18,4.0
2025-05-26,-0.458,2.18,0.51,2.33,20.57,2.18,4.0
2025-05-27,-0.458,2.11,0.51,2.32,18.96,2.11,3.92
2025-05-28,-0.458,2.15,0.51,2.32,19.31,2.15,3.96
2025-05-29,-0.458,2.11,0.51,2.32,19.18,2.11,3.92
2025-05-30,-0.47,2.07,0.52,2.34,18.57,2.07,3.89
2025-05-31,-0.47,2.07,0.52,2.34,18.57,2.07,3.89
2025-06-01,-0.47,2.07,0.52,2.34,18.57,2.07,3.89
2025-06-02,-0.47,2.13,0.52,2.33,18.36,2.13,3.94
2025-06-03,-0.47,2.14,0.5,2.32,17.69,2.14,3.96
2025-06-04,-0.47,2.06,0.5,2.31,17.61,2.06,3.87
2025-06-05,-0.47,2.11,0.48,2.29,18.48,2.11,3.92
2025-06-06,-0.479,2.2,0.47,2.31,16.77,2.2,4.04
2025-06-07,-0.479,2.2,0.47,2.31,16.77,2.2,4.04
2025-06-08,-0.479,2.2,0.47,2.31,16.77,2.2,4.04
2025-06-09,-0.479,2.18,0.48,2.31,17.16,2.18,4.01
2025-06-10,-0.479,2.18,0.46,2.29,16.95,2.18,4.01
2025-06-11,-0.479,2.14,0.47,2.27,17.26,2.14,3.94
2025-06-12,-0.479,2.11,0.46,2.25,18.02,2.11,3.9
2025-06-13,-0.487,2.13,0.45,2.28,20.82,2.13,3.96
2025-06-14,-0.487,2.13,0.45,2.28,20.82,2.13,3.96
2025-06-15,-0.487,2.13,0.45,2.28,20.82,2.13,3.96
2025-06-16,-0.487,2.16,0.49,2.3,19.11,2.16,3.97
2025-06-17,-0.487,2.08,0.45,2.31,21.6,2.08,3.94
2025-06-18,-0.487,2.07,0.44,2.31,20.14,2.07,3.94
2025-06-19,-0.487,2.07,0.44,2.31,22.17,2.07,3.94
2025-06-20,-0.493,2.05,0.48,2.33,20.62,2.05,3.9
2025-06-21,-0.493,2.05,0.48,2.33,20.62,2.05,3.9
2025-06-22,-0.493,2.05,0.48,2.33,20.62,2.05,3.9
2025-06-23,-0.493,2.04,0.5,2.3,19.83,2.04,3.84
2025-06-24,-0.493,2.01,0.55,2.29,17.48,2.01,3.75
2025-06-25,-0.493,2.01,0.55,2.28,16.76,2.01,3.74
2025-06-26,-0.493,1.98,0.56,2.28,16.59,1.98,3.7
2025-06-27,-0.5,2.0,0.56,2.29,16.32,2.0,3.73
2025-06-28,-0.5,2.0,0.56,2.29,16.32,2.0,3.73
2025-06-29,-0.5,2.0,0.56,2.29,16.32,2.0,3.73
2025-06-30,-0.5,1.95,0.52,2.29,16.73,1.95,3.72
2025-07-01,-0.5,1.97,0.48,2.29,16.83,1.97,3.78
2025-07-02,-0.5,2.0,0.52,2.3,16.64,2.0,3.78
2025-07-03,-0.5,2.02,0.47,2.33,16.38,2.02,3.88
2025-07-04,-0.507,2.02,0.47,2.33,17.48,2.02,3.88
2025-07-05,-0.507,2.02,0.47,2.33,17.48,2.02,3.88
2025-07-06,-0.507,2.02,0.47,2.33,17.48,2.02,3.88
2025-07-07,-0.507,2.05,0.5,2.35,17.79,2.05,3.9
2025-07-08,-0.507,2.07,0.52,2.35,16.81,2.07,3.9
2025-07-09,-0.507,2.01,0.48,2.33,15.94,2.01,3.86
2025-07-10,-0.507,2.01,0.49,2.34,15.78,2.01,3.86
2025-07-11,-0.513,2.06,0.53,2.37,16.4,2.06,3.9
2025-07-12,-0.513,2.06,0.53,2.37,16.4,2.06,3.9
2025-07-13,-0.513,2.06,0.53,2.37,16.4,2.06,3.9
2025-07-14,-0.513,2.04,0.53,2.39,17.2,2.04,3.9
2025-07-15,-0.513,2.09,0.55,2.41,17.38,2.09,3.95
2025-07-16,-0.513,2.05,0.58,2.41,17.16,2.05,3.88
2025-07-17,-0.513,2.04,0.56,2.43,16.52,2.04,3.91
2025-07-18,-0.518,2.03,0.56,2.41,16.41,2.03,3.88
2025-07-19,-0.518,2.03,0.56,2.41,16.41,2.03,3.88
2025-07-20,-0.518,2.03,0.56,2.41,16.41,2.03,3.88
2025-07-21,-0.518,1.98,0.53,2.4,16.65,1.98,3.85
2025-07-22,-0.518,1.96,0.52,2.39,16.5,1.96,3.83
2025-07-23,-0.518,2.03,0.52,2.37,15.37,2.03,3.88
2025-07-24,-0.518,1.98,0.52,2.45,15.39,1.98,3.91
2025-07-25,-0.522,1.96,0.49,2.44,14.93,1.96,3.91
2025-07-26,-0.522,1.96,0.49,2.44,14.93,1.96,3.91
2025-07-27,-0.522,1.96,0.49,2.44,14.93,1.96,3.91
2025-07-28,-0.522,1.98,0.51,2.44,15.03,1.98,3.91
2025-07-29,-0.522,1.91,0.48,2.43,15.98,1.91,3.86
2025-07-30,-0.522,1.96,0.44,2.42,15.48,1.96,3.94
2025-07-31,-0.522,1.98,0.43,2.39,16.72,1.98,3.94
2025-08-01,-0.525,1.9,0.54,2.33,20.38,1.9,3.69
2025-08-02,-0.525,1.9,0.54,2.33,20.38,1.9,3.69
2025-08-03,-0.525,1.9,0.54,2.33,20.38,1.9,3.69
2025-08-04,-0.525,1.85,0.53,2.37,17.52,1.85,3.69
2025-08-05,-0.525,1.86,0.5,2.36,17.85,1.86,3.72
2025-08-06,-0.525,1.88,0.53,2.34,16.77,1.88,3.69
2025-08-07,-0.525,1.88,0.51,2.35,16.57,1.88,3.72
2025-08-08,-0.527,1.88,0.51,2.39,15.15,1.88,3.76
2025-08-09,-0.527,1.88,0.51,2.39,15.15,1.88,3.76
2025-08-10,-0.527,1.88,0.51,2.39,15.15,1.88,3.76
2025-08-11,-0.527,1.87,0.51,2.4,16.25,1.87,3.76
2025-08-12,-0.527,1.91,0.57,2.38,14.73,1.91,3.72
2025-08-13,-0.527,1.87,0.57,2.37,14.49,1.87,3.67
2025-08-14,-0.527,1.9,0.55,2.39,14.83,1.9,3.74
2025-08-15,-0.529,1.95,0.58,2.38,15.09,1.95,3.75
2025-08-16,-0.529,1.95,0.58,2.38,15.09,1.95,3.75
2025-08-17,-0.529,1.95,0.58,2.38,15.09,1.95,3.75
2025-08-18,-0.529,1.96,0.57,2.38,14.99,1.96,3.77
2025-08-19,-0.529,1.95,0.55,2.35,15.57,1.95,3.75
2025-08-20,-0.529,1.94,0.55,2.35,15.69,1.94,3.74
2025-08-21,-0.529,1.94,0.54,2.39,16.6,1.94,3.79
2025-08-22,-0.53,1.85,0.58,2.41,14.22,1.85,3.68
2025-08-23,-0.53,1.85,0.58,2.41,14.22,1.85,3.68
2025-08-24,-0.53,1.85,0.58,2.41,14.22,1.85,3.68
2025-08-25,-0.53,1.87,0.55,2.41,14.79,1.87,3.73
2025-08-26,-0.53,1.84,0.65,2.42,14.62,1.84,3.61
2025-08-27,-0.53,1.81,0.65,2.43,14.85,1.81,3.59
2025-08-28,-0.53,1.81,0.6,2.41,14.43,1.81,3.62
2025-08-29,-0.531,1.82,0.64,2.41,15.36,1.82,3.59
2025-08-30,-0.531,1.82,0.64,2.41,15.36,1.82,3.59
2025-08-31,-0.531,1.82,0.64,2.41,15.36,1.82,3.59
2025-09-01,-0.531,1.82,0.64,2.41,16.12,1.82,3.59
2025-09-02,-0.531,1.87,0.62,2.41,17.17,1.87,3.66
2025-09-03,-0.531,1.82,0.61,2.4,16.35,1.82,3.61
2025-09-04,-0.531,1.79,0.58,2.38,15.3,1.79,3.59
2025-09-05,-0.531,1.73,0.59,2.37,15.18,1.73,3.51
2025-09-06,-0.531,1.73,0.59,2.37,15.18,1.73,3.51
2025-09-07,-0.531,1.73,0.59,2.37,15.18,1.73,3.51
2025-09-08,-0.531,1.7,0.56,2.35,15.11,1.7,3.49
2025-09-09,-0.531,1.72,0.54,2.36,15.04,1.72,3.54
2025-09-10,-0.531,1.69,0.5,2.35,15.35,1.69,3.54
2025-09-11,-0.531,1.67,0.49,2.34,14.71,1.67,3.52
2025-09-12,-0.531,1.7,0.5,2.36,14.76,1.7,3.56
2025-09-13,-0.531,1.7,0.5,2.36,14.76,1.7,3.56
2025-09-14,-0.531,1.7,0.5,2.36,14.76,1.7,3.56
2025-09-15,-0.531,1.68,0.51,2.37,15.69,1.68,3.54
2025-09-16,-0.531,1.67,0.53,2.37,16.36,1.67,3.51
2025-09-17,-0.531,1.68,0.54,2.38,15.72,1.68,3.52
2025-09-18,-0.531,1.73,0.54,2.38,15.7,1.73,3.57
2025-09-19,-0.53,1.75,0.57,2.39,15.45,1.75,3.57
2025-09-20,-0.53,1.75,0.57,2.39,15.45,1.75,3.57
2025-09-21,-0.53,1.75,0.57,2.39,15.45,1.75,3.57
2025-09-22,-0.53,1.78,0.54,2.37,16.1,1.78,3.61
2025-09-23,-0.53,1.75,0.59,2.37,16.64,1.75,3.53
2025-09-24,-0.53,1.78,0.59,2.38,16.18,1.78,3.57
2025-09-25,-0.53,1.8,0.54,2.38,16.74,1.8,3.64
2025-09-26,-0.529,1.82,0.57,2.38,15.29,1.82,3.63
2025-09-27,-0.529,1.82,0.57,2.38,15.29,1.82,3.63
2025-09-28,-0.529,1.82,0.57,2.38,15.29,1.82,3.63
2025-09-29,-0.529,1.8,0.52,2.35,16.12,1.8,3.63
2025-09-30,-0.529,1.8,0.56,2.36,16.28,1.8,3.6
2025-10-01,-0.529,1.77,0.57,2.35,16.29,1.77,3.55
2025-10-02,-0.529,1.76,0.55,2.34,16.63,1.76,3.55
2025-10-03,-0.527,1.8,0.55,2.33,16.65,1.8,3.58
2025-10-04,-0.527,1.8,0.55,2.33,16.65,1.8,3.58
2025-10-05,-0.527,1.8,0.55,2.33,16.65,1.8,3.58
2025-10-06,-0.527,1.84,0.58,2.34,16.37,1.84,3.6
2025-10-07,-0.527,1.79,0.57,2.35,17.24,1.79,3.57
2025-10-08,-0.527,1.78,0.55,2.35,16.3,1.78,3.58
2025-10-09,-0.527,1.8,0.54,2.34,16.43,1.8,3.6
2025-10-10,-0.525,1.75,0.53,2.3,21.66,1.75,3.52
2025-10-11,-0.525,1.75,0.53,2.3,21.66,1.75,3.52
2025-10-12,-0.525,1.75,0.53,2.3,21.66,1.75,3.52
2025-10-13,-0.525,1.75,0.53,2.3,19.03,1.75,3.52
2025-10-14,-0.525,1.73,0.55,2.3,20.81,1.73,3.48
2025-10-15,-0.525,1.76,0.55,2.29,20.64,1.76,3.5
2025-10-16,-0.525,1.71,0.58,2.28,25.31,1.71,3.41
2025-10-17,-0.522,1.75,0.56,2.27,20.78,1.75,3.46
2025-10-18,-0.522,1.75,0.56,2.27,20.78,1.75,3.46
2025-10-19,-0.522,1.75,0.56,2.27,20.78,1.75,3.46
2025-10-20,-0.522,1.74,0.54,2.26,18.23,1.74,3.46
2025-10-21,-0.522,1.7,0.53,2.28,17.87,1.7,3.45
2025-10-22,-0.522,1.68,0.52,2.29,18.6,1.68,3.45
2025-10-23,-0.522,1.71,0.53,2.3,17.3,1.71,3.48
2025-10-24,-0.519,1.73,0.54,2.29,16.37,1.73,3.48
2025-10-25,-0.519,1.73,0.54,2.29,16.37,1.73,3.48
2025-10-26,-0.519,1.73,0.54,2.29,16.37,1.73,3.48
2025-10-27,-0.519,1.73,0.53,2.28,15.79,1.73,3.48
2025-10-28,-0.519,1.71,0.52,2.28,16.42,1.71,3.47
2025-10-29,-0.519,1.78,0.49,2.3,16.92,1.78,3.59
2025-10-30,-0.519,1.82,0.5,2.29,16.91,1.82,3.61
2025-10-31,-0.515,1.81,0.51,2.3,17.44,1.81,3.6
2025-11-01,-0.515,1.81,0.51,2.3,17.44,1.81,3.6
2025-11-02,-0.515,1.81,0.51,2.3,17.44,1.81,3.6
2025-11-03,-0.515,1.82,0.53,2.31,17.17,1.82,3.6
2025-11-04,-0.515,1.81,0.52,2.29,19.0,1.81,3.58
2025-11-05,-0.515,1.87,0.54,2.3,18.01,1.87,3.63
2025-11-06,-0.515,1.83,0.54,2.28,19.5,1.83,3.57
2025-11-07,-0.512,1.83,0.56,2.28,19.08,1.83,3.55
2025-11-08,-0.512,1.83,0.56,2.28,19.08,1.83,3.55
2025-11-09,-0.512,1.83,0.56,2.28,19.08,1.83,3.55
2025-11-10,-0.512,1.84,0.55,2.29,17.6,1.84,3.58
2025-11-11,-0.512,1.84,0.55,2.29,17.28,1.84,3.58
2025-11-12,-0.512,1.81,0.52,2.27,17.51,1.81,3.56
2025-11-13,-0.512,1.83,0.53,2.28,20.0,1.83,3.58
2025-11-14,-0.51,1.86,0.52,2.28,19.83,1.86,3.62
2025-11-15,-0.51,1.86,0.52,2.28,19.83,1.86,3.62
2025-11-16,-0.51,1.86,0.52,2.28,19.83,1.86,3.62
2025-11-17,-0.51,1.85,0.53,2.28,22.38,1.85,3.6
2025-11-18,-0.51,1.85,0.54,2.27,24.69,1.85,3.58
2025-11-19,-0.51,1.86,0.55,2.27,23.66,1.86,3.58
2025-11-20,-0.51,1.86,0.55,2.24,26.42,1.86,3.55
2025-11-21,-0.509,1.82,0.55,2.24,23.43,1.82,3.51
2025-11-22,-0.509,1.82,0.55,2.24,23.43,1.82,3.51
2025-11-23,-0.509,1.82,0.55,2.24,23.43,1.82,3.51
2025-11-24,-0.509,1.81,0.58,2.23,20.52,1.81,3.46
2025-11-25,-0.509,1.79,0.58,2.22,18.56,1.79,3.43
2025-11-26,-0.509,1.77,0.55,2.23,17.19,1.77,3.45
2025-11-27,-0.509,1.77,0.55,2.23,17.21,1.77,3.45
2025-11-28,-0.51,1.79,0.55,2.23,16.35,1.79,3.47
2025-11-29,-0.51,1.79,0.55,2.23,16.35,1.79,3.47
2025-11-30,-0.51,1.79,0.55,2.23,16.35,1.79,3.47
2025-12-01,-0.51,1.85,0.55,2.24,17.24,1.85,3.54
2025-12-02,-0.51,1.85,0.58,2.24,16.59,1.85,3.51
2025-12-03,-0.51,1.82,0.57,2.24,16.08,1.82,3.49
2025-12-04,-0.51,1.85,0.59,2.26,15.78,1.85,3.52
2025-12-05,-0.513,1.88,0.58,2.26,15.41,1.88,3.56
2025-12-06,-0.513,1.88,0.58,2.26,15.41,1.88,3.56
2025-12-07,-0.513,1.88,0.58,2.26,15.41,1.88,3.56
2025-12-08,-0.513,1.91,0.6,2.26,16.66,1.91,3.57
2025-12-09,-0.513,1.92,0.57,2.26,16.93,1.92,3.61
2025-12-10,-0.513,1.88,0.59,2.25,15.77,1.88,3.54
2025-12-11,-0.513,1.89,0.62,2.25,14.85,1.89,3.52
2025-12-12,-0.518,1.93,0.67,2.26,15.74,1.93,3.52
2025-12-13,-0.518,1.93,0.67,2.26,15.74,1.93,3.52
2025-12-14,-0.518,1.93,0.67,2.26,15.74,1.93,3.52
2025-12-15,-0.518,1.93,0.67,2.25,16.5,1.93,3.51
2025-12-16,-0.518,1.92,0.67,2.23,16.48,1.92,3.48
2025-12-17,-0.518,1.92,0.67,2.24,17.62,1.92,3.49
2025-12-18,-0.518,1.88,0.66,2.24,16.87,1.88,3.46
2025-12-19,-0.526,1.92,0.68,2.24,14.91,1.92,3.48
2025-12-20,-0.526,1.92,0.68,2.24,14.91,1.92,3.48
2025-12-21,-0.526,1.92,0.68,2.24,14.91,1.92,3.48
2025-12-22,-0.526,1.94,0.73,2.23,14.08,1.94,3.44
2025-12-23,-0.526,1.94,0.7,2.24,14.0,1.94,3.48
2025-12-24,-0.526,1.91,0.68,2.24,13.47,1.91,3.47
2025-12-25,-0.526,1.91,0.68,2.24,13.47,1.91,3.47
2025-12-26,-0.537,1.91,0.68,2.23,13.6,1.91,3.46
2025-12-27,-0.537,1.91,0.68,2.23,13.6,1.91,3.46
2025-12-28,-0.537,1.91,0.68,2.23,13.6,1.91,3.46
2025-12-29,-0.537,1.9,0.67,2.22,14.2,1.9,3.45
2025-12-30,-0.537,1.9,0.69,2.24,14.33,1.9,3.45
2025-12-31,-0.537,1.93,0.71,2.25,14.95,1.93,3.47
2026-01-01,-0.537,1.93,0.71,2.25,14.95,1.93,3.47
2026-01-02,-0.548,1.94,0.72,2.25,14.51,1.94,3.47
2026-01-03,-0.548,1.94,0.72,2.25,14.51,1.94,3.47
2026-01-04,-0.548,1.94,0.72,2.25,14.51,1.94,3.47
2026-01-05,-0.548,1.91,0.71,2.26,14.9,1.91,3.46
2026-01-06,-0.548,1.91,0.71,2.27,14.75,1.91,3.47
2026-01-07,-0.548,1.88,0.68,2.27,15.38,1.88,3.47
2026-01-08,-0.548,1.92,0.7,2.27,15.45,1.92,3.49
2026-01-09,-0.558,1.9,0.64,2.28,14.49,1.9,3.54
2026-01-10,-0.558,1.9,0.64,2.28,14.49,1.9,3.54
2026-01-11,-0.558,1.9,0.64,2.28,14.49,1.9,3.54
2026-01-12,-0.558,1.9,0.65,2.29,15.12,1.9,3.54
2026-01-13,-0.558,1.88,0.65,2.3,15.98,1.88,3.53
2026-01-14,-0.558,1.86,0.64,2.29,16.75,1.86,3.51
2026-01-15,-0.558,1.88,0.61,2.29,15.84,1.88,3.56
2026-01-16,-0.565,1.91,0.65,2.33,15.86,1.91,3.59
2026-01-17,-0.565,1.91,0.65,2.33,15.86,1.91,3.59
2026-01-18,-0.565,1.91,0.65,2.33,15.86,1.91,3.59
2026-01-19,-0.565,1.91,0.65,2.33,18.84,1.91,3.59
2026-01-20,-0.565,1.97,0.7,2.33,20.09,1.97,3.6
2026-01-21,-0.565,1.92,0.66,2.34,16.9,1.92,3.6
2026-01-22,-0.565,1.95,0.65,2.31,15.64,1.95,3.61
2026-01-23,-0.566,1.92,0.64,2.32,16.09,1.92,3.6
2026-01-24,-0.566,1.92,0.64,2.32,16.09,1.92,3.6
2026-01-25,-0.566,1.92,0.64,2.32,16.09,1.92,3.6
2026-01-26,-0.566,1.9,0.66,2.32,16.15,1.9,3.56
2026-01-27,-0.566,1.9,0.71,2.34,16.35,1.9,3.53
2026-01-28,-0.566,1.9,0.7,2.36,16.35,1.9,3.56
2026-01-29,-0.566,1.89,0.71,2.35,16.88,1.89,3.53
2026-01-30,-0.561,1.9,0.74,2.36,17.44,1.9,3.52
2026-01-31,-0.561,1.9,0.74,2.36,17.44,1.9,3.52
2026-02-01,-0.561,1.9,0.74,2.36,17.44,1.9,3.52
2026-02-02,-0.561,1.94,0.72,2.35,16.34,1.94,3.57
2026-02-03,-0.561,1.92,0.71,2.36,18.0,1.92,3.57
2026-02-04,-0.561,1.94,0.72,2.35,18.64,1.94,3.57
2026-02-05,-0.561,1.89,0.74,2.32,21.77,1.89,3.47
2026-02-06,-0.553,1.88,0.72,2.34,17.76,1.88,3.5
2026-02-07,-0.553,1.88,0.72,2.34,17.76,1.88,3.5
2026-02-08,-0.553,1.88,0.72,2.34,17.76,1.88,3.5
2026-02-09,-0.553,1.87,0.74,2.35,17.36,1.87,3.48
2026-02-10,-0.553,1.84,0.71,2.32,17.79,1.84,3.45
2026-02-11,-0.553,1.86,0.66,2.32,17.65,1.86,3.52
2026-02-12,-0.553,1.8,0.62,2.29,20.82,1.8,3.47
2026-02-13,-0.54,1.77,0.64,2.27,20.6,1.77,3.4
2026-02-14,-0.54,1.77,0.64,2.27,20.6,1.77,3.4
2026-02-15,-0.54,1.77,0.64,2.27,20.6,1.77,3.4
2026-02-16,-0.54,1.77,0.64,2.27,21.2,1.77,3.4
2026-02-17,-0.54,1.79,0.62,2.26,20.29,1.79,3.43
2026-02-18,-0.54,1.8,0.62,2.29,19.62,1.8,3.47
2026-02-19,-0.54,1.79,0.61,2.29,20.23,1.79,3.47
2026-02-20,-0.523,1.8,0.6,2.28,19.09,1.8,3.48
2026-02-21,-0.523,1.8,0.6,2.28,19.09,1.8,3.48
2026-02-22,-0.523,1.8,0.6,2.28,19.09,1.8,3.48
2026-02-23,-0.523,1.77,0.6,2.26,21.01,1.77,3.43
2026-02-24,-0.523,1.78,0.61,2.26,19.55,1.78,3.43
2026-02-25,-0.523,1.77,0.6,2.28,17.93,1.77,3.45
2026-02-26,-0.523,1.74,0.6,2.28,18.63,1.74,3.42
2026-02-27,-0.505,1.72,0.59,2.25,19.86,1.72,3.38
2026-02-28,-0.505,1.72,0.59,2.25,19.86,1.72,3.38
2026-03-01,-0.505,1.72,0.59,2.25,19.86,1.72,3.38
2026-03-02,-0.505,1.76,0.58,2.29,21.44,1.76,3.47
2026-03-03,-0.505,1.77,0.55,2.29,23.57,1.77,3.51
2026-03-04,-0.505,1.8,0.55,2.29,21.15,1.8,3.54
2026-03-05,-0.505,1.82,0.56,2.31,23.75,1.82,3.57
2026-03-06,-0.486,1.8,0.59,2.35,29.49,1.8,3.56
2026-03-07,-0.486,1.8,0.59,2.35,29.49,1.8,3.56
2026-03-08,-0.486,1.8,0.59,2.35,29.49,1.8,3.56
2026-03-09,-0.486,1.78,0.56,2.34,25.5,1.78,3.56
2026-03-10,-0.486,1.82,0.58,2.33,24.93,1.82,3.57
2026-03-11,-0.486,1.85,0.57,2.36,24.23,1.85,3.64
2026-03-12,-0.486,1.89,0.51,2.38,27.29,1.89,3.76
2026-03-13,-0.47,1.92,0.55,2.36,27.19,1.92,3.73
2026-03-14,-0.47,1.92,0.55,2.36,27.19,1.92,3.73
2026-03-15,-0.47,1.92,0.55,2.36,27.19,1.92,3.73
2026-03-16,-0.47,1.87,0.55,2.36,23.51,1.87,3.68
2026-03-17,-0.47,1.83,0.52,2.37,22.37,1.83,3.68
2026-03-18,-0.47,1.86,0.5,2.4,25.09,1.86,3.76
2026-03-19,-0.47,1.88,0.46,2.37,24.06,1.88,3.79
2026-03-20,-0.461,2.01,0.51,2.38,26.78,2.01,3.88
2026-03-21,-0.461,2.01,0.51,2.38,26.78,2.01,3.88
2026-03-22,-0.461,2.01,0.51,2.38,26.78,2.01,3.88
2026-03-23,-0.461,2.01,0.51,2.33,26.15,2.01,3.83
2026-03-24,-0.461,2.06,0.49,2.33,26.95,2.06,3.9
2026-03-25,-0.461,2.02,0.49,2.31,25.33,2.02,3.84
2026-03-26,-0.461,2.08,0.46,2.34,27.44,2.08,3.96
2026-03-27,-0.459,2.13,0.56,2.31,31.05,2.13,3.88
2026-03-28,-0.459,2.13,0.56,2.31,31.05,2.13,3.88
2026-03-29,-0.459,2.13,0.56,2.31,31.05,2.13,3.88
2026-03-30,-0.459,2.04,0.53,2.31,30.61,2.04,3.82
2026-03-31,-0.459,2.0,0.51,2.3,25.25,2.0,3.79
2026-04-01,-0.459,2.02,0.52,2.31,24.54,2.02,3.81
2026-04-02,-0.459,1.97,0.52,2.34,23.87,1.97,3.79
2026-04-03,-0.466,1.99,0.51,2.36,23.87,1.99,3.84
2026-04-04,-0.466,1.99,0.51,2.36,23.87,1.99,3.84
2026-04-05,-0.466,1.99,0.51,2.36,23.87,1.99,3.84
2026-04-06,-0.466,1.98,0.5,2.36,24.17,1.98,3.84
2026-04-07,-0.466,1.96,0.52,2.37,25.78,1.96,3.81
2026-04-08,-0.466,1.96,0.5,2.33,21.04,1.96,3.79
2026-04-09,-0.466,1.95,0.51,2.34,19.49,1.95,3.78
2026-04-10,-0.479,1.95,0.5,2.36,19.23,1.95,3.81
2026-04-11,-0.479,1.95,0.5,2.36,19.23,1.95,3.81
2026-04-12,-0.479,1.95,0.5,2.36,19.23,1.95,3.81
2026-04-13,-0.479,1.92,0.52,2.38,19.12,1.92,3.78
2026-04-14,-0.479,1.89,0.5,2.37,18.36,1.89,3.76
2026-04-15,-0.479,1.9,0.53,2.39,18.17,1.9,3.76
2026-04-16,-0.479,1.93,0.54,2.39,17.94,1.93,3.78
2026-04-17,-0.497,1.9,0.55,2.36,17.48,1.9,3.71
2026-04-18,-0.497,1.9,0.55,2.36,17.48,1.9,3.71
2026-04-19,-0.497,1.9,0.55,2.36,17.48,1.9,3.71
2026-04-20,-0.497,1.91,0.54,2.35,18.87,1.91,3.72
2026-04-21,-0.497,1.92,0.52,2.38,19.5,1.92,3.78
2026-04-22,-0.497,1.92,0.51,2.38,18.92,1.92,3.79
2026-04-23,-0.497,1.92,0.51,2.42,19.31,1.92,3.83
2026-04-24,-0.497,1.92,0.53,2.42,19.31,1.92,3.83
2026-04-25,-0.497,1.92,0.53,2.42,19.31,1.92,3.83
