date,TGA,RRP,WALCL,NET_LIQ
2022-01-01,,,,
2022-01-02,,,,
2022-01-03,,1579.526,,
2022-01-04,,1495.692,,
2022-01-05,389751.0,1492.787,8765721.0,8374477.213
2022-01-06,,1510.553,,
2022-01-07,,1530.096,,
2022-01-08,,,,
2022-01-09,,,,
2022-01-10,,1560.421,,
2022-01-11,,1527.02,,
2022-01-12,456401.0,1536.981,8788278.0,8330340.019
2022-01-13,,1636.742,,
2022-01-14,,1598.887,,
2022-01-15,,,,
2022-01-16,,,,
2022-01-17,,,,
2022-01-18,,1597.137,,
2022-01-19,488697.0,1656.576,8867834.0,8377480.424
2022-01-20,,1678.931,,
2022-01-21,,1706.127,,
2022-01-22,,,,
2022-01-23,,,,
2022-01-24,,1614.002,,
2022-01-25,,1599.502,,
2022-01-26,614877.0,1613.046,8860485.0,8243994.954
2022-01-27,,1583.895,,
2022-01-28,,1615.021,,
2022-01-29,,,,
2022-01-30,,,,
2022-01-31,,1654.85,,
2022-02-01,,1584.109,,
2022-02-02,675773.0,1626.895,8873211.0,8195811.105
2022-02-03,,1640.397,,
2022-02-04,,1642.892,,
2022-02-05,,,,
2022-02-06,,,,
2022-02-07,,1679.932,,
2022-02-08,,1674.61,,
2022-02-09,686384.0,1653.153,8878009.0,8189971.847
2022-02-10,,1634.146,,
2022-02-11,,1635.826,,
2022-02-12,,,,
2022-02-13,,,,
2022-02-14,,1666.232,,
2022-02-15,,1608.494,,
2022-02-16,692541.0,1644.134,8911033.0,8216847.866
2022-02-17,,1647.202,,
2022-02-18,,1674.929,,
2022-02-19,,,,
2022-02-20,,,,
2022-02-21,,,,
2022-02-22,,1699.432,,
2022-02-23,697838.0,1738.322,8928129.0,8228552.678
2022-02-24,,1650.399,,
2022-02-25,,1603.349,,
2022-02-26,,,,
2022-02-27,,,,
2022-02-28,,1596.052,,
2022-03-01,,1552.95,,
2022-03-02,682903.0,1526.211,8904455.0,8220025.789
2022-03-03,,1533.992,,
2022-03-04,,1483.061,,
2022-03-05,,,,
2022-03-06,,,,
2022-03-07,,1461.227,,
2022-03-08,,1525.099,,
2022-03-09,652039.0,1542.504,8910748.0,8257166.496
2022-03-10,,1568.735,,
2022-03-11,,1557.823,,
2022-03-12,,,,
2022-03-13,,,,
2022-03-14,,1608.021,,
2022-03-15,,1583.471,,
2022-03-16,570606.0,1613.637,8954306.0,8382086.363
2022-03-17,,1659.977,,
2022-03-18,,1715.148,,
2022-03-19,,,,
2022-03-20,,,,
2022-03-21,,1728.893,,
2022-03-22,,1763.183,,
2022-03-23,614616.0,1803.186,8962474.0,8346054.814
2022-03-24,,1707.655,,
2022-03-25,,1676.974,,
2022-03-26,,,,
2022-03-27,,,,
2022-03-28,,1688.632,,
2022-03-29,,1718.87,,
2022-03-30,575065.0,1785.939,8937142.0,8360291.061
2022-03-31,,1871.97,,
2022-04-01,,1666.063,,
2022-04-02,,,,
2022-04-03,,,,
2022-04-04,,1692.936,,
2022-04-05,,1710.834,,
2022-04-06,574451.0,1731.472,8937592.0,8361409.528
2022-04-07,,1734.424,,
2022-04-08,,1750.498,,
2022-04-09,,,,
2022-04-10,,,,
2022-04-11,,1758.958,,
2022-04-12,,1710.414,,
2022-04-13,547308.0,1815.555,8965487.0,8416363.445
2022-04-14,,1706.935,,
2022-04-15,,,,
2022-04-16,,,,
2022-04-17,,,,
2022-04-18,,1738.379,,
2022-04-19,,1817.292,,
2022-04-20,711406.0,1866.56,8955851.0,8242578.44
2022-04-21,,1854.7,,
2022-04-22,,1765.031,,
2022-04-23,,,,
2022-04-24,,,,
2022-04-25,,1783.609,,
2022-04-26,,1819.343,,
2022-04-27,944328.0,1803.162,8939199.0,7993067.838
2022-04-28,,1818.416,,
2022-04-29,,1906.802,,
2022-04-30,,,,
2022-05-01,,,,
2022-05-02,,1796.302,,
2022-05-03,,1796.252,,
2022-05-04,945478.0,1815.656,8939972.0,7992678.344
2022-05-05,,1844.762,,
2022-05-06,,1861.866,,
2022-05-07,,,,
2022-05-08,,,,
2022-05-09,,1858.995,,
2022-05-10,,1864.225,,
2022-05-11,945658.0,1876.119,8942008.0,7994473.881
2022-05-12,,1900.069,,
2022-05-13,,1865.287,,
2022-05-14,,,,
2022-05-15,,,,
2022-05-16,,1833.152,,
2022-05-17,,1877.483,,
2022-05-18,886964.0,1973.373,8945898.0,8056960.627
2022-05-19,,1981.005,,
2022-05-20,,1987.987,,
2022-05-21,,,,
2022-05-22,,,,
2022-05-23,,2044.658,,
2022-05-24,,1987.865,,
2022-05-25,821535.0,1995.75,8914281.0,8090750.25
2022-05-26,,2007.702,,
2022-05-27,,2006.688,,
2022-05-28,,,,
2022-05-29,,,,
2022-05-30,,,,
2022-05-31,,1978.538,,
2022-06-01,789532.0,1965.015,8915050.0,8123552.985
2022-06-02,,1985.239,,
2022-06-03,,2031.228,,
2022-06-04,,,,
2022-06-05,,,,
2022-06-06,,2040.093,,
2022-06-07,,2091.395,,
2022-06-08,723384.0,2140.277,8918254.0,8192729.723
2022-06-09,,2142.318,,
2022-06-10,,2162.885,,
2022-06-11,,,,
2022-06-12,,,,
2022-06-13,,2212.62,,
2022-06-14,,2223.857,,
2022-06-15,656870.0,2162.924,8932420.0,8273387.076
2022-06-16,,2178.382,,
2022-06-17,,2229.279,,
2022-06-18,,,,
2022-06-19,,,,
2022-06-20,,,,
2022-06-21,,2188.627,,
2022-06-22,758283.0,2259.458,8934346.0,8173803.542
2022-06-23,,2285.442,,
2022-06-24,,2180.984,,
2022-06-25,,,,
2022-06-26,,,,
2022-06-27,,2155.942,,
2022-06-28,,2213.784,,
2022-06-29,756627.0,2226.976,8913553.0,8154699.024
2022-06-30,,2329.743,,
2022-07-01,,2167.085,,
2022-07-02,,,,
2022-07-03,,,,
2022-07-04,,,,
2022-07-05,,2138.28,,
2022-07-06,700457.0,2168.026,8891851.0,8189225.974
2022-07-07,,2172.457,,
2022-07-08,,2144.921,,
2022-07-09,,,,
2022-07-10,,,,
2022-07-11,,2164.266,,
2022-07-12,,2146.132,,
2022-07-13,652572.0,2155.29,8895867.0,8241139.71
2022-07-14,,2207.121,,
2022-07-15,,2153.75,,
2022-07-16,,,,
2022-07-17,,,,
2022-07-18,,2190.375,,
2022-07-19,,2211.821,,
2022-07-20,613878.0,2240.204,8899213.0,8283094.796
2022-07-21,,2271.756,,
2022-07-22,,2228.959,,
2022-07-23,,,,
2022-07-24,,,,
2022-07-25,,2192.367,,
2022-07-26,,2189.474,,
2022-07-27,602945.0,2188.994,8890004.0,8284870.006
2022-07-28,,2239.883,,
2022-07-29,,2300.2,,
2022-07-30,,,,
2022-07-31,,,,
2022-08-01,,2161.885,,
2022-08-02,,2156.013,,
2022-08-03,594115.0,2182.238,8874620.0,8278322.762
2022-08-04,,2191.546,,
2022-08-05,,2194.927,,
2022-08-06,,,,
2022-08-07,,,,
2022-08-08,,2195.692,,
2022-08-09,,2186.568,,
2022-08-10,557265.0,2177.646,8879138.0,8319695.354
2022-08-11,,2199.247,,
2022-08-12,,2213.193,,
2022-08-13,,,,
2022-08-14,,,,
2022-08-15,,2175.857,,
2022-08-16,,2165.332,,
2022-08-17,545321.0,2199.631,8849762.0,8302241.369
2022-08-18,,2218.161,,
2022-08-19,,2221.68,,
2022-08-20,,,,
2022-08-21,,,,
2022-08-22,,2235.665,,
2022-08-23,,2250.718,,
2022-08-24,535267.0,2237.072,8851436.0,8313931.928
2022-08-25,,2187.907,,
2022-08-26,,2182.452,,
2022-08-27,,,,
2022-08-28,,,,
2022-08-29,,2205.188,,
2022-08-30,,2188.975,,
2022-08-31,612536.0,2251.025,8826093.0,8211305.975
2022-09-01,,2173.156,,
2022-09-02,,2173.413,,
2022-09-03,,,,
2022-09-04,,,,
2022-09-05,,,,
2022-09-06,,2188.796,,
2022-09-07,581295.0,2206.987,8822401.0,8238899.013
2022-09-08,,2210.466,,
2022-09-09,,2209.714,,
2022-09-10,,,,
2022-09-11,,,,
2022-09-12,,2218.546,,
2022-09-13,,2202.719,,
2022-09-14,593808.0,2225.579,8832759.0,8236725.421
2022-09-15,,2176.188,,
2022-09-16,,2186.833,,
2022-09-17,,,,
2022-09-18,,,,
2022-09-19,,2217.542,,
2022-09-20,,2238.87,,
2022-09-21,692496.0,2315.9,8816802.0,8121990.1
2022-09-22,,2359.227,,
2022-09-23,,2319.361,,
2022-09-24,,,,
2022-09-25,,,,
2022-09-26,,2299.011,,
2022-09-27,,2327.111,,
2022-09-28,689569.0,2366.798,8795567.0,8103631.202
2022-09-29,,2371.763,,
2022-09-30,,2425.91,,
2022-10-01,,,,
2022-10-02,,,,
2022-10-03,,2252.523,,
2022-10-04,,2233.616,,
2022-10-05,633939.0,2230.799,8759053.0,8122883.201
2022-10-06,,2232.801,,
2022-10-07,,2226.95,,
2022-10-08,,,,
2022-10-09,,,,
2022-10-10,,,,
2022-10-11,,2222.479,,
2022-10-12,608302.0,2247.206,8758969.0,8148419.794
2022-10-13,,2244.1,,
2022-10-14,,2222.052,,
2022-10-15,,,,
2022-10-16,,,,
2022-10-17,,2172.301,,
2022-10-18,,2226.725,,
2022-10-19,607199.0,2241.835,8743922.0,8134481.165
2022-10-20,,2234.071,,
2022-10-21,,2265.809,,
2022-10-22,,,,
2022-10-23,,,,
2022-10-24,,2242.044,,
2022-10-25,,2195.616,,
2022-10-26,634548.0,2186.856,8723090.0,8086355.144
2022-10-27,,2152.485,,
2022-10-28,,2183.29,,
2022-10-29,,,,
2022-10-30,,,,
2022-10-31,,2275.459,,
2022-11-01,,2200.51,,
2022-11-02,598544.0,2229.861,8676870.0,8076096.139
2022-11-03,,2219.791,,
2022-11-04,,2230.84,,
2022-11-05,,,,
2022-11-06,,,,
2022-11-07,,2241.317,,
2022-11-08,,2232.555,,
2022-11-09,527479.0,2237.812,8678886.0,8149169.188
2022-11-10,,2200.586,,
2022-11-11,,,,
2022-11-12,,,,
2022-11-13,,,,
2022-11-14,,2165.018,,
2022-11-15,,2086.574,,
2022-11-16,502982.0,2099.07,8625620.0,8120538.93
2022-11-17,,2114.439,,
2022-11-18,,2113.413,,
2022-11-19,,,,
2022-11-20,,,,
2022-11-21,,2125.426,,
2022-11-22,,2103.932,,
2022-11-23,479474.0,2069.174,8621390.0,8139846.826
2022-11-24,,,,
2022-11-25,,2031.066,,
2022-11-26,,,,
2022-11-27,,,,
2022-11-28,,2054.914,,
2022-11-29,,2064.377,,
2022-11-30,511474.0,2115.913,8584576.0,8070986.087
2022-12-01,,2050.286,,
2022-12-02,,2049.763,,
2022-12-03,,,,
2022-12-04,,,,
2022-12-05,,2093.647,,
2022-12-06,,2111.465,,
2022-12-07,432335.0,2151.549,8582735.0,8148248.451
2022-12-08,,2175.973,,
2022-12-09,,2146.748,,
2022-12-10,,,,
2022-12-11,,,,
2022-12-12,,2158.517,,
2022-12-13,,2180.676,,
2022-12-14,355517.0,2192.864,8583413.0,8225703.136
2022-12-15,,2123.995,,
2022-12-16,,2126.54,,
2022-12-17,,,,
2022-12-18,,,,
2022-12-19,,2134.765,,
2022-12-20,,2159.408,,
2022-12-21,459780.0,2206.965,8564411.0,8102424.035
2022-12-22,,2222.898,,
2022-12-23,,2216.348,,
2022-12-24,,,,
2022-12-25,,,,
2022-12-26,,,,
2022-12-27,,2221.259,,
2022-12-28,427926.0,2293.003,8551169.0,8120949.997
2022-12-29,,2308.319,,
2022-12-30,,2553.716,,
2022-12-31,,,,
2023-01-01,,,,
2023-01-02,,,,
2023-01-03,,2188.272,,
2023-01-04,423625.0,2229.542,8507429.0,8081574.458
2023-01-05,,2242.486,,
2023-01-06,,2208.265,,
2023-01-07,,,,
2023-01-08,,,,
2023-01-09,,2199.121,,
2023-01-10,,2192.942,,
2023-01-11,372340.0,2199.17,8508587.0,8134047.83
2023-01-12,,2202.989,,
2023-01-13,,2179.781,,
2023-01-14,,,,
2023-01-15,,,,
2023-01-16,,,,
2023-01-17,,2093.328,,
2023-01-18,339018.0,2131.678,8489039.0,8147889.322
2023-01-19,,2110.145,,
2023-01-20,,2090.523,,
2023-01-21,,,,
2023-01-22,,,,
2023-01-23,,2135.499,,
2023-01-24,,2048.386,,
2023-01-25,491848.0,2031.561,8470557.0,7976677.439
2023-01-26,,2024.069,,
2023-01-27,,2003.634,,
2023-01-28,,,,
2023-01-29,,,,
2023-01-30,,2048.714,,
2023-01-31,,2061.572,,
2023-02-01,560089.0,2038.262,8433610.0,7871482.738
2023-02-02,,2050.063,,
2023-02-03,,2041.217,,
2023-02-04,,,,
2023-02-05,,,,
2023-02-06,,2072.261,,
2023-02-07,,2057.958,,
2023-02-08,493277.0,2059.604,8435369.0,7940032.396
2023-02-09,,2058.942,,
2023-02-10,,2042.893,,
2023-02-11,,,,
2023-02-12,,,,
2023-02-13,,2107.775,,
2023-02-14,,2076.548,,
2023-02-15,490379.0,2011.998,8384767.0,7892376.002
2023-02-16,,2032.457,,
2023-02-17,,2059.662,,
2023-02-18,,,,
2023-02-19,,,,
2023-02-20,,,,
2023-02-21,,2046.064,,
2023-02-22,477333.0,2113.849,8382190.0,7902743.151
2023-02-23,,2147.417,,
2023-02-24,,2142.141,,
2023-02-25,,,,
2023-02-26,,,,
2023-02-27,,2162.435,,
2023-02-28,,2188.035,,
2023-03-01,381245.0,2133.95,8339684.0,7956305.05
2023-03-02,,2192.355,,
2023-03-03,,2186.15,,
2023-03-04,,,,
2023-03-05,,,,
2023-03-06,,2190.793,,
2023-03-07,,2170.195,,
2023-03-08,333350.0,2193.237,8342283.0,8006739.763
2023-03-09,,2229.623,,
2023-03-10,,2188.375,,
2023-03-11,,,,
2023-03-12,,,,
2023-03-13,,2126.677,,
2023-03-14,,2042.579,,
2023-03-15,232866.0,2055.823,8639300.0,8404378.177
2023-03-16,,2066.319,,
2023-03-17,,2106.166,,
2023-03-18,,,,
2023-03-19,,,,
2023-03-20,,2098.393,,
2023-03-21,,2194.631,,
2023-03-22,259587.0,2279.608,8733787.0,8471920.392
2023-03-23,,2233.956,,
2023-03-24,,2218.458,,
2023-03-25,,,,
2023-03-26,,,,
2023-03-27,,2220.131,,
2023-03-28,,2231.749,,
2023-03-29,183577.0,2264.862,8705942.0,8520100.138
2023-03-30,,2271.531,,
2023-03-31,,2375.171,,
2023-04-01,,,,
2023-04-02,,,,
2023-04-03,,2221.01,,
2023-04-04,,2219.375,,
2023-04-05,168793.0,2243.011,8632384.0,8461347.989
2023-04-06,,2173.663,,
2023-04-07,,,,
2023-04-08,,,,
2023-04-09,,,,
2023-04-10,,2239.655,,
2023-04-11,,2297.208,,
2023-04-12,109208.0,2303.862,8614797.0,8503285.138
2023-04-13,,2321.699,,
2023-04-14,,2253.786,,
2023-04-15,,,,
2023-04-16,,,,
2023-04-17,,2256.845,,
2023-04-18,,2238.994,,
2023-04-19,166555.0,2294.677,8593263.0,8424413.323
2023-04-20,,2277.259,,
2023-04-21,,2290.023,,
2023-04-22,,,,
2023-04-23,,,,
2023-04-24,,2308.538,,
2023-04-25,,2275.402,,
2023-04-26,291702.0,2279.561,8562768.0,8268786.439
2023-04-27,,2273.926,,
2023-04-28,,2325.479,,
2023-04-29,,,,
2023-04-30,,,,
2023-05-01,,2239.866,,
2023-05-02,,2267.13,,
2023-05-03,269216.0,2258.222,8503994.0,8232519.778
2023-05-04,,2242.399,,
2023-05-05,,2207.415,,
2023-05-06,,,,
2023-05-07,,,,
2023-05-08,,2217.601,,
2023-05-09,,2222.864,,
2023-05-10,197666.0,2233.149,8503017.0,8303117.851
2023-05-11,,2242.243,,
2023-05-12,,2229.199,,
2023-05-13,,,,
2023-05-14,,,,
2023-05-15,,2220.927,,
2023-05-16,,2203.214,,
2023-05-17,116220.0,2213.676,8456760.0,8338326.324
2023-05-18,,2238.266,,
2023-05-19,,2276.72,,
2023-05-20,,,,
2023-05-21,,,,
2023-05-22,,2275.311,,
2023-05-23,,2256.689,,
2023-05-24,61952.0,2250.709,8436255.0,8372052.291
2023-05-25,,2197.638,,
2023-05-26,,2189.681,,
2023-05-27,,,,
2023-05-28,,,,
2023-05-29,,,,
2023-05-30,,2200.479,,
2023-05-31,48954.0,2254.859,8385854.0,8334645.141
2023-06-01,,2160.055,,
2023-06-02,,2142.102,,
2023-06-03,,,,
2023-06-04,,,,
2023-06-05,,2131.417,,
2023-06-06,,2134.638,,
2023-06-07,44756.0,2161.556,8389325.0,8342407.444
2023-06-08,,2141.798,,
2023-06-09,,2127.652,,
2023-06-10,,,,
2023-06-11,,,,
2023-06-12,,2126.87,,
2023-06-13,,2074.52,,
2023-06-14,102118.0,2109.105,8388323.0,8284095.895
2023-06-15,,1992.14,,
2023-06-16,,2011.556,,
2023-06-17,,,,
2023-06-18,,,,
2023-06-19,,,,
2023-06-20,,1989.489,,
2023-06-21,276850.0,2037.102,8362060.0,8083172.898
2023-06-22,,1994.711,,
2023-06-23,,1969.38,,
2023-06-24,,,,
2023-06-25,,,,
2023-06-26,,1961.027,,
2023-06-27,,1951.098,,
2023-06-28,390571.0,1945.211,8340914.0,7948397.789
2023-06-29,,1934.684,,
2023-06-30,,2034.319,,
2023-07-01,,,,
2023-07-02,,,,
2023-07-03,,1909.639,,
2023-07-04,,,,
2023-07-05,415441.0,1867.061,8298312.0,7881003.939
2023-07-06,,1854.256,,
2023-07-07,,1822.303,,
2023-07-08,,,,
2023-07-09,,,,
2023-07-10,,1811.981,,
2023-07-11,,1775.796,,
2023-07-12,514337.0,1820.146,8296923.0,7780765.854
2023-07-13,,1767.432,,
2023-07-14,,1740.777,,
2023-07-15,,,,
2023-07-16,,,,
2023-07-17,,1728.322,,
2023-07-18,,1716.862,,
2023-07-19,531135.0,1732.804,8274552.0,7741684.196
2023-07-20,,1721.001,,
2023-07-21,,1770.752,,
2023-07-22,,,,
2023-07-23,,,,
2023-07-24,,1770.867,,
2023-07-25,,1720.716,,
2023-07-26,543597.0,1749.733,8243344.0,7697997.267
2023-07-27,,1735.783,,
2023-07-28,,1730.227,,
2023-07-29,,,,
2023-07-30,,,,
2023-07-31,,1821.124,,
2023-08-01,,1739.554,,
2023-08-02,517459.0,1770.186,8206764.0,7687534.814
2023-08-03,,1776.774,,
2023-08-04,,1793.804,,
2023-08-05,,,,
2023-08-06,,,,
2023-08-07,,1810.583,,
2023-08-08,,1778.351,,
2023-08-09,444594.0,1796.519,8208241.0,7761850.481
2023-08-10,,1759.897,,
2023-08-11,,1773.236,,
2023-08-12,,,,
2023-08-13,,,,
2023-08-14,,1799.311,,
2023-08-15,,1743.784,,
2023-08-16,435795.0,1796.725,8145727.0,7708135.275
2023-08-17,,1794.12,,
2023-08-18,,1819.201,,
2023-08-19,,,,
2023-08-20,,,,
2023-08-21,,1824.788,,
2023-08-22,,1812.294,,
2023-08-23,413787.0,1816.533,8139066.0,7723462.467
2023-08-24,,1731.623,,
2023-08-25,,1687.379,,
2023-08-26,,,,
2023-08-27,,,,
2023-08-28,,1708.605,,
2023-08-29,,1693.278,,
2023-08-30,470800.0,1696.819,8121316.0,7648819.181
2023-08-31,,1651.602,,
2023-09-01,,1574.065,,
2023-09-02,,,,
2023-09-03,,,,
2023-09-04,,,,
2023-09-05,,1568.49,,
2023-09-06,470881.0,1606.244,8101318.0,7628830.756
2023-09-07,,1535.289,,
2023-09-08,,1525.403,,
2023-09-09,,,,
2023-09-10,,,,
2023-09-11,,1549.111,,
2023-09-12,,1493.781,,
2023-09-13,521507.0,1546.225,8098779.0,7575725.775
2023-09-14,,1492.427,,
2023-09-15,,1401.403,,
2023-09-16,,,,
2023-09-17,,,,
2023-09-18,,1452.942,,
2023-09-19,,1453.324,,
2023-09-20,640296.0,1486.984,8024090.0,7382307.016
2023-09-21,,1454.115,,
2023-09-22,,1427.575,,
2023-09-23,,,,
2023-09-24,,,,
2023-09-25,,1437.31,,
2023-09-26,,1438.301,,
2023-09-27,681143.0,1442.805,8002064.0,7319478.195
2023-09-28,,1453.366,,
2023-09-29,,1557.569,,
2023-09-30,,,,
2023-10-01,,,,
2023-10-02,,1365.739,,
2023-10-03,,1348.465,,
2023-10-04,668009.0,1342.031,7955782.0,7286430.969
2023-10-05,,1265.132,,
2023-10-06,,1283.461,,
2023-10-07,,,,
2023-10-08,,,,
2023-10-09,,,,
2023-10-10,,1222.44,,
2023-10-11,709160.0,1239.382,7952054.0,7241654.618
2023-10-12,,1157.319,,
2023-10-13,,1151.818,,
2023-10-14,,,,
2023-10-15,,,,
2023-10-16,,1108.819,,
2023-10-17,,1082.502,,
2023-10-18,759878.0,1150.781,7933162.0,7172133.219
2023-10-19,,1114.179,,
2023-10-20,,1138.756,,
2023-10-21,,,,
2023-10-22,,,,
2023-10-23,,1157.976,,
2023-10-24,,1097.875,,
2023-10-25,834418.0,1100.617,7907830.0,7072311.383
2023-10-26,,1089.85,,
2023-10-27,,1091.858,,
2023-10-28,,,,
2023-10-29,,,,
2023-10-30,,1138.035,,
2023-10-31,,1137.697,,
2023-11-01,820487.0,1079.462,7866664.0,7045097.538
2023-11-02,,1054.986,,
2023-11-03,,1071.139,,
2023-11-04,,,,
2023-11-05,,,,
2023-11-06,,1062.878,,
2023-11-07,,1008.685,,
2023-11-08,772686.0,1024.451,7860691.0,7086980.549
2023-11-09,,993.314,,
2023-11-10,,1032.72,,
2023-11-11,,,,
2023-11-12,,,,
2023-11-13,,1020.272,,
2023-11-14,,988.298,,
2023-11-15,738562.0,944.241,7814991.0,7075484.759
2023-11-16,,912.01,,
2023-11-17,,935.803,,
2023-11-18,,,,
2023-11-19,,,,
2023-11-20,,953.088,,
2023-11-21,,931.155,,
2023-11-22,706017.0,931.604,7810814.0,7103865.396
2023-11-23,,,,
2023-11-24,,865.907,,
2023-11-25,,,,
2023-11-26,,,,
2023-11-27,,867.22,,
2023-11-28,,873.344,,
2023-11-29,739209.0,914.187,7796145.0,7056021.813
2023-11-30,,887.822,,
2023-12-01,,768.543,,
2023-12-02,,,,
2023-12-03,,,,
2023-12-04,,815.847,,
2023-12-05,,834.428,,
2023-12-06,682509.0,846.498,7737385.0,7054029.502
2023-12-07,,825.734,,
2023-12-08,,821.408,,
2023-12-09,,,,
2023-12-10,,,,
2023-12-11,,838.507,,
2023-12-12,,837.803,,
2023-12-13,658440.0,823.329,7739566.0,7080302.671
2023-12-14,,769.346,,
2023-12-15,,683.254,,
2023-12-16,,,,
2023-12-17,,,,
2023-12-18,,724.704,,
2023-12-19,,773.082,,
2023-12-20,732196.0,779.143,7724063.0,6991087.857
2023-12-21,,778.402,,
2023-12-22,,772.258,,
2023-12-23,,,,
2023-12-24,,,,
2023-12-25,,,,
2023-12-26,,793.937,,
2023-12-27,731405.0,818.869,7712781.0,6980557.131
2023-12-28,,829.573,,
2023-12-29,,1018.483,,
2023-12-30,,,,
2023-12-31,,,,
2024-01-01,,,,
2024-01-02,,704.864,,
2024-01-03,758448.0,719.897,7681024.0,6921856.103
2024-01-04,,664.899,,
2024-01-05,,694.478,,
2024-01-06,,,,
2024-01-07,,,,
2024-01-08,,691.485,,
2024-01-09,,676.05,,
2024-01-10,747565.0,679.961,7686710.0,6938465.039
2024-01-11,,626.37,,
2024-01-12,,603.116,,
2024-01-13,,,,
2024-01-14,,,,
2024-01-15,,,,
2024-01-16,,583.103,,
2024-01-17,748883.0,590.191,7673741.0,6924267.809
2024-01-18,,618.234,,
2024-01-19,,625.182,,
2024-01-20,,,,
2024-01-21,,,,
2024-01-22,,647.103,,
2024-01-23,,621.195,,
2024-01-24,799358.0,639.56,7677230.0,6877232.44
2024-01-25,,557.687,,
2024-01-26,,570.828,,
2024-01-27,,,,
2024-01-28,,,,
2024-01-29,,581.41,,
2024-01-30,,577.755,,
2024-01-31,841550.0,615.379,7630124.0,6787958.621
2024-02-01,,503.548,,
2024-02-02,,513.422,,
2024-02-03,,,,
2024-02-04,,,,
2024-02-05,,552.289,,
2024-02-06,,532.439,,
2024-02-07,802135.0,553.055,7631300.0,6828611.945
2024-02-08,,535.705,,
2024-02-09,,569.175,,
2024-02-10,,,,
2024-02-11,,,,
2024-02-12,,581.568,,
2024-02-13,,553.684,,
2024-02-14,838005.0,575.332,7633874.0,6795293.668
2024-02-15,,493.065,,
2024-02-16,,532.125,,
2024-02-17,,,,
2024-02-18,,,,
2024-02-19,,,,
2024-02-20,,530.879,,
2024-02-21,785465.0,574.882,7581683.0,6795643.118
2024-02-22,,553.245,,
2024-02-23,,520.107,,
2024-02-24,,,,
2024-02-25,,,,
2024-02-26,,524.959,,
2024-02-27,,519.725,,
2024-02-28,785821.0,569.855,7567807.0,6781416.145
2024-02-29,,502.074,,
2024-03-01,,441.265,,
2024-03-02,,,,
2024-03-03,,,,
2024-03-04,,439.793,,
2024-03-05,,444.474,,
2024-03-06,767733.0,456.847,7538857.0,6770667.153
2024-03-07,,436.754,,
2024-03-08,,444.803,,
2024-03-09,,,,
2024-03-10,,,,
2024-03-11,,478.728,,
2024-03-12,,476.862,,
2024-03-13,768369.0,521.738,7541969.0,6773078.262
2024-03-14,,483.573,,
2024-03-15,,413.877,,
2024-03-16,,,,
2024-03-17,,,,
2024-03-18,,440.596,,
2024-03-19,,446.978,,
2024-03-20,809298.0,496.245,7514348.0,6704553.755
2024-03-21,,460.631,,
2024-03-22,,478.531,,
2024-03-23,,,,
2024-03-24,,,,
2024-03-25,,473.787,,
2024-03-26,,496.062,,
2024-03-27,802233.0,518.357,7484739.0,6681987.643
2024-03-28,,594.428,,
2024-03-29,,,,
2024-03-30,,,,
2024-03-31,,,,
2024-04-01,,441.903,,
2024-04-02,,448.424,,
2024-04-03,768651.0,436.631,7439558.0,6670470.369
2024-04-04,,438.764,,
2024-04-05,,438.319,,
2024-04-06,,,,
2024-04-07,,,,
2024-04-08,,448.597,,
2024-04-09,,441.792,,
2024-04-10,704971.0,445.816,7438176.0,6732759.184
2024-04-11,,455.361,,
2024-04-12,,407.322,,
2024-04-13,,,,
2024-04-14,,,,
2024-04-15,,327.066,,
2024-04-16,,371.554,,
2024-04-17,796535.0,440.508,7405506.0,6608530.492
2024-04-18,,433.006,,
2024-04-19,,397.234,,
2024-04-20,,,,
2024-04-21,,,,
2024-04-22,,409.816,,
2024-04-23,,435.88,,
2024-04-24,941430.0,441.215,7402434.0,6460562.785
2024-04-25,,443.928,,
2024-04-26,,464.912,,
2024-04-27,,,,
2024-04-28,,,,
2024-04-29,,505.53,,
2024-04-30,,534.234,,
2024-05-01,917177.0,438.148,7362474.0,6444858.852
2024-05-02,,428.68,,
2024-05-03,,450.165,,
2024-05-04,,,,
2024-05-05,,,,
2024-05-06,,468.97,,
2024-05-07,,475.325,,
2024-05-08,851591.0,493.427,7353408.0,6501323.573
2024-05-09,,458.55,,
2024-05-10,,486.434,,
2024-05-11,,,,
2024-05-12,,,,
2024-05-13,,492.068,,
2024-05-14,,468.344,,
2024-05-15,787133.0,443.779,7304272.0,6516695.221
2024-05-16,,410.121,,
2024-05-17,,449.373,,
2024-05-18,,,,
2024-05-19,,,,
2024-05-20,,489.728,,
2024-05-21,,491.72,,
2024-05-22,725376.0,496.382,7299566.0,6573693.618
2024-05-23,,467.398,,
2024-05-24,,431.239,,
2024-05-25,,,,
2024-05-26,,,,
2024-05-27,,,,
2024-05-28,,417.836,,
2024-05-29,704335.0,459.314,7284319.0,6579524.686
2024-05-30,,452.034,,
2024-05-31,,439.806,,
2024-06-01,,,,
2024-06-02,,,,
2024-06-03,,387.069,,
2024-06-04,,377.825,,
2024-06-05,710309.0,371.841,7255687.0,6545006.159
2024-06-06,,378.125,,
2024-06-07,,395.462,,
2024-06-08,,,,
2024-06-09,,,,
2024-06-10,,416.481,,
2024-06-11,,410.449,,
2024-06-12,673573.0,447.574,7258974.0,6584953.426
2024-06-13,,429.864,,
2024-06-14,,386.885,,
2024-06-15,,,,
2024-06-16,,,,
2024-06-17,,333.429,,
2024-06-18,,375.542,,
2024-06-19,723410.0,,7252542.0,
2024-06-20,,388.841,,
2024-06-21,,421.04,,
2024-06-22,,,,
2024-06-23,,,,
2024-06-24,,435.916,,
2024-06-25,,466.31,,
2024-06-26,765417.0,490.156,7231163.0,6465255.844
2024-06-27,,531.692,,
2024-06-28,,664.57,,
2024-06-29,,,,
2024-06-30,,,,
2024-07-01,,451.783,,
2024-07-02,,443.369,,
2024-07-03,761373.0,425.898,7221520.0,6459721.102
2024-07-04,,,,
2024-07-05,,390.632,,
2024-07-06,,,,
2024-07-07,,,,
2024-07-08,,415.257,,
2024-07-09,,423.152,,
2024-07-10,736402.0,422.147,7224079.0,6487254.853
2024-07-11,,403.708,,
2024-07-12,,406.59,,
2024-07-13,,,,
2024-07-14,,,,
2024-07-15,,413.28,,
2024-07-16,,409.594,,
2024-07-17,751593.0,399.401,7208247.0,6456254.599
2024-07-18,,391.652,,
2024-07-19,,379.801,,
2024-07-20,,,,
2024-07-21,,,,
2024-07-22,,395.901,,
2024-07-23,,389.837,,
2024-07-24,774315.0,399.121,7205455.0,6430740.879
2024-07-25,,377.433,,
2024-07-26,,381.257,,
2024-07-27,,,,
2024-07-28,,,,
2024-07-29,,385.281,,
2024-07-30,,367.054,,
2024-07-31,786486.0,413.2,7178391.0,6391491.8
2024-08-01,,348.885,,
2024-08-02,,338.473,,
2024-08-03,,,,
2024-08-04,,,,
2024-08-05,,316.246,,
2024-08-06,,291.958,,
2024-08-07,770931.0,286.66,7175256.0,6404038.34
2024-08-08,,303.159,,
2024-08-09,,312.198,,
2024-08-10,,,,
2024-08-11,,,,
2024-08-12,,328.641,,
2024-08-13,,324.494,,
2024-08-14,794120.0,328.472,7177688.0,6383239.528
2024-08-15,,307.141,,
2024-08-16,,330.317,,
2024-08-17,,,,
2024-08-18,,,,
2024-08-19,,333.583,,
2024-08-20,,310.819,,
2024-08-21,736494.0,321.329,7139952.0,6403136.671
2024-08-22,,316.777,,
2024-08-23,,312.896,,
2024-08-24,,,,
2024-08-25,,,,
2024-08-26,,353.557,,
2024-08-27,,344.045,,
2024-08-28,745851.0,388.89,7123238.0,6376998.11
2024-08-29,,383.434,,
2024-08-30,,433.13,,
2024-08-31,,,,
2024-09-01,,,,
2024-09-02,,,,
2024-09-03,,349.808,,
2024-09-04,733959.0,337.312,7112567.0,6378270.688
2024-09-05,,291.091,,
2024-09-06,,299.271,,
2024-09-07,,,,
2024-09-08,,,,
2024-09-09,,292.158,,
2024-09-10,,281.392,,
2024-09-11,755958.0,279.215,7115001.0,6358763.785
2024-09-12,,294.464,,
2024-09-13,,284.951,,
2024-09-14,,,,
2024-09-15,,,,
2024-09-16,,239.386,,
2024-09-17,,256.337,,
2024-09-18,771194.0,305.831,7109137.0,6337637.169
2024-09-19,,311.777,,
2024-09-20,,339.316,,
2024-09-21,,,,
2024-09-22,,,,
2024-09-23,,380.372,,
2024-09-24,,388.977,,
2024-09-25,806771.0,416.193,7080059.0,6272871.807
2024-09-26,,424.916,,
2024-09-27,,436.518,,
2024-09-28,,,,
2024-09-29,,,,
2024-09-30,,465.638,,
2024-10-01,,375.221,,
2024-10-02,798277.0,383.398,7046925.0,6248264.602
2024-10-03,,341.248,,
2024-10-04,,330.012,,
2024-10-05,,,,
2024-10-06,,,,
2024-10-07,,322.948,,
2024-10-08,,325.355,,
2024-10-09,802115.0,343.448,7046840.0,6244381.552
2024-10-10,,322.587,,
2024-10-11,,331.735,,
2024-10-12,,,,
2024-10-13,,,,
2024-10-14,,,,
2024-10-15,,286.398,,
2024-10-16,791792.0,272.028,7039284.0,6247219.972
2024-10-17,,262.21,,
2024-10-18,,259.892,,
2024-10-19,,,,
2024-10-20,,,,
2024-10-21,,261.044,,
2024-10-22,,237.76,,
2024-10-23,829991.0,270.839,7029408.0,6199146.161
2024-10-24,,202.798,,
2024-10-25,,227.0,,
2024-10-26,,,,
2024-10-27,,,,
2024-10-28,,251.032,,
2024-10-29,,244.841,,
2024-10-30,835237.0,228.946,7013490.0,6178024.054
2024-10-31,,201.278,,
2024-11-01,,155.476,,
2024-11-02,,,,
2024-11-03,,,,
2024-11-04,,171.885,,
2024-11-05,,144.243,,
2024-11-06,842051.0,177.871,6994299.0,6152070.129
2024-11-07,,159.002,,
2024-11-08,,163.621,,
2024-11-09,,,,
2024-11-10,,,,
2024-11-11,,,,
2024-11-12,,178.814,,
2024-11-13,832186.0,238.106,6967108.0,6134683.894
2024-11-14,,214.509,,
2024-11-15,,172.4,,
2024-11-16,,,,
2024-11-17,,,,
2024-11-18,,200.03,,
2024-11-19,,200.664,,
2024-11-20,751873.0,217.793,6923731.0,6171640.207
2024-11-21,,188.567,,
2024-11-22,,204.254,,
2024-11-23,,,,
2024-11-24,,,,
2024-11-25,,186.749,,
2024-11-26,,148.823,,
2024-11-27,775250.0,169.815,6905140.0,6129720.185
2024-11-28,,,,
2024-11-29,,197.627,,
2024-11-30,,,,
2024-12-01,,,,
2024-12-02,,135.858,,
2024-12-03,,161.572,,
2024-12-04,789516.0,162.866,6895827.0,6106148.134
2024-12-05,,131.964,,
2024-12-06,,130.014,,
2024-12-07,,,,
2024-12-08,,,,
2024-12-09,,153.029,,
2024-12-10,,174.842,,
2024-12-11,775067.0,180.12,6897485.0,6122237.88
2024-12-12,,165.025,,
2024-12-13,,135.777,,
2024-12-14,,,,
2024-12-15,,,,
2024-12-16,,110.753,,
2024-12-17,,118.093,,
2024-12-18,767932.0,131.651,6889332.0,6121268.349
2024-12-19,,112.417,,
2024-12-20,,98.356,,
2024-12-21,,,,
2024-12-22,,,,
2024-12-23,,116.004,,
2024-12-24,,180.989,,
2024-12-25,764770.0,,6885963.0,
2024-12-26,,196.818,,
2024-12-27,,268.739,,
2024-12-28,,,,
2024-12-29,,,,
2024-12-30,,260.743,,
2024-12-31,,473.46,,
2025-01-01,719873.0,,6852491.0,
2025-01-02,,239.858,,
2025-01-03,,237.377,,
2025-01-04,,,,
2025-01-05,,,,
2025-01-06,,231.926,,
2025-01-07,,208.296,,
2025-01-08,652636.0,185.144,6853554.0,6200732.856
2025-01-09,,168.225,,
2025-01-10,,178.8,,
2025-01-11,,,,
2025-01-12,,,,
2025-01-13,,183.669,,
2025-01-14,,160.219,,
2025-01-15,641225.0,119.977,6834070.0,6192725.023
2025-01-16,,94.489,,
2025-01-17,,118.327,,
2025-01-18,,,,
2025-01-19,,,,
2025-01-20,,,,
2025-01-21,,96.015,,
2025-01-22,677282.0,123.981,6831760.0,6154354.019
2025-01-23,,132.031,,
2025-01-24,,104.972,,
2025-01-25,,,,
2025-01-26,,,,
2025-01-27,,92.863,,
2025-01-28,,112.76,,
2025-01-29,784206.0,121.842,6818186.0,6033858.158
2025-01-30,,125.965,,
2025-01-31,,187.913,,
2025-02-01,,,,
2025-02-02,,,,
2025-02-03,,97.781,,
2025-02-04,,85.654,,
2025-02-05,805593.0,78.788,6810935.0,6005263.212
2025-02-06,,79.983,,
2025-02-07,,95.248,,
2025-02-08,,,,
2025-02-09,,,,
2025-02-10,,99.653,,
2025-02-11,,76.446,,
2025-02-12,828102.0,67.67,6813513.0,5985343.33
2025-02-13,,67.82,,
2025-02-14,,58.77,,
2025-02-15,,,,
2025-02-16,,,,
2025-02-17,,,,
2025-02-18,,77.817,,
2025-02-19,790062.0,73.196,6782332.0,5992196.804
2025-02-20,,63.207,,
2025-02-21,,68.983,,
2025-02-22,,,,
2025-02-23,,,,
2025-02-24,,76.818,,
2025-02-25,,96.0,,
2025-02-26,681161.0,126.058,6766101.0,6084813.942
2025-02-27,,182.148,,
2025-02-28,,234.422,,
2025-03-01,,,,
2025-03-02,,,,
2025-03-03,,119.987,,
2025-03-04,,135.257,,
2025-03-05,548331.0,139.493,6756764.0,6208293.507
2025-03-06,,129.269,,
2025-03-07,,136.305,,
2025-03-08,,,,
2025-03-09,,,,
2025-03-10,,129.054,,
2025-03-11,,137.31,,
2025-03-12,512581.0,131.055,6759571.0,6246858.945
2025-03-13,,113.435,,
2025-03-14,,126.234,,
2025-03-15,,,,
2025-03-16,,,,
2025-03-17,,89.496,,
2025-03-18,,149.503,,
2025-03-19,435936.0,193.378,6755982.0,6319852.622
2025-03-20,,192.64,,
2025-03-21,,200.85,,
2025-03-22,,,,
2025-03-23,,,,
2025-03-24,,196.565,,
2025-03-25,,214.786,,
2025-03-26,360177.0,241.371,6740253.0,6379834.629
2025-03-27,,291.785,,
2025-03-28,,286.575,,
2025-03-29,,,,
2025-03-30,,,,
2025-03-31,,399.167,,
2025-04-01,,230.063,,
2025-04-02,313326.0,233.488,6723452.0,6409892.512
2025-04-03,,196.265,,
2025-04-04,,184.499,,
2025-04-05,,,,
2025-04-06,,,,
2025-04-07,,148.146,,
2025-04-08,,156.911,,
2025-04-09,306049.0,168.115,6727416.0,6421198.885
2025-04-10,,129.95,,
2025-04-11,,98.531,,
2025-04-12,,,,
2025-04-13,,,,
2025-04-14,,102.838,,
2025-04-15,,88.878,,
2025-04-16,422983.0,54.772,6727113.0,6304075.228
2025-04-17,,58.6,,
2025-04-18,,,,
2025-04-19,,,,
2025-04-20,,,,
2025-04-21,,114.114,,
2025-04-22,,137.951,,
2025-04-23,606632.0,171.78,6726930.0,6120126.22
2025-04-24,,130.004,,
2025-04-25,,94.021,,
2025-04-26,,,,
2025-04-27,,,,
2025-04-28,,148.649,,
2025-04-29,,157.537,,
2025-04-30,595741.0,250.601,6709277.0,6113285.399
2025-05-01,,157.353,,
2025-05-02,,147.882,,
2025-05-03,,,,
2025-05-04,,,,
2025-05-05,,124.69,,
2025-05-06,,129.858,,
2025-05-07,583727.0,154.859,6710889.0,6127007.141
2025-05-08,,139.768,,
2025-05-09,,142.272,,
2025-05-10,,,,
2025-05-11,,,,
2025-05-12,,147.505,,
2025-05-13,,144.214,,
2025-05-14,575846.0,165.024,6713270.0,6137258.976
2025-05-15,,109.436,,
2025-05-16,,136.799,,
2025-05-17,,,,
2025-05-18,,,,
2025-05-19,,180.417,,
2025-05-20,,136.033,,
2025-05-21,503055.0,162.802,6688726.0,6185508.198
2025-05-22,,173.018,,
2025-05-23,,154.841,,
2025-05-24,,,,
2025-05-25,,,,
2025-05-26,,,,
2025-05-27,,138.066,,
2025-05-28,467204.0,173.641,6673244.0,6205866.359
2025-05-29,,165.66,,
2025-05-30,,315.657,,
2025-05-31,,,,
2025-06-01,,,,
2025-06-02,,135.841,,
2025-06-03,,153.177,,
2025-06-04,378947.0,168.882,6672885.0,6293769.118
2025-06-05,,152.727,,
2025-06-06,,149.284,,
2025-06-07,,,,
2025-06-08,,,,
2025-06-09,,179.315,,
2025-06-10,,182.725,,
2025-06-11,332907.0,204.625,6677155.0,6344043.375
2025-06-12,,181.417,,
2025-06-13,,168.645,,
2025-06-14,,,,
2025-06-15,,,,
2025-06-16,,140.759,,
2025-06-17,,168.939,,
2025-06-18,337762.0,205.05,6681056.0,6343088.95
2025-06-19,,,,
2025-06-20,,138.283,,
2025-06-21,,,,
2025-06-22,,,,
2025-06-23,,165.319,,
2025-06-24,,187.367,,
2025-06-25,364375.0,210.879,6662200.0,6297614.121
2025-06-26,,252.432,,
2025-06-27,,285.742,,
2025-06-28,,,,
2025-06-29,,,,
2025-06-30,,460.731,,
2025-07-01,,245.53,,
2025-07-02,359516.0,237.307,6659598.0,6299844.693
2025-07-03,,214.665,,
2025-07-04,,,,
2025-07-05,,,,
2025-07-06,,,,
2025-07-07,,218.03,,
2025-07-08,,219.415,,
2025-07-09,319889.0,227.273,6661912.0,6341795.727
2025-07-10,,183.339,,
2025-07-11,,181.637,,
2025-07-12,,,,
2025-07-13,,,,
2025-07-14,,217.841,,
2025-07-15,,198.277,,
2025-07-16,296247.0,197.086,6659273.0,6362828.914
2025-07-17,,193.66,,
2025-07-18,,199.298,,
2025-07-19,,,,
2025-07-20,,,,
2025-07-21,,213.666,,
2025-07-22,,196.374,,
2025-07-23,323176.0,189.632,6657715.0,6334349.368
2025-07-24,,132.186,,
2025-07-25,,150.509,,
2025-07-26,,,,
2025-07-27,,,,
2025-07-28,,170.463,,
2025-07-29,,171.018,,
2025-07-30,370507.0,155.481,6642578.0,6271915.519
2025-07-31,,214.445,,
2025-08-01,,97.426,,
2025-08-02,,,,
2025-08-03,,,,
2025-08-04,,125.73,,
2025-08-05,,84.356,,
2025-08-06,421043.0,91.966,6640843.0,6219708.034
2025-08-07,,77.961,,
2025-08-08,,80.303,,
2025-08-09,,,,
2025-08-10,,,,
2025-08-11,,82.214,,
2025-08-12,,57.492,,
2025-08-13,504304.0,57.202,6643615.0,6139253.798
2025-08-14,,28.818,,
2025-08-15,,33.757,,
2025-08-16,,,,
2025-08-17,,,,
2025-08-18,,38.24,,
2025-08-19,,22.344,,
2025-08-20,519534.0,34.999,6618415.0,6098846.001
2025-08-21,,25.358,,
2025-08-22,,36.275,,
2025-08-23,,,,
2025-08-24,,,,
2025-08-25,,47.567,,
2025-08-26,,28.574,,
2025-08-27,589998.0,34.744,6603384.0,6013351.256
2025-08-28,,31.966,,
2025-08-29,,77.898,,
2025-08-30,,,,
2025-08-31,,,,
2025-09-01,,,,
2025-09-02,,21.066,,
2025-09-03,597513.0,17.923,6602071.0,6004540.077
2025-09-04,,20.128,,
2025-09-05,,20.997,,
2025-09-06,,,,
2025-09-07,,,,
2025-09-08,,19.416,,
2025-09-09,,22.915,,
2025-09-10,672274.0,29.4,6605962.0,5933658.6
2025-09-11,,26.897,,
2025-09-12,,17.331,,
2025-09-13,,,,
2025-09-14,,,,
2025-09-15,,16.954,,
2025-09-16,,18.817,,
2025-09-17,756376.0,13.963,6608597.0,5852207.037
2025-09-18,,13.707,,
2025-09-19,,11.363,,
2025-09-20,,,,
2025-09-21,,,,
2025-09-22,,14.173,,
2025-09-23,,14.402,,
2025-09-24,804856.0,29.172,6608395.0,5803509.828
2025-09-25,,25.369,,
2025-09-26,,48.073,,
2025-09-27,,,,
2025-09-28,,,,
2025-09-29,,56.22,,
2025-09-30,,49.071,,
2025-10-01,805139.0,10.179,6587119.0,5781969.821
2025-10-02,,8.436,,
2025-10-03,,25.392,,
2025-10-04,,,,
2025-10-05,,,,
2025-10-06,,21.776,,
2025-10-07,,4.622,,
2025-10-08,807428.0,5.231,6590815.0,5783381.769
2025-10-09,,4.496,,
2025-10-10,,4.124,,
2025-10-11,,,,
2025-10-12,,,,
2025-10-13,,,,
2025-10-14,,3.516,,
2025-10-15,809593.0,5.484,6596454.0,5786855.516
2025-10-16,,6.96,,
2025-10-17,,4.102,,
2025-10-18,,,,
2025-10-19,,,,
2025-10-20,,5.931,,
2025-10-21,,4.699,,
2025-10-22,908001.0,4.005,6589533.0,5681527.995
2025-10-23,,6.941,,
2025-10-24,,2.435,,
2025-10-25,,,,
2025-10-26,,,,
2025-10-27,,10.642,,
2025-10-28,,14.096,,
2025-10-29,957990.0,19.504,6587034.0,5629024.496
2025-10-30,,19.166,,
2025-10-31,,51.802,,
2025-11-01,,,,
2025-11-02,,,,
2025-11-03,,23.792,,
2025-11-04,,16.983,,
2025-11-05,940979.0,12.814,6572732.0,5631740.186
2025-11-06,,10.754,,
2025-11-07,,4.903,,
2025-11-08,,,,
2025-11-09,,,,
2025-11-10,,7.152,,
2025-11-11,,,,
2025-11-12,953816.0,5.886,6580462.0,5626640.114
2025-11-13,,3.761,,
2025-11-14,,1.559,,
2025-11-15,,,,
2025-11-16,,,,
2025-11-17,,3.172,,
2025-11-18,,0.905,,
2025-11-19,941926.0,1.129,6555283.0,5613355.871
2025-11-20,,6.52,,
2025-11-21,,2.503,,
2025-11-22,,,,
2025-11-23,,,,
2025-11-24,,1.077,,
2025-11-25,,2.314,,
2025-11-26,903394.0,2.217,6552419.0,5649022.783
2025-11-27,,,,
2025-11-28,,7.561,,
2025-11-29,,,,
2025-11-30,,,,
2025-12-01,,3.24,,
2025-12-02,,5.62,,
2025-12-03,937167.0,2.514,6535781.0,5598611.486
2025-12-04,,2.233,,
2025-12-05,,1.485,,
2025-12-06,,,,
2025-12-07,,,,
2025-12-08,,1.703,,
2025-12-09,,3.211,,
2025-12-10,858946.0,5.045,6539303.0,5680351.955
2025-12-11,,2.874,,
2025-12-12,,0.838,,
2025-12-13,,,,
2025-12-14,,,,
2025-12-15,,2.601,,
2025-12-16,,1.554,,
2025-12-17,833093.0,10.361,6556861.0,5723757.639
2025-12-18,,11.708,,
2025-12-19,,3.047,,
2025-12-20,,,,
2025-12-21,,,,
2025-12-22,,1.523,,
2025-12-23,,5.893,,
2025-12-24,837120.0,4.803,6581231.0,5744106.197
2025-12-25,,,,
2025-12-26,,20.339,,
2025-12-27,,,,
2025-12-28,,,,
2025-12-29,,10.551,,
2025-12-30,,12.605,,
2025-12-31,837306.0,105.993,6640618.0,5803206.007
2026-01-01,,,,
2026-01-02,,5.667,,
2026-01-03,,,,
2026-01-04,,,,
2026-01-05,,6.485,,
2026-01-06,,2.582,,
2026-01-07,796148.0,4.582,6573602.0,5777449.418
2026-01-08,,3.083,,
2026-01-09,,3.28,,
2026-01-10,,,,
2026-01-11,,,,
2026-01-12,,3.402,,
2026-01-13,,3.277,,
2026-01-14,779175.0,3.223,6581700.0,5802521.777
2026-01-15,,2.003,,
2026-01-16,,1.222,,
2026-01-17,,,,
2026-01-18,,,,
2026-01-19,,,,
2026-01-20,,3.506,,
2026-01-21,869261.0,3.344,6584580.0,5715315.656
2026-01-22,,2.058,,
2026-01-23,,0.927,,
2026-01-24,,,,
2026-01-25,,,,
2026-01-26,,1.489,,
2026-01-27,,1.253,,
2026-01-28,923042.0,1.103,6587568.0,5664524.897
2026-01-29,,2.852,,
2026-01-30,,9.629,,
2026-01-31,,,,
2026-02-01,,,,
2026-02-02,,10.415,,
2026-02-03,,1.785,,
2026-02-04,908773.0,2.414,6605909.0,5697133.586
2026-02-05,,1.748,,
2026-02-06,,3.111,,
2026-02-07,,,,
2026-02-08,,,,
2026-02-09,,1.306,,
2026-02-10,,1.447,,
2026-02-11,915306.0,1.048,6622382.0,5707074.952
2026-02-12,,2.844,,
2026-02-13,,0.377,,
2026-02-14,,,,
2026-02-15,,,,
2026-02-16,,,,
2026-02-17,,0.441,,
2026-02-18,912727.0,0.856,6613395.0,5700667.144
2026-02-19,,0.632,,
2026-02-20,,0.496,,
2026-02-21,,,,
2026-02-22,,,,
2026-02-23,,0.877,,
2026-02-24,,0.917,,
2026-02-25,887612.0,1.159,6613797.0,5726183.841
2026-02-26,,3.796,,
2026-02-27,,16.318,,
2026-02-28,,,,
2026-03-01,,,,
2026-03-02,,0.627,,
2026-03-03,,1.203,,
2026-03-04,832053.0,0.877,6628894.0,5796840.123
2026-03-05,,2.793,,
2026-03-06,,1.512,,
2026-03-07,,,,
2026-03-08,,,,
2026-03-09,,0.332,,
2026-03-10,,0.278,,
2026-03-11,838186.0,0.552,6646344.0,5808157.448
2026-03-12,,0.137,,
2026-03-13,,0.427,,
2026-03-14,,,,
2026-03-15,,,,
2026-03-16,,,,
