date,portfolio_return_pct,benchmark_return_pct,alpha_vs_spy_pct,cash_weight,w_XLF,w_XLI,w_XLK,w_XLY,r_XLF,r_XLI,r_XLK,r_XLY,contrib_XLF,contrib_XLI,contrib_XLK,contrib_XLY,contrib_CASH,w_XLP,w_XLRE,w_XLV,r_XLP,r_XLRE,r_XLV,contrib_XLP,contrib_XLRE,contrib_XLV,w_XLU,r_XLU,contrib_XLU
2026-04-17,1.1536,1.2086,-0.055,35.0,5.2,22.4,22.4,14.9,0.7688,1.867,1.5327,2.3633,0.04,0.4182,0.3433,0.3521,0.0,,,,,,,,,,,,
2026-04-18,0.9301,1.2086,-0.2785,32.0,21.2,14.9,31.9,,0.7688,1.867,1.5327,,0.163,0.2782,0.4889,,0.0,,,,,,,,,,,,
2026-04-19,1.2819,1.2086,0.0733,26.0,4.9,25.8,31.4,11.9,0.7688,1.867,1.5327,2.3633,0.0377,0.4817,0.4813,0.2812,0.0,,,,,,,,,,,,
2026-04-20,0.0674,-0.2,0.2674,25.0,5.0,26.2,31.8,12.0,0.3815,0.2248,0.136,-0.4485,0.0191,0.0589,0.0433,-0.0538,0.0,,,,,,,,,,,,
2026-04-21,-0.2778,-0.6547,0.3769,67.0,2.2,8.4,7.8,5.3,-0.627,-1.4146,0.0841,-0.7508,-0.0138,-0.1188,0.0066,-0.0398,0.0,3.1,3.1,3.1,-0.6676,-1.9265,-1.0175,-0.0207,-0.0597,-0.0315,,,
2026-04-22,0.2062,1.0127,-0.8065,65.1,2.1,8.1,10.6,5.1,-0.1721,-0.2333,2.1979,-0.0336,-0.0036,-0.0189,0.233,-0.0017,0.0,3.0,3.0,3.0,0.3299,-0.7309,0.3152,0.0099,-0.0219,0.0095,,,
2026-04-23,-0.2059,-0.3881,0.1822,49.1,3.7,14.3,23.9,9.0,-0.7853,1.7715,-1.4232,-1.0006,-0.0291,0.2533,-0.3402,-0.0901,0.0,,,,,,,,,,,,
2026-04-24,-0.2627,0.7749,-1.0376,64.9,3.3,2.3,,,-0.7336,-0.9192,,,-0.0242,-0.0211,,,0.0,13.1,,13.1,-0.2995,,-1.4087,-0.0392,,-0.1845,3.3,0.1953,0.0064
2026-04-25,-0.4174,0.7749,-1.1923,44.1,,10.9,,,,-0.9192,,,,-0.1002,,,0.0,19.3,,19.3,-0.2995,,-1.4087,-0.0578,,-0.2719,6.4,0.1953,0.0125
